country,date,year_month,export_value,import_value,trade_balance
가나,2024-01-01,2024-01,15413,864,14548
가나,2024-02-01,2024-02,17445,1691,15754
가나,2024-03-01,2024-03,12351,2894,9457
가나,2024-04-01,2024-04,16306,3459,12846
가나,2024-05-01,2024-05,13404,5249,8154
가나,2024-06-01,2024-06,13143,3075,10067
가나,2024-07-01,2024-07,12673,5032,7641
가나,2024-08-01,2024-08,13755,11206,2549
가나,2024-09-01,2024-09,13132,4043,9089
가나,2024-10-01,2024-10,18882,5324,13558
가나,2024-11-01,2024-11,18999,5967,13032
가나,2024-12-01,2024-12,23582,6676,16906
가나,2025-01-01,2025-01,17113,6487,10626
가나,2025-02-01,2025-02,30086,14214,15873
가나,2025-03-01,2025-03,23199,10004,13195
가나,2025-04-01,2025-04,28315,17837,10478
가나,2025-05-01,2025-05,13751,10619,3132
가나,2025-06-01,2025-06,17430,11894,5535
가나,2025-07-01,2025-07,24078,11402,12675
가나,2025-08-01,2025-08,19808,5119,14689
가나,2025-09-01,2025-09,31014,4015,26999
가나,2025-10-01,2025-10,21044,5195,15849
가나,2025-11-01,2025-11,17147,3959,13188
가나,2025-12-01,2025-12,31124,3882,27242
가나,2026-01-01,2026-01,20492,4658,15834
가나,2026-02-01,2026-02,23267,4541,18726
가나,2026-03-01,2026-03,20311,7570,12740
가나,2026-04-01,2026-04,24274,4330,19944
가나,2026-05-01,2026-05,22868,11078,11790
가나,2026-06-01,2026-06,33533,6902,26631
가나,2026-07-01,2026-07,32236,3423,28813
가봉,2024-01-01,2024-01,1712,94,1618
가봉,2024-02-01,2024-02,1265,10,1255
가봉,2024-03-01,2024-03,2340,2240,100
가봉,2024-04-01,2024-04,1912,2513,-600
가봉,2024-05-01,2024-05,1597,200,1396
가봉,2024-06-01,2024-06,1111,1858,-748
가봉,2024-07-01,2024-07,1202,87,1115
가봉,2024-08-01,2024-08,1734,9000,-7266
가봉,2024-09-01,2024-09,1571,60,1510
가봉,2024-10-01,2024-10,2158,4452,-2295
가봉,2024-11-01,2024-11,2443,3050,-607
가봉,2024-12-01,2024-12,2184,0,2184
가봉,2025-01-01,2025-01,1382,79,1303
가봉,2025-02-01,2025-02,1229,6434,-5205
가봉,2025-03-01,2025-03,1951,173,1778
가봉,2025-04-01,2025-04,1774,468,1306
가봉,2025-05-01,2025-05,1602,70122,-68520
가봉,2025-06-01,2025-06,1374,5495,-4122
가봉,2025-07-01,2025-07,2715,3030,-316
가봉,2025-08-01,2025-08,2105,33,2073
가봉,2025-09-01,2025-09,2054,125,1929
가봉,2025-10-01,2025-10,2138,2467,-329
가봉,2025-11-01,2025-11,1487,439,1048
가봉,2025-12-01,2025-12,1662,167,1495
가봉,2026-01-01,2026-01,1515,360,1155
가봉,2026-02-01,2026-02,1364,4222,-2858
가봉,2026-03-01,2026-03,1892,159,1732
가봉,2026-04-01,2026-04,1595,89,1507
가봉,2026-05-01,2026-05,1477,254164,-252687
가봉,2026-06-01,2026-06,2113,2963,-850
가봉,2026-07-01,2026-07,1713,124458,-122745
가이아나,2024-01-01,2024-01,2054,0,2054
가이아나,2024-02-01,2024-02,2397,4,2393
가이아나,2024-03-01,2024-03,3708,43,3665
가이아나,2024-04-01,2024-04,1889,0,1889
가이아나,2024-05-01,2024-05,3332,0,3332
가이아나,2024-06-01,2024-06,4206,388,3819
가이아나,2024-07-01,2024-07,3819,0,3819
가이아나,2024-08-01,2024-08,3536,0,3536
가이아나,2024-09-01,2024-09,2962,0,2962
가이아나,2024-10-01,2024-10,3625,0,3625
가이아나,2024-11-01,2024-11,2160,43,2117
가이아나,2024-12-01,2024-12,2682,0,2682
가이아나,2025-01-01,2025-01,4547,49,4499
가이아나,2025-02-01,2025-02,1916,138,1778
가이아나,2025-03-01,2025-03,3422,147,3276
가이아나,2025-04-01,2025-04,3708,47,3661
가이아나,2025-05-01,2025-05,3511,2,3509
가이아나,2025-06-01,2025-06,3700,7,3693
가이아나,2025-07-01,2025-07,4109,533,3576
가이아나,2025-08-01,2025-08,3193,152,3041
가이아나,2025-09-01,2025-09,4202,149,4053
가이아나,2025-10-01,2025-10,2138,11,2127
가이아나,2025-11-01,2025-11,3988,64,3924
가이아나,2025-12-01,2025-12,4595,20542,-15946
가이아나,2026-01-01,2026-01,3786,166,3620
가이아나,2026-02-01,2026-02,3370,259,3111
가이아나,2026-03-01,2026-03,4191,841,3350
가이아나,2026-04-01,2026-04,4114,693,3420
가이아나,2026-05-01,2026-05,5715,46,5669
가이아나,2026-06-01,2026-06,3051,2,3048
가이아나,2026-07-01,2026-07,3726,744,2982
감비아,2024-01-01,2024-01,460,679,-219
감비아,2024-02-01,2024-02,218,386,-168
감비아,2024-03-01,2024-03,407,1358,-951
감비아,2024-04-01,2024-04,250,678,-428
감비아,2024-05-01,2024-05,224,656,-432
감비아,2024-06-01,2024-06,496,550,-54
감비아,2024-07-01,2024-07,113,936,-823
감비아,2024-08-01,2024-08,261,405,-144
감비아,2024-09-01,2024-09,302,715,-412
감비아,2024-10-01,2024-10,480,436,45
감비아,2024-11-01,2024-11,269,457,-188
감비아,2024-12-01,2024-12,216,456,-240
감비아,2025-01-01,2025-01,257,877,-619
감비아,2025-02-01,2025-02,445,714,-269
감비아,2025-03-01,2025-03,170,360,-190
감비아,2025-04-01,2025-04,182,924,-743
감비아,2025-05-01,2025-05,231,1627,-1397
감비아,2025-06-01,2025-06,191,917,-726
감비아,2025-07-01,2025-07,311,734,-423
감비아,2025-08-01,2025-08,305,1080,-775
감비아,2025-09-01,2025-09,597,299,298
감비아,2025-10-01,2025-10,285,199,86
감비아,2025-11-01,2025-11,804,434,370
감비아,2025-12-01,2025-12,536,1094,-558
감비아,2026-01-01,2026-01,338,1293,-954
감비아,2026-02-01,2026-02,334,994,-660
감비아,2026-03-01,2026-03,553,1048,-494
감비아,2026-04-01,2026-04,390,3052,-2662
감비아,2026-05-01,2026-05,736,1330,-594
감비아,2026-06-01,2026-06,536,1001,-466
감비아,2026-07-01,2026-07,674,1670,-996
건지,2024-01-01,2024-01,7,2,5
건지,2024-02-01,2024-02,2,2,0
건지,2024-03-01,2024-03,7,9,-2
건지,2024-04-01,2024-04,0,0,0
건지,2024-05-01,2024-05,0,5,-5
건지,2024-06-01,2024-06,0,3,-3
건지,2024-07-01,2024-07,5,2,2
건지,2024-08-01,2024-08,0,2,-2
건지,2024-09-01,2024-09,0,0,0
건지,2024-10-01,2024-10,3,0,3
건지,2024-11-01,2024-11,1,0,1
건지,2024-12-01,2024-12,1,0,0
건지,2025-01-01,2025-01,0,0,0
건지,2025-02-01,2025-02,3,1,1
건지,2025-03-01,2025-03,0,0,0
건지,2025-04-01,2025-04,1,0,1
건지,2025-05-01,2025-05,4,0,4
건지,2025-06-01,2025-06,1,2,-1
건지,2025-07-01,2025-07,1,0,1
건지,2025-08-01,2025-08,1,0,1
건지,2025-09-01,2025-09,3,0,3
건지,2025-10-01,2025-10,1,42,-41
건지,2025-11-01,2025-11,7,0,7
건지,2025-12-01,2025-12,5,6,-1
건지,2026-01-01,2026-01,1,0,1
건지,2026-02-01,2026-02,0,0,0
건지,2026-03-01,2026-03,0,0,0
건지,2026-04-01,2026-04,10,0,10
건지,2026-05-01,2026-05,1,0,0
건지,2026-06-01,2026-06,1,0,1
건지,2026-07-01,2026-07,0,0,0
과델로프,2024-01-01,2024-01,639,0,639
과델로프,2024-02-01,2024-02,415,0,415
과델로프,2024-03-01,2024-03,487,36,452
과델로프,2024-04-01,2024-04,50,0,50
과델로프,2024-05-01,2024-05,974,56,918
과델로프,2024-06-01,2024-06,546,0,546
과델로프,2024-07-01,2024-07,232,1,230
과델로프,2024-08-01,2024-08,594,0,594
과델로프,2024-09-01,2024-09,1683,0,1683
과델로프,2024-10-01,2024-10,3209,0,3209
과델로프,2024-11-01,2024-11,1083,1,1082
과델로프,2024-12-01,2024-12,1543,0,1543
과델로프,2025-01-01,2025-01,1006,0,1006
과델로프,2025-02-01,2025-02,634,0,634
과델로프,2025-03-01,2025-03,1576,0,1576
과델로프,2025-04-01,2025-04,1103,0,1103
과델로프,2025-05-01,2025-05,769,0,769
과델로프,2025-06-01,2025-06,1111,0,1111
과델로프,2025-07-01,2025-07,56,0,56
과델로프,2025-08-01,2025-08,3362,0,3362
과델로프,2025-09-01,2025-09,807,4,802
과델로프,2025-10-01,2025-10,2360,0,2360
과델로프,2025-11-01,2025-11,665,0,665
과델로프,2025-12-01,2025-12,2054,1,2053
과델로프,2026-01-01,2026-01,1045,0,1045
과델로프,2026-02-01,2026-02,873,3,870
과델로프,2026-03-01,2026-03,465,0,465
과델로프,2026-04-01,2026-04,979,0,979
과델로프,2026-05-01,2026-05,394,0,394
과델로프,2026-06-01,2026-06,797,0,797
과델로프,2026-07-01,2026-07,2091,0,2091
과테말라,2024-01-01,2024-01,27723,7521,20202
과테말라,2024-02-01,2024-02,25973,4685,21288
과테말라,2024-03-01,2024-03,35313,5840,29473
과테말라,2024-04-01,2024-04,29134,32126,-2991
과테말라,2024-05-01,2024-05,25999,8052,17947
과테말라,2024-06-01,2024-06,21435,11177,10258
과테말라,2024-07-01,2024-07,22463,9789,12674
과테말라,2024-08-01,2024-08,23070,13983,9087
과테말라,2024-09-01,2024-09,14162,10859,3304
과테말라,2024-10-01,2024-10,22133,10613,11519
과테말라,2024-11-01,2024-11,20521,9684,10837
과테말라,2024-12-01,2024-12,19540,6745,12796
과테말라,2025-01-01,2025-01,18324,7332,10992
과테말라,2025-02-01,2025-02,18940,5758,13182
과테말라,2025-03-01,2025-03,27087,7786,19301
과테말라,2025-04-01,2025-04,27477,11032,16444
과테말라,2025-05-01,2025-05,17543,15937,1605
과테말라,2025-06-01,2025-06,23793,10150,13643
과테말라,2025-07-01,2025-07,22402,8743,13659
과테말라,2025-08-01,2025-08,36883,11396,25486
과테말라,2025-09-01,2025-09,23369,8578,14791
과테말라,2025-10-01,2025-10,22692,7083,15609
과테말라,2025-11-01,2025-11,25509,4437,21072
과테말라,2025-12-01,2025-12,24732,4004,20728
과테말라,2026-01-01,2026-01,22612,5240,17373
과테말라,2026-02-01,2026-02,23837,5812,18025
과테말라,2026-03-01,2026-03,28804,6633,22171
과테말라,2026-04-01,2026-04,26398,13838,12560
과테말라,2026-05-01,2026-05,26875,9063,17812
과테말라,2026-06-01,2026-06,25456,17286,8170
과테말라,2026-07-01,2026-07,23265,9966,13299
괌,2024-01-01,2024-01,12855,574,12280
괌,2024-02-01,2024-02,21869,521,21348
괌,2024-03-01,2024-03,15944,594,15350
괌,2024-04-01,2024-04,47506,507,46998
괌,2024-05-01,2024-05,7373,623,6750
괌,2024-06-01,2024-06,39956,479,39477
괌,2024-07-01,2024-07,15627,601,15026
괌,2024-08-01,2024-08,33972,492,33480
괌,2024-09-01,2024-09,5364,589,4775
괌,2024-10-01,2024-10,34063,597,33465
괌,2024-11-01,2024-11,18115,686,17430
괌,2024-12-01,2024-12,8486,390,8095
괌,2025-01-01,2025-01,43488,480,43009
괌,2025-02-01,2025-02,7383,721,6662
괌,2025-03-01,2025-03,33005,609,32396
괌,2025-04-01,2025-04,95760,643,95117
괌,2025-05-01,2025-05,13076,363,12713
괌,2025-06-01,2025-06,70959,561,70398
괌,2025-07-01,2025-07,14470,419,14051
괌,2025-08-01,2025-08,11480,1162,10317
괌,2025-09-01,2025-09,33522,552,32969
괌,2025-10-01,2025-10,32893,602,32291
괌,2025-11-01,2025-11,38865,580,38285
괌,2025-12-01,2025-12,64292,723,63569
괌,2026-01-01,2026-01,33847,262,33585
괌,2026-02-01,2026-02,72085,416,71669
괌,2026-03-01,2026-03,54605,276,54329
괌,2026-04-01,2026-04,115903,878,115025
괌,2026-05-01,2026-05,97984,325,97659
괌,2026-06-01,2026-06,110566,1136,109430
괌,2026-07-01,2026-07,121952,428,121524
교황청,2024-01-01,2024-01,0,0,0
교황청,2024-02-01,2024-02,0,0,0
교황청,2024-03-01,2024-03,0,0,0
교황청,2024-04-01,2024-04,2,0,2
교황청,2024-05-01,2024-05,2,0,1
교황청,2024-06-01,2024-06,3,0,3
교황청,2024-07-01,2024-07,0,0,0
교황청,2024-08-01,2024-08,1,0,1
교황청,2024-09-01,2024-09,1,0,1
교황청,2024-10-01,2024-10,2,0,2
교황청,2024-11-01,2024-11,0,0,0
교황청,2024-12-01,2024-12,1,0,1
교황청,2025-01-01,2025-01,2,0,2
교황청,2025-02-01,2025-02,1,1,0
교황청,2025-03-01,2025-03,2,0,2
교황청,2025-04-01,2025-04,1,0,1
교황청,2025-05-01,2025-05,2,0,2
교황청,2025-06-01,2025-06,1,0,1
교황청,2025-07-01,2025-07,2,0,2
교황청,2025-08-01,2025-08,2,0,2
교황청,2025-09-01,2025-09,3,0,3
교황청,2025-10-01,2025-10,1,0,1
교황청,2025-11-01,2025-11,4,0,4
교황청,2025-12-01,2025-12,4,0,4
교황청,2026-01-01,2026-01,1,1,0
교황청,2026-02-01,2026-02,2,0,2
교황청,2026-03-01,2026-03,6,0,6
교황청,2026-04-01,2026-04,1,0,1
교황청,2026-05-01,2026-05,2,0,2
교황청,2026-06-01,2026-06,3,0,3
교황청,2026-07-01,2026-07,0,0,0
국제통화기금,2024-01-01,2024-01,0,0,0
국제통화기금,2024-02-01,2024-02,0,0,0
국제통화기금,2024-03-01,2024-03,0,0,0
국제통화기금,2024-04-01,2024-04,0,0,0
국제통화기금,2024-05-01,2024-05,0,0,0
국제통화기금,2024-06-01,2024-06,0,0,0
국제통화기금,2024-07-01,2024-07,0,0,0
국제통화기금,2024-08-01,2024-08,0,0,0
국제통화기금,2024-09-01,2024-09,0,0,0
국제통화기금,2024-10-01,2024-10,0,0,0
국제통화기금,2024-11-01,2024-11,0,0,0
국제통화기금,2024-12-01,2024-12,0,0,0
국제통화기금,2025-01-01,2025-01,0,0,0
국제통화기금,2025-02-01,2025-02,0,0,0
국제통화기금,2025-03-01,2025-03,0,0,0
국제통화기금,2025-04-01,2025-04,0,0,0
국제통화기금,2025-05-01,2025-05,0,0,0
국제통화기금,2025-06-01,2025-06,0,99,-99
국제통화기금,2025-07-01,2025-07,0,0,0
국제통화기금,2025-08-01,2025-08,0,0,0
국제통화기금,2025-09-01,2025-09,0,14,-14
국제통화기금,2025-10-01,2025-10,0,0,0
국제통화기금,2025-11-01,2025-11,0,0,0
국제통화기금,2025-12-01,2025-12,0,0,0
국제통화기금,2026-01-01,2026-01,69,0,69
국제통화기금,2026-02-01,2026-02,1900,21,1878
국제통화기금,2026-03-01,2026-03,2401,0,2401
국제통화기금,2026-04-01,2026-04,0,0,0
국제통화기금,2026-05-01,2026-05,0,0,0
국제통화기금,2026-06-01,2026-06,0,0,0
국제통화기금,2026-07-01,2026-07,0,0,0
그레나다,2024-01-01,2024-01,382,0,382
그레나다,2024-02-01,2024-02,518,0,518
그레나다,2024-03-01,2024-03,108,0,108
그레나다,2024-04-01,2024-04,157,22,135
그레나다,2024-05-01,2024-05,231,0,231
그레나다,2024-06-01,2024-06,922,2,920
그레나다,2024-07-01,2024-07,244,0,244
그레나다,2024-08-01,2024-08,313,0,312
그레나다,2024-09-01,2024-09,371,19,352
그레나다,2024-10-01,2024-10,336,1,335
그레나다,2024-11-01,2024-11,86,0,86
그레나다,2024-12-01,2024-12,456,0,456
그레나다,2025-01-01,2025-01,367,1,366
그레나다,2025-02-01,2025-02,2033,0,2033
그레나다,2025-03-01,2025-03,309,0,309
그레나다,2025-04-01,2025-04,83,0,83
그레나다,2025-05-01,2025-05,175,0,175
그레나다,2025-06-01,2025-06,419,0,419
그레나다,2025-07-01,2025-07,37,0,37
그레나다,2025-08-01,2025-08,171,0,171
그레나다,2025-09-01,2025-09,516,0,516
그레나다,2025-10-01,2025-10,187,0,187
그레나다,2025-11-01,2025-11,270,0,270
그레나다,2025-12-01,2025-12,854,0,854
그레나다,2026-01-01,2026-01,1325,0,1325
그레나다,2026-02-01,2026-02,1076,0,1076
그레나다,2026-03-01,2026-03,3963,0,3963
그레나다,2026-04-01,2026-04,2912,0,2912
그레나다,2026-05-01,2026-05,1602,0,1602
그레나다,2026-06-01,2026-06,771,0,771
그레나다,2026-07-01,2026-07,1030,0,1030
그리스,2024-01-01,2024-01,249217,219499,29718
그리스,2024-02-01,2024-02,41120,6528,34592
그리스,2024-03-01,2024-03,45450,165821,-120370
그리스,2024-04-01,2024-04,123959,136776,-12817
그리스,2024-05-01,2024-05,127150,171269,-44119
그리스,2024-06-01,2024-06,105432,95386,10045
그리스,2024-07-01,2024-07,28337,15406,12930
그리스,2024-08-01,2024-08,229818,24092,205725
그리스,2024-09-01,2024-09,35048,104137,-69089
그리스,2024-10-01,2024-10,103081,12503,90579
그리스,2024-11-01,2024-11,249802,13466,236335
그리스,2024-12-01,2024-12,47954,127559,-79604
그리스,2025-01-01,2025-01,27196,93660,-66464
그리스,2025-02-01,2025-02,48244,13754,34490
그리스,2025-03-01,2025-03,44564,55478,-10915
그리스,2025-04-01,2025-04,53697,30504,23194
그리스,2025-05-01,2025-05,139403,7830,131573
그리스,2025-06-01,2025-06,41743,21012,20731
그리스,2025-07-01,2025-07,44421,18444,25976
그리스,2025-08-01,2025-08,40969,6499,34470
그리스,2025-09-01,2025-09,333496,18329,315167
그리스,2025-10-01,2025-10,20070,78100,-58030
그리스,2025-11-01,2025-11,33903,70678,-36775
그리스,2025-12-01,2025-12,123457,68578,54880
그리스,2026-01-01,2026-01,359956,82167,277790
그리스,2026-02-01,2026-02,47947,43935,4012
그리스,2026-03-01,2026-03,343597,136821,206775
그리스,2026-04-01,2026-04,358425,99406,259019
그리스,2026-05-01,2026-05,41198,14468,26731
그리스,2026-06-01,2026-06,124903,90571,34332
그리스,2026-07-01,2026-07,252219,63222,188998
그린랜드,2024-01-01,2024-01,5,205,-200
그린랜드,2024-02-01,2024-02,5,119,-114
그린랜드,2024-03-01,2024-03,3,320,-318
그린랜드,2024-04-01,2024-04,4,186,-183
그린랜드,2024-05-01,2024-05,6,178,-173
그린랜드,2024-06-01,2024-06,193,404,-210
그린랜드,2024-07-01,2024-07,69,151,-81
그린랜드,2024-08-01,2024-08,4,77,-73
그린랜드,2024-09-01,2024-09,10,67,-57
그린랜드,2024-10-01,2024-10,5,211,-206
그린랜드,2024-11-01,2024-11,5,303,-298
그린랜드,2024-12-01,2024-12,1,265,-264
그린랜드,2025-01-01,2025-01,3,282,-280
그린랜드,2025-02-01,2025-02,2,50,-48
그린랜드,2025-03-01,2025-03,4,187,-182
그린랜드,2025-04-01,2025-04,12,294,-282
그린랜드,2025-05-01,2025-05,4,263,-259
그린랜드,2025-06-01,2025-06,6,221,-215
그린랜드,2025-07-01,2025-07,72,238,-166
그린랜드,2025-08-01,2025-08,14,89,-75
그린랜드,2025-09-01,2025-09,9,1,8
그린랜드,2025-10-01,2025-10,5,80,-75
그린랜드,2025-11-01,2025-11,5,1,4
그린랜드,2025-12-01,2025-12,2,588,-586
그린랜드,2026-01-01,2026-01,8,181,-173
그린랜드,2026-02-01,2026-02,5,0,4
그린랜드,2026-03-01,2026-03,6,9,-4
그린랜드,2026-04-01,2026-04,8,313,-304
그린랜드,2026-05-01,2026-05,9,0,9
그린랜드,2026-06-01,2026-06,10,113,-103
그린랜드,2026-07-01,2026-07,4,5,-1
기네비소,2024-01-01,2024-01,0,79,-79
기네비소,2024-02-01,2024-02,0,66,-66
기네비소,2024-03-01,2024-03,70,46,24
기네비소,2024-04-01,2024-04,748,113,636
기네비소,2024-05-01,2024-05,79,164,-85
기네비소,2024-06-01,2024-06,0,102,-102
기네비소,2024-07-01,2024-07,3,102,-99
기네비소,2024-08-01,2024-08,174,0,174
기네비소,2024-09-01,2024-09,51,0,51
기네비소,2024-10-01,2024-10,11,83,-73
기네비소,2024-11-01,2024-11,60,649,-589
기네비소,2024-12-01,2024-12,5,0,5
기네비소,2025-01-01,2025-01,73,149,-77
기네비소,2025-02-01,2025-02,69,127,-58
기네비소,2025-03-01,2025-03,0,0,0
기네비소,2025-04-01,2025-04,599,50,549
기네비소,2025-05-01,2025-05,6,44,-38
기네비소,2025-06-01,2025-06,123,0,123
기네비소,2025-07-01,2025-07,9,239,-230
기네비소,2025-08-01,2025-08,66,69,-3
기네비소,2025-09-01,2025-09,11,4,7
기네비소,2025-10-01,2025-10,11,0,11
기네비소,2025-11-01,2025-11,0,0,0
기네비소,2025-12-01,2025-12,0,0,0
기네비소,2026-01-01,2026-01,0,0,0
기네비소,2026-02-01,2026-02,100,0,100
기네비소,2026-03-01,2026-03,0,0,0
기네비소,2026-04-01,2026-04,12,0,12
기네비소,2026-05-01,2026-05,0,89,-89
기네비소,2026-06-01,2026-06,0,66,-66
기네비소,2026-07-01,2026-07,144,0,144
기니,2024-01-01,2024-01,1720,2987,-1267
기니,2024-02-01,2024-02,2482,3760,-1277
기니,2024-03-01,2024-03,1113,7445,-6332
기니,2024-04-01,2024-04,1668,2809,-1140
기니,2024-05-01,2024-05,1303,3845,-2542
기니,2024-06-01,2024-06,852,3112,-2260
기니,2024-07-01,2024-07,1341,2352,-1011
기니,2024-08-01,2024-08,2235,2934,-699
기니,2024-09-01,2024-09,1423,1585,-162
기니,2024-10-01,2024-10,2256,1186,1070
기니,2024-11-01,2024-11,2003,791,1212
기니,2024-12-01,2024-12,866,2167,-1302
기니,2025-01-01,2025-01,2955,3972,-1017
기니,2025-02-01,2025-02,1452,4229,-2777
기니,2025-03-01,2025-03,4046,2786,1260
기니,2025-04-01,2025-04,3532,2936,596
기니,2025-05-01,2025-05,13176,1688,11489
기니,2025-06-01,2025-06,6521,2491,4030
기니,2025-07-01,2025-07,7360,1235,6124
기니,2025-08-01,2025-08,2458,1441,1017
기니,2025-09-01,2025-09,2701,2477,225
기니,2025-10-01,2025-10,1769,702,1067
기니,2025-11-01,2025-11,3088,22,3067
기니,2025-12-01,2025-12,1780,812,968
기니,2026-01-01,2026-01,2367,4460,-2093
기니,2026-02-01,2026-02,2430,763,1667
기니,2026-03-01,2026-03,4453,4723,-270
기니,2026-04-01,2026-04,2439,3278,-839
기니,2026-05-01,2026-05,3255,1781,1473
기니,2026-06-01,2026-06,4048,1354,2694
기니,2026-07-01,2026-07,3467,3121,346
기타국,2024-01-01,2024-01,8434,24039,-15605
기타국,2024-02-01,2024-02,3359,27789,-24430
기타국,2024-03-01,2024-03,5861,44770,-38909
기타국,2024-04-01,2024-04,5546,76578,-71032
기타국,2024-05-01,2024-05,2312,45923,-43611
기타국,2024-06-01,2024-06,2654,39829,-37175
기타국,2024-07-01,2024-07,8274,72534,-64261
기타국,2024-08-01,2024-08,4994,35340,-30346
기타국,2024-09-01,2024-09,5010,31073,-26063
기타국,2024-10-01,2024-10,5799,38533,-32734
기타국,2024-11-01,2024-11,6742,6473,268
기타국,2024-12-01,2024-12,11794,6834,4960
기타국,2025-01-01,2025-01,8412,28380,-19968
기타국,2025-02-01,2025-02,5725,12761,-7037
기타국,2025-03-01,2025-03,13665,13656,9
기타국,2025-04-01,2025-04,3874,17392,-13518
기타국,2025-05-01,2025-05,7466,5820,1646
기타국,2025-06-01,2025-06,12158,4116,8042
기타국,2025-07-01,2025-07,5335,5566,-231
기타국,2025-08-01,2025-08,7287,5906,1381
기타국,2025-09-01,2025-09,35320,8037,27283
기타국,2025-10-01,2025-10,11014,6189,4825
기타국,2025-11-01,2025-11,56741,5289,51452
기타국,2025-12-01,2025-12,8687,5038,3649
기타국,2026-01-01,2026-01,13364,3709,9655
기타국,2026-02-01,2026-02,7458,4777,2681
기타국,2026-03-01,2026-03,3807,9182,-5375
기타국,2026-04-01,2026-04,4635,8987,-4352
기타국,2026-05-01,2026-05,76005,8250,67756
기타국,2026-06-01,2026-06,11462,5039,6423
기타국,2026-07-01,2026-07,7468,7167,301
나미비아,2024-01-01,2024-01,667,74,592
나미비아,2024-02-01,2024-02,842,115,727
나미비아,2024-03-01,2024-03,276,66412,-66136
나미비아,2024-04-01,2024-04,4669,11105,-6436
나미비아,2024-05-01,2024-05,566,5925,-5359
나미비아,2024-06-01,2024-06,74,6,68
나미비아,2024-07-01,2024-07,294,44567,-44274
나미비아,2024-08-01,2024-08,173,168,4
나미비아,2024-09-01,2024-09,1307,86,1221
나미비아,2024-10-01,2024-10,1265,6,1259
나미비아,2024-11-01,2024-11,83,241,-158
나미비아,2024-12-01,2024-12,236,34,201
나미비아,2025-01-01,2025-01,298,67,232
나미비아,2025-02-01,2025-02,7766,1,7765
나미비아,2025-03-01,2025-03,114,60,55
나미비아,2025-04-01,2025-04,5104,486,4619
나미비아,2025-05-01,2025-05,352,72,279
나미비아,2025-06-01,2025-06,1440,15077,-13638
나미비아,2025-07-01,2025-07,267,16309,-16042
나미비아,2025-08-01,2025-08,167,439,-271
나미비아,2025-09-01,2025-09,5948,672,5276
나미비아,2025-10-01,2025-10,718,139,579
나미비아,2025-11-01,2025-11,1378,48,1331
나미비아,2025-12-01,2025-12,245,4283,-4038
나미비아,2026-01-01,2026-01,250,62,188
나미비아,2026-02-01,2026-02,204,34521,-34316
나미비아,2026-03-01,2026-03,484,12521,-12037
나미비아,2026-04-01,2026-04,408,5942,-5534
나미비아,2026-05-01,2026-05,311,112,198
나미비아,2026-06-01,2026-06,691,11,680
나미비아,2026-07-01,2026-07,905,6063,-5158
나우루,2024-01-01,2024-01,12,0,12
나우루,2024-02-01,2024-02,37,0,37
나우루,2024-03-01,2024-03,0,1,-1
나우루,2024-04-01,2024-04,0,4770,-4770
나우루,2024-05-01,2024-05,0,0,0
나우루,2024-06-01,2024-06,105,0,105
나우루,2024-07-01,2024-07,0,16,-16
나우루,2024-08-01,2024-08,0,1,-1
나우루,2024-09-01,2024-09,0,4048,-4048
나우루,2024-10-01,2024-10,9,0,9
나우루,2024-11-01,2024-11,0,0,0
나우루,2024-12-01,2024-12,0,0,0
나우루,2025-01-01,2025-01,0,4504,-4504
나우루,2025-02-01,2025-02,11,35,-24
나우루,2025-03-01,2025-03,0,0,0
나우루,2025-04-01,2025-04,20,6047,-6027
나우루,2025-05-01,2025-05,0,0,0
나우루,2025-06-01,2025-06,0,4841,-4841
나우루,2025-07-01,2025-07,31,0,31
나우루,2025-08-01,2025-08,0,4839,-4839
나우루,2025-09-01,2025-09,0,1,-1
나우루,2025-10-01,2025-10,0,1,-1
나우루,2025-11-01,2025-11,0,0,0
나우루,2025-12-01,2025-12,6,0,6
나우루,2026-01-01,2026-01,0,1,-1
나우루,2026-02-01,2026-02,0,0,0
나우루,2026-03-01,2026-03,0,2664,-2664
나우루,2026-04-01,2026-04,0,0,0
나우루,2026-05-01,2026-05,0,1,-1
나우루,2026-06-01,2026-06,0,16,-16
나우루,2026-07-01,2026-07,8,0,8
나이지리아,2024-01-01,2024-01,65258,65162,96
나이지리아,2024-02-01,2024-02,50248,81459,-31211
나이지리아,2024-03-01,2024-03,58391,58245,146
나이지리아,2024-04-01,2024-04,54891,41477,13413
나이지리아,2024-05-01,2024-05,40694,144853,-104159
나이지리아,2024-06-01,2024-06,32615,167521,-134906
나이지리아,2024-07-01,2024-07,59047,189201,-130155
나이지리아,2024-08-01,2024-08,56724,196637,-139913
나이지리아,2024-09-01,2024-09,52671,202254,-149583
나이지리아,2024-10-01,2024-10,52206,226468,-174262
나이지리아,2024-11-01,2024-11,60049,96600,-36551
나이지리아,2024-12-01,2024-12,66136,142009,-75873
나이지리아,2025-01-01,2025-01,41086,79948,-38862
나이지리아,2025-02-01,2025-02,46713,69543,-22830
나이지리아,2025-03-01,2025-03,41624,6509,35114
나이지리아,2025-04-01,2025-04,44672,40070,4602
나이지리아,2025-05-01,2025-05,41614,47410,-5796
나이지리아,2025-06-01,2025-06,39519,38446,1073
나이지리아,2025-07-01,2025-07,44302,48207,-3905
나이지리아,2025-08-01,2025-08,47844,79857,-32013
나이지리아,2025-09-01,2025-09,61071,9409,51662
나이지리아,2025-10-01,2025-10,43303,74770,-31467
나이지리아,2025-11-01,2025-11,34292,3595,30697
나이지리아,2025-12-01,2025-12,45800,67712,-21913
나이지리아,2026-01-01,2026-01,36194,108994,-72800
나이지리아,2026-02-01,2026-02,36093,47219,-11126
나이지리아,2026-03-01,2026-03,54720,36660,18060
나이지리아,2026-04-01,2026-04,42445,199764,-157319
나이지리아,2026-05-01,2026-05,53315,110638,-57323
나이지리아,2026-06-01,2026-06,57751,185083,-127331
나이지리아,2026-07-01,2026-07,56105,192062,-135956
남수단,2024-01-01,2024-01,234,0,234
남수단,2024-02-01,2024-02,507,1,506
남수단,2024-03-01,2024-03,177,12,165
남수단,2024-04-01,2024-04,16,0,16
남수단,2024-05-01,2024-05,1,0,1
남수단,2024-06-01,2024-06,110,0,110
남수단,2024-07-01,2024-07,30,0,30
남수단,2024-08-01,2024-08,322,0,322
남수단,2024-09-01,2024-09,2,0,2
남수단,2024-10-01,2024-10,340,0,340
남수단,2024-11-01,2024-11,47,0,47
남수단,2024-12-01,2024-12,4347,0,4347
남수단,2025-01-01,2025-01,3219,0,3218
남수단,2025-02-01,2025-02,2838,18,2819
남수단,2025-03-01,2025-03,3122,14,3108
남수단,2025-04-01,2025-04,326,0,326
남수단,2025-05-01,2025-05,513,68,445
남수단,2025-06-01,2025-06,2580,0,2580
남수단,2025-07-01,2025-07,1093,0,1093
남수단,2025-08-01,2025-08,1035,0,1035
남수단,2025-09-01,2025-09,1108,0,1108
남수단,2025-10-01,2025-10,22,14,7
남수단,2025-11-01,2025-11,0,0,0
남수단,2025-12-01,2025-12,0,0,0
남수단,2026-01-01,2026-01,371,0,371
남수단,2026-02-01,2026-02,0,0,0
남수단,2026-03-01,2026-03,18,0,18
남수단,2026-04-01,2026-04,681,0,681
남수단,2026-05-01,2026-05,9,0,9
남수단,2026-06-01,2026-06,809,0,809
남수단,2026-07-01,2026-07,17,0,17
남아프리카공화국,2024-01-01,2024-01,59122,221256,-162134
남아프리카공화국,2024-02-01,2024-02,56296,288088,-231792
남아프리카공화국,2024-03-01,2024-03,66886,162351,-95465
남아프리카공화국,2024-04-01,2024-04,55376,200455,-145079
남아프리카공화국,2024-05-01,2024-05,52024,298667,-246644
남아프리카공화국,2024-06-01,2024-06,72297,174651,-102353
남아프리카공화국,2024-07-01,2024-07,64887,126364,-61478
남아프리카공화국,2024-08-01,2024-08,59482,138104,-78622
남아프리카공화국,2024-09-01,2024-09,50299,200657,-150358
남아프리카공화국,2024-10-01,2024-10,48184,237095,-188911
남아프리카공화국,2024-11-01,2024-11,49451,245825,-196375
남아프리카공화국,2024-12-01,2024-12,72863,335605,-262742
남아프리카공화국,2025-01-01,2025-01,39935,263378,-223444
남아프리카공화국,2025-02-01,2025-02,45008,247938,-202930
남아프리카공화국,2025-03-01,2025-03,67854,114157,-46303
남아프리카공화국,2025-04-01,2025-04,72997,213877,-140880
남아프리카공화국,2025-05-01,2025-05,56249,129707,-73458
남아프리카공화국,2025-06-01,2025-06,62352,121807,-59455
남아프리카공화국,2025-07-01,2025-07,67697,154458,-86761
남아프리카공화국,2025-08-01,2025-08,74450,170814,-96365
남아프리카공화국,2025-09-01,2025-09,107750,173384,-65634
남아프리카공화국,2025-10-01,2025-10,37644,139600,-101957
남아프리카공화국,2025-11-01,2025-11,55633,213946,-158313
남아프리카공화국,2025-12-01,2025-12,77734,283957,-206224
남아프리카공화국,2026-01-01,2026-01,62800,388719,-325919
남아프리카공화국,2026-02-01,2026-02,48086,318004,-269918
남아프리카공화국,2026-03-01,2026-03,78335,266805,-188470
남아프리카공화국,2026-04-01,2026-04,80192,152783,-72591
남아프리카공화국,2026-05-01,2026-05,62788,292359,-229571
남아프리카공화국,2026-06-01,2026-06,76534,224485,-147951
남아프리카공화국,2026-07-01,2026-07,68347,273135,-204787
남조지아 & 남샌드위치 군도,2024-01-01,2024-01,0,0,0
남조지아 & 남샌드위치 군도,2024-02-01,2024-02,0,1,-1
남조지아 & 남샌드위치 군도,2024-03-01,2024-03,0,1,-1
남조지아 & 남샌드위치 군도,2024-04-01,2024-04,46,0,46
남조지아 & 남샌드위치 군도,2024-05-01,2024-05,0,0,0
남조지아 & 남샌드위치 군도,2024-06-01,2024-06,3,5,-2
남조지아 & 남샌드위치 군도,2024-07-01,2024-07,10,0,9
남조지아 & 남샌드위치 군도,2024-08-01,2024-08,0,1,-1
남조지아 & 남샌드위치 군도,2024-09-01,2024-09,0,0,0
남조지아 & 남샌드위치 군도,2024-10-01,2024-10,0,2,-2
남조지아 & 남샌드위치 군도,2024-11-01,2024-11,0,0,0
남조지아 & 남샌드위치 군도,2024-12-01,2024-12,0,0,0
남조지아 & 남샌드위치 군도,2025-01-01,2025-01,0,0,0
남조지아 & 남샌드위치 군도,2025-02-01,2025-02,11,0,11
남조지아 & 남샌드위치 군도,2025-03-01,2025-03,0,0,0
남조지아 & 남샌드위치 군도,2025-04-01,2025-04,0,0,0
남조지아 & 남샌드위치 군도,2025-05-01,2025-05,0,2,-2
남조지아 & 남샌드위치 군도,2025-06-01,2025-06,0,1,-1
남조지아 & 남샌드위치 군도,2025-07-01,2025-07,0,0,0
남조지아 & 남샌드위치 군도,2025-08-01,2025-08,0,0,0
남조지아 & 남샌드위치 군도,2025-09-01,2025-09,0,0,0
남조지아 & 남샌드위치 군도,2025-10-01,2025-10,0,0,0
남조지아 & 남샌드위치 군도,2025-11-01,2025-11,0,0,0
남조지아 & 남샌드위치 군도,2025-12-01,2025-12,0,0,0
남조지아 & 남샌드위치 군도,2026-01-01,2026-01,0,0,0
남조지아 & 남샌드위치 군도,2026-02-01,2026-02,8,0,8
남조지아 & 남샌드위치 군도,2026-03-01,2026-03,0,0,0
남조지아 & 남샌드위치 군도,2026-04-01,2026-04,0,5,-5
남조지아 & 남샌드위치 군도,2026-05-01,2026-05,0,1,-1
남조지아 & 남샌드위치 군도,2026-06-01,2026-06,0,0,0
남조지아 & 남샌드위치 군도,2026-07-01,2026-07,0,0,0
네덜란드,2024-01-01,2024-01,537973,288616,249357
네덜란드,2024-02-01,2024-02,587083,564400,22683
네덜란드,2024-03-01,2024-03,706082,692047,14035
네덜란드,2024-04-01,2024-04,577686,468368,109318
네덜란드,2024-05-01,2024-05,550288,539538,10751
네덜란드,2024-06-01,2024-06,480559,721330,-240770
네덜란드,2024-07-01,2024-07,618512,264057,354455
네덜란드,2024-08-01,2024-08,497721,394462,103260
네덜란드,2024-09-01,2024-09,616412,1217287,-600876
네덜란드,2024-10-01,2024-10,536975,516059,20916
네덜란드,2024-11-01,2024-11,567845,1067268,-499423
네덜란드,2024-12-01,2024-12,521531,1440374,-918843
네덜란드,2025-01-01,2025-01,458102,484397,-26295
네덜란드,2025-02-01,2025-02,578872,746249,-167376
네덜란드,2025-03-01,2025-03,655219,1609234,-954015
네덜란드,2025-04-01,2025-04,825085,546848,278237
네덜란드,2025-05-01,2025-05,838724,633220,205504
네덜란드,2025-06-01,2025-06,758376,810402,-52026
네덜란드,2025-07-01,2025-07,969714,711782,257932
네덜란드,2025-08-01,2025-08,875032,596168,278865
네덜란드,2025-09-01,2025-09,959711,1448693,-488982
네덜란드,2025-10-01,2025-10,830323,657563,172760
네덜란드,2025-11-01,2025-11,820092,855195,-35103
네덜란드,2025-12-01,2025-12,1051001,953213,97788
네덜란드,2026-01-01,2026-01,695251,1083862,-388610
네덜란드,2026-02-01,2026-02,1017721,1495624,-477903
네덜란드,2026-03-01,2026-03,1464541,1562040,-97499
네덜란드,2026-04-01,2026-04,1054937,1088099,-33162
네덜란드,2026-05-01,2026-05,1298149,1371006,-72857
네덜란드,2026-06-01,2026-06,1394426,1338844,55582
네덜란드,2026-07-01,2026-07,3108773,1081859,2026914
네덜란드 열도,2024-01-01,2024-01,48,0,48
네덜란드 열도,2024-02-01,2024-02,1783,33,1750
네덜란드 열도,2024-03-01,2024-03,54,4,50
네덜란드 열도,2024-04-01,2024-04,79,17,62
네덜란드 열도,2024-05-01,2024-05,85,0,85
네덜란드 열도,2024-06-01,2024-06,76,0,76
네덜란드 열도,2024-07-01,2024-07,33,0,33
네덜란드 열도,2024-08-01,2024-08,68,2,66
네덜란드 열도,2024-09-01,2024-09,39,0,39
네덜란드 열도,2024-10-01,2024-10,238,1,237
네덜란드 열도,2024-11-01,2024-11,5,0,5
네덜란드 열도,2024-12-01,2024-12,138,182,-44
네덜란드 열도,2025-01-01,2025-01,27,0,27
네덜란드 열도,2025-02-01,2025-02,38,0,38
네덜란드 열도,2025-03-01,2025-03,20,20,0
네덜란드 열도,2025-04-01,2025-04,36,0,36
네덜란드 열도,2025-05-01,2025-05,81,0,81
네덜란드 열도,2025-06-01,2025-06,60,0,60
네덜란드 열도,2025-07-01,2025-07,23,0,23
네덜란드 열도,2025-08-01,2025-08,8,0,8
네덜란드 열도,2025-09-01,2025-09,93,184,-91
네덜란드 열도,2025-10-01,2025-10,2,0,2
네덜란드 열도,2025-11-01,2025-11,72,1,71
네덜란드 열도,2025-12-01,2025-12,51,197,-146
네덜란드 열도,2026-01-01,2026-01,8,0,8
네덜란드 열도,2026-02-01,2026-02,14,3,11
네덜란드 열도,2026-03-01,2026-03,28,1,27
네덜란드 열도,2026-04-01,2026-04,14,222,-209
네덜란드 열도,2026-05-01,2026-05,130,0,130
네덜란드 열도,2026-06-01,2026-06,84,238,-154
네덜란드 열도,2026-07-01,2026-07,68,1,67
네팔,2024-01-01,2024-01,2961,501,2460
네팔,2024-02-01,2024-02,14856,580,14276
네팔,2024-03-01,2024-03,3180,587,2593
네팔,2024-04-01,2024-04,2274,479,1795
네팔,2024-05-01,2024-05,1234,399,835
네팔,2024-06-01,2024-06,2248,786,1462
네팔,2024-07-01,2024-07,2429,664,1765
네팔,2024-08-01,2024-08,1642,398,1244
네팔,2024-09-01,2024-09,3360,491,2869
네팔,2024-10-01,2024-10,2405,673,1732
네팔,2024-11-01,2024-11,1362,470,892
네팔,2024-12-01,2024-12,8160,670,7490
네팔,2025-01-01,2025-01,1974,564,1410
네팔,2025-02-01,2025-02,2325,731,1594
네팔,2025-03-01,2025-03,3074,812,2262
네팔,2025-04-01,2025-04,2282,404,1878
네팔,2025-05-01,2025-05,2996,612,2384
네팔,2025-06-01,2025-06,3583,583,3000
네팔,2025-07-01,2025-07,2789,724,2065
네팔,2025-08-01,2025-08,3051,633,2418
네팔,2025-09-01,2025-09,3073,705,2367
네팔,2025-10-01,2025-10,2838,353,2485
네팔,2025-11-01,2025-11,1705,526,1179
네팔,2025-12-01,2025-12,2839,737,2102
네팔,2026-01-01,2026-01,2922,496,2426
네팔,2026-02-01,2026-02,2396,523,1873
네팔,2026-03-01,2026-03,3299,631,2668
네팔,2026-04-01,2026-04,3122,497,2625
네팔,2026-05-01,2026-05,1764,443,1321
네팔,2026-06-01,2026-06,3655,797,2857
네팔,2026-07-01,2026-07,3110,679,2431
노르웨이,2024-01-01,2024-01,33345,101888,-68543
노르웨이,2024-02-01,2024-02,32871,144524,-111653
노르웨이,2024-03-01,2024-03,33610,99660,-66050
노르웨이,2024-04-01,2024-04,24474,103228,-78754
노르웨이,2024-05-01,2024-05,48844,119541,-70697
노르웨이,2024-06-01,2024-06,28316,89746,-61430
노르웨이,2024-07-01,2024-07,28526,96253,-67727
노르웨이,2024-08-01,2024-08,25641,160081,-134440
노르웨이,2024-09-01,2024-09,32245,91025,-58780
노르웨이,2024-10-01,2024-10,35774,100994,-65220
노르웨이,2024-11-01,2024-11,31839,157361,-125522
노르웨이,2024-12-01,2024-12,95573,131830,-36257
노르웨이,2025-01-01,2025-01,34939,124259,-89321
노르웨이,2025-02-01,2025-02,25660,114510,-88850
노르웨이,2025-03-01,2025-03,34932,190755,-155823
노르웨이,2025-04-01,2025-04,44553,195420,-150867
노르웨이,2025-05-01,2025-05,57180,118544,-61364
노르웨이,2025-06-01,2025-06,41251,96901,-55650
노르웨이,2025-07-01,2025-07,48825,107367,-58542
노르웨이,2025-08-01,2025-08,42931,105863,-62932
노르웨이,2025-09-01,2025-09,43568,221912,-178344
노르웨이,2025-10-01,2025-10,49696,109544,-59848
노르웨이,2025-11-01,2025-11,61397,256830,-195432
노르웨이,2025-12-01,2025-12,78190,146920,-68731
노르웨이,2026-01-01,2026-01,44451,103475,-59024
노르웨이,2026-02-01,2026-02,36897,114036,-77139
노르웨이,2026-03-01,2026-03,274184,125227,148957
노르웨이,2026-04-01,2026-04,163174,156970,6204
노르웨이,2026-05-01,2026-05,254826,157862,96964
노르웨이,2026-06-01,2026-06,58616,212029,-153413
노르웨이,2026-07-01,2026-07,91094,123201,-32106
노폴크 아일랜드,2024-01-01,2024-01,0,0,0
노폴크 아일랜드,2024-02-01,2024-02,0,0,0
노폴크 아일랜드,2024-03-01,2024-03,0,0,0
노폴크 아일랜드,2024-04-01,2024-04,0,0,0
노폴크 아일랜드,2024-05-01,2024-05,51,0,51
노폴크 아일랜드,2024-06-01,2024-06,0,0,0
노폴크 아일랜드,2024-07-01,2024-07,0,0,0
노폴크 아일랜드,2024-08-01,2024-08,0,0,0
노폴크 아일랜드,2024-09-01,2024-09,0,0,0
노폴크 아일랜드,2024-10-01,2024-10,0,0,0
노폴크 아일랜드,2024-11-01,2024-11,0,0,0
노폴크 아일랜드,2024-12-01,2024-12,0,0,0
노폴크 아일랜드,2025-01-01,2025-01,0,0,0
노폴크 아일랜드,2025-02-01,2025-02,0,0,0
노폴크 아일랜드,2025-03-01,2025-03,0,0,0
노폴크 아일랜드,2025-04-01,2025-04,0,0,0
노폴크 아일랜드,2025-05-01,2025-05,0,0,0
노폴크 아일랜드,2025-06-01,2025-06,0,0,0
노폴크 아일랜드,2025-07-01,2025-07,0,0,0
노폴크 아일랜드,2025-08-01,2025-08,0,0,0
노폴크 아일랜드,2025-09-01,2025-09,0,0,0
노폴크 아일랜드,2025-10-01,2025-10,0,0,0
노폴크 아일랜드,2025-11-01,2025-11,0,0,0
노폴크 아일랜드,2025-12-01,2025-12,0,0,0
노폴크 아일랜드,2026-01-01,2026-01,0,0,0
노폴크 아일랜드,2026-02-01,2026-02,0,0,0
노폴크 아일랜드,2026-03-01,2026-03,0,0,0
노폴크 아일랜드,2026-04-01,2026-04,0,0,0
노폴크 아일랜드,2026-05-01,2026-05,0,0,0
노폴크 아일랜드,2026-06-01,2026-06,0,0,0
노폴크 아일랜드,2026-07-01,2026-07,0,0,0
뉴 칼레도니아,2024-01-01,2024-01,1236,25238,-24002
뉴 칼레도니아,2024-02-01,2024-02,1026,19460,-18434
뉴 칼레도니아,2024-03-01,2024-03,874,16353,-15479
뉴 칼레도니아,2024-04-01,2024-04,1219,19443,-18224
뉴 칼레도니아,2024-05-01,2024-05,240,22679,-22440
뉴 칼레도니아,2024-06-01,2024-06,1186,4556,-3370
뉴 칼레도니아,2024-07-01,2024-07,1294,19213,-17919
뉴 칼레도니아,2024-08-01,2024-08,852,14128,-13276
뉴 칼레도니아,2024-09-01,2024-09,688,17249,-16561
뉴 칼레도니아,2024-10-01,2024-10,1070,19518,-18448
뉴 칼레도니아,2024-11-01,2024-11,494,36675,-36181
뉴 칼레도니아,2024-12-01,2024-12,818,13480,-12662
뉴 칼레도니아,2025-01-01,2025-01,182,20047,-19866
뉴 칼레도니아,2025-02-01,2025-02,603,4581,-3977
뉴 칼레도니아,2025-03-01,2025-03,542,16743,-16202
뉴 칼레도니아,2025-04-01,2025-04,974,7993,-7020
뉴 칼레도니아,2025-05-01,2025-05,1204,17117,-15913
뉴 칼레도니아,2025-06-01,2025-06,722,35763,-35041
뉴 칼레도니아,2025-07-01,2025-07,1857,18213,-16356
뉴 칼레도니아,2025-08-01,2025-08,11203,12510,-1308
뉴 칼레도니아,2025-09-01,2025-09,1064,16888,-15824
뉴 칼레도니아,2025-10-01,2025-10,972,26656,-25684
뉴 칼레도니아,2025-11-01,2025-11,342,28100,-27758
뉴 칼레도니아,2025-12-01,2025-12,1190,12767,-11576
뉴 칼레도니아,2026-01-01,2026-01,782,17298,-16516
뉴 칼레도니아,2026-02-01,2026-02,883,4418,-3535
뉴 칼레도니아,2026-03-01,2026-03,978,26482,-25504
뉴 칼레도니아,2026-04-01,2026-04,1210,18266,-17056
뉴 칼레도니아,2026-05-01,2026-05,9405,13937,-4532
뉴 칼레도니아,2026-06-01,2026-06,791,16140,-15349
뉴 칼레도니아,2026-07-01,2026-07,2547,25527,-22981
뉴질랜드,2024-01-01,2024-01,196537,152919,43618
뉴질랜드,2024-02-01,2024-02,298715,138858,159857
뉴질랜드,2024-03-01,2024-03,323087,103375,219712
뉴질랜드,2024-04-01,2024-04,251921,202314,49607
뉴질랜드,2024-05-01,2024-05,271123,145054,126069
뉴질랜드,2024-06-01,2024-06,327906,165735,162170
뉴질랜드,2024-07-01,2024-07,348618,152541,196078
뉴질랜드,2024-08-01,2024-08,334948,140594,194353
뉴질랜드,2024-09-01,2024-09,244055,103446,140609
뉴질랜드,2024-10-01,2024-10,314771,127449,187322
뉴질랜드,2024-11-01,2024-11,179468,94439,85029
뉴질랜드,2024-12-01,2024-12,159224,93983,65241
뉴질랜드,2025-01-01,2025-01,139315,102112,37203
뉴질랜드,2025-02-01,2025-02,215911,125459,90452
뉴질랜드,2025-03-01,2025-03,271802,115401,156400
뉴질랜드,2025-04-01,2025-04,237257,203678,33578
뉴질랜드,2025-05-01,2025-05,253753,191358,62395
뉴질랜드,2025-06-01,2025-06,284637,123306,161331
뉴질랜드,2025-07-01,2025-07,280638,179111,101526
뉴질랜드,2025-08-01,2025-08,226689,184061,42629
뉴질랜드,2025-09-01,2025-09,240676,157502,83175
뉴질랜드,2025-10-01,2025-10,336888,112840,224047
뉴질랜드,2025-11-01,2025-11,259383,98243,161140
뉴질랜드,2025-12-01,2025-12,285334,129679,155655
뉴질랜드,2026-01-01,2026-01,323280,151324,171956
뉴질랜드,2026-02-01,2026-02,267382,116194,151188
뉴질랜드,2026-03-01,2026-03,501644,129870,371774
뉴질랜드,2026-04-01,2026-04,294131,198554,95577
뉴질랜드,2026-05-01,2026-05,369372,161081,208291
뉴질랜드,2026-06-01,2026-06,358427,190289,168138
뉴질랜드,2026-07-01,2026-07,414740,163490,251250
니우에,2024-01-01,2024-01,0,32,-32
니우에,2024-02-01,2024-02,0,0,0
니우에,2024-03-01,2024-03,0,0,0
니우에,2024-04-01,2024-04,0,0,0
니우에,2024-05-01,2024-05,0,3,-3
니우에,2024-06-01,2024-06,0,20,-20
니우에,2024-07-01,2024-07,0,10,-10
니우에,2024-08-01,2024-08,0,1,-1
니우에,2024-09-01,2024-09,0,7,-7
니우에,2024-10-01,2024-10,0,58,-58
니우에,2024-11-01,2024-11,0,0,0
니우에,2024-12-01,2024-12,0,3,-3
니우에,2025-01-01,2025-01,0,0,0
니우에,2025-02-01,2025-02,0,0,0
니우에,2025-03-01,2025-03,0,101,-101
니우에,2025-04-01,2025-04,0,21,-21
니우에,2025-05-01,2025-05,0,7,-7
니우에,2025-06-01,2025-06,0,6,-6
니우에,2025-07-01,2025-07,0,62,-62
니우에,2025-08-01,2025-08,0,10,-10
니우에,2025-09-01,2025-09,0,3,-3
니우에,2025-10-01,2025-10,0,2,-2
니우에,2025-11-01,2025-11,0,6,-6
니우에,2025-12-01,2025-12,0,13,-13
니우에,2026-01-01,2026-01,0,11,-11
니우에,2026-02-01,2026-02,0,42,-42
니우에,2026-03-01,2026-03,0,12,-12
니우에,2026-04-01,2026-04,0,117,-117
니우에,2026-05-01,2026-05,0,9,-9
니우에,2026-06-01,2026-06,0,3,-3
니우에,2026-07-01,2026-07,0,54,-54
니제르,2024-01-01,2024-01,1345,34,1311
니제르,2024-02-01,2024-02,154,4,149
니제르,2024-03-01,2024-03,0,1,-1
니제르,2024-04-01,2024-04,7,0,7
니제르,2024-05-01,2024-05,32,0,32
니제르,2024-06-01,2024-06,423,1398,-975
니제르,2024-07-01,2024-07,753,222,531
니제르,2024-08-01,2024-08,43,4,40
니제르,2024-09-01,2024-09,677,0,677
니제르,2024-10-01,2024-10,2079,0,2079
니제르,2024-11-01,2024-11,750,7,743
니제르,2024-12-01,2024-12,53,7,45
니제르,2025-01-01,2025-01,1513,6,1508
니제르,2025-02-01,2025-02,161,0,161
니제르,2025-03-01,2025-03,0,53,-53
니제르,2025-04-01,2025-04,786,86,700
니제르,2025-05-01,2025-05,59,3,57
니제르,2025-06-01,2025-06,18,5,13
니제르,2025-07-01,2025-07,1266,0,1266
니제르,2025-08-01,2025-08,37,43,-6
니제르,2025-09-01,2025-09,37,1329,-1291
니제르,2025-10-01,2025-10,15,13,2
니제르,2025-11-01,2025-11,11,0,10
니제르,2025-12-01,2025-12,92,2,91
니제르,2026-01-01,2026-01,1444,0,1444
니제르,2026-02-01,2026-02,1280,9,1271
니제르,2026-03-01,2026-03,2315,0,2315
니제르,2026-04-01,2026-04,1599,0,1599
니제르,2026-05-01,2026-05,573,85,488
니제르,2026-06-01,2026-06,156,9,147
니제르,2026-07-01,2026-07,823,0,823
니카라과,2024-01-01,2024-01,6856,868,5987
니카라과,2024-02-01,2024-02,4295,1021,3274
니카라과,2024-03-01,2024-03,6648,1176,5472
니카라과,2024-04-01,2024-04,6960,9597,-2638
니카라과,2024-05-01,2024-05,6467,18020,-11553
니카라과,2024-06-01,2024-06,8299,15486,-7188
니카라과,2024-07-01,2024-07,9750,1324,8426
니카라과,2024-08-01,2024-08,7829,1813,6016
니카라과,2024-09-01,2024-09,7216,1258,5958
니카라과,2024-10-01,2024-10,9138,2766,6371
니카라과,2024-11-01,2024-11,6478,1459,5019
니카라과,2024-12-01,2024-12,7224,1393,5831
니카라과,2025-01-01,2025-01,4109,1231,2878
니카라과,2025-02-01,2025-02,5029,6028,-999
니카라과,2025-03-01,2025-03,5119,31663,-26543
니카라과,2025-04-01,2025-04,6954,3373,3581
니카라과,2025-05-01,2025-05,5826,20053,-14227
니카라과,2025-06-01,2025-06,7749,7237,513
니카라과,2025-07-01,2025-07,9623,12159,-2535
니카라과,2025-08-01,2025-08,15148,1097,14052
니카라과,2025-09-01,2025-09,6520,1203,5316
니카라과,2025-10-01,2025-10,4761,2346,2414
니카라과,2025-11-01,2025-11,5804,1056,4748
니카라과,2025-12-01,2025-12,4114,1685,2430
니카라과,2026-01-01,2026-01,3617,1255,2362
니카라과,2026-02-01,2026-02,2250,1864,386
니카라과,2026-03-01,2026-03,6503,1822,4680
니카라과,2026-04-01,2026-04,8048,15535,-7487
니카라과,2026-05-01,2026-05,2594,6755,-4161
니카라과,2026-06-01,2026-06,7571,1693,5878
니카라과,2026-07-01,2026-07,6559,997,5561
대만,2024-01-01,2024-01,1773976,2196893,-422917
대만,2024-02-01,2024-02,1531945,2191751,-659807
대만,2024-03-01,2024-03,1988528,2129274,-140746
대만,2024-04-01,2024-04,2086951,2298493,-211542
대만,2024-05-01,2024-05,2516984,2792061,-275077
대만,2024-06-01,2024-06,3314386,2175690,1138696
대만,2024-07-01,2024-07,2773161,2555217,217945
대만,2024-08-01,2024-08,3146045,2573665,572380
대만,2024-09-01,2024-09,3719390,2899513,819878
대만,2024-10-01,2024-10,3528893,2680327,848566
대만,2024-11-01,2024-11,3253132,2821020,432112
대만,2024-12-01,2024-12,4335694,2911032,1424661
대만,2025-01-01,2025-01,2438188,2227887,210301
대만,2025-02-01,2025-02,2751970,2396498,355472
대만,2025-03-01,2025-03,3820712,2912365,908347
대만,2025-04-01,2025-04,3302394,2318181,984213
대만,2025-05-01,2025-05,3773435,2436079,1337356
대만,2025-06-01,2025-06,4348540,2829567,1518973
대만,2025-07-01,2025-07,4652836,2944924,1707912
대만,2025-08-01,2025-08,4371509,2800398,1571111
대만,2025-09-01,2025-09,5205355,2819940,2385415
대만,2025-10-01,2025-10,5157834,2974683,2183152
대만,2025-11-01,2025-11,4116109,2789480,1326629
대만,2025-12-01,2025-12,5131207,2874434,2256773
대만,2026-01-01,2026-01,3960811,2935154,1025657
대만,2026-02-01,2026-02,4549215,2608423,1940792
대만,2026-03-01,2026-03,6318777,3122519,3196258
대만,2026-04-01,2026-04,5561208,3310626,2250582
대만,2026-05-01,2026-05,6664227,3137224,3527003
대만,2026-06-01,2026-06,8322974,3770739,4552235
대만,2026-07-01,2026-07,5677910,4327678,1350232
덴마크,2024-01-01,2024-01,224568,78664,145904
덴마크,2024-02-01,2024-02,33995,75832,-41837
덴마크,2024-03-01,2024-03,219571,86050,133521
덴마크,2024-04-01,2024-04,42638,83156,-40518
덴마크,2024-05-01,2024-05,233440,107775,125665
덴마크,2024-06-01,2024-06,35952,91447,-55495
덴마크,2024-07-01,2024-07,220494,109151,111343
덴마크,2024-08-01,2024-08,45825,103158,-57333
덴마크,2024-09-01,2024-09,237243,156261,80982
덴마크,2024-10-01,2024-10,231299,101847,129452
덴마크,2024-11-01,2024-11,45523,106210,-60687
덴마크,2024-12-01,2024-12,230394,110195,120199
덴마크,2025-01-01,2025-01,253413,137875,115537
덴마크,2025-02-01,2025-02,254830,118444,136386
덴마크,2025-03-01,2025-03,251957,79184,172773
덴마크,2025-04-01,2025-04,63140,132351,-69211
덴마크,2025-05-01,2025-05,252896,99364,153532
덴마크,2025-06-01,2025-06,241419,146350,95069
덴마크,2025-07-01,2025-07,261895,162794,99101
덴마크,2025-08-01,2025-08,249680,176590,73090
덴마크,2025-09-01,2025-09,276612,226834,49777
덴마크,2025-10-01,2025-10,243299,93495,149804
덴마크,2025-11-01,2025-11,59199,159972,-100773
덴마크,2025-12-01,2025-12,250347,102739,147608
덴마크,2026-01-01,2026-01,65915,105586,-39670
덴마크,2026-02-01,2026-02,56170,94206,-38036
덴마크,2026-03-01,2026-03,76314,121116,-44802
덴마크,2026-04-01,2026-04,46884,136829,-89945
덴마크,2026-05-01,2026-05,46296,109551,-63256
덴마크,2026-06-01,2026-06,58840,140696,-81856
덴마크,2026-07-01,2026-07,202123,170998,31124
도미니카,2024-01-01,2024-01,310,2,308
도미니카,2024-02-01,2024-02,179,1140,-961
도미니카,2024-03-01,2024-03,275,1313,-1038
도미니카,2024-04-01,2024-04,175,37,139
도미니카,2024-05-01,2024-05,230,35,195
도미니카,2024-06-01,2024-06,377,18,359
도미니카,2024-07-01,2024-07,68,1371,-1303
도미니카,2024-08-01,2024-08,214,143,72
도미니카,2024-09-01,2024-09,125,43,82
도미니카,2024-10-01,2024-10,113,66,46
도미니카,2024-11-01,2024-11,209,1,208
도미니카,2024-12-01,2024-12,63,36,28
도미니카,2025-01-01,2025-01,124,18,106
도미니카,2025-02-01,2025-02,166,0,166
도미니카,2025-03-01,2025-03,78,0,78
도미니카,2025-04-01,2025-04,37,160,-123
도미니카,2025-05-01,2025-05,183,519,-336
도미니카,2025-06-01,2025-06,212,412,-200
도미니카,2025-07-01,2025-07,173,2,171
도미니카,2025-08-01,2025-08,20,509,-489
도미니카,2025-09-01,2025-09,1691,169,1522
도미니카,2025-10-01,2025-10,79,195,-116
도미니카,2025-11-01,2025-11,79,159,-80
도미니카,2025-12-01,2025-12,832,186,646
도미니카,2026-01-01,2026-01,41,190,-149
도미니카,2026-02-01,2026-02,68,28,40
도미니카,2026-03-01,2026-03,214,0,214
도미니카,2026-04-01,2026-04,403,88,315
도미니카,2026-05-01,2026-05,689,0,689
도미니카,2026-06-01,2026-06,327,0,327
도미니카,2026-07-01,2026-07,121,1,119
도미니카 공화국,2024-01-01,2024-01,30232,12811,17421
도미니카 공화국,2024-02-01,2024-02,26411,6844,19567
도미니카 공화국,2024-03-01,2024-03,29968,6693,23276
도미니카 공화국,2024-04-01,2024-04,36357,8382,27975
도미니카 공화국,2024-05-01,2024-05,25774,6777,18997
도미니카 공화국,2024-06-01,2024-06,23334,10521,12812
도미니카 공화국,2024-07-01,2024-07,24929,7380,17549
도미니카 공화국,2024-08-01,2024-08,25978,9375,16602
도미니카 공화국,2024-09-01,2024-09,26576,7162,19414
도미니카 공화국,2024-10-01,2024-10,25654,6046,19609
도미니카 공화국,2024-11-01,2024-11,19652,8460,11193
도미니카 공화국,2024-12-01,2024-12,30213,7256,22957
도미니카 공화국,2025-01-01,2025-01,18160,8737,9423
도미니카 공화국,2025-02-01,2025-02,16311,5307,11005
도미니카 공화국,2025-03-01,2025-03,20637,7999,12638
도미니카 공화국,2025-04-01,2025-04,34416,7241,27176
도미니카 공화국,2025-05-01,2025-05,16359,8425,7934
도미니카 공화국,2025-06-01,2025-06,23798,8314,15483
도미니카 공화국,2025-07-01,2025-07,20555,11859,8696
도미니카 공화국,2025-08-01,2025-08,17003,6376,10627
도미니카 공화국,2025-09-01,2025-09,23416,7293,16123
도미니카 공화국,2025-10-01,2025-10,15168,5356,9812
도미니카 공화국,2025-11-01,2025-11,20734,4723,16010
도미니카 공화국,2025-12-01,2025-12,23417,9099,14318
도미니카 공화국,2026-01-01,2026-01,18413,5348,13065
도미니카 공화국,2026-02-01,2026-02,17673,8085,9588
도미니카 공화국,2026-03-01,2026-03,26669,10822,15847
도미니카 공화국,2026-04-01,2026-04,27693,7596,20096
도미니카 공화국,2026-05-01,2026-05,23074,9616,13458
도미니카 공화국,2026-06-01,2026-06,23656,9806,13850
도미니카 공화국,2026-07-01,2026-07,24737,8572,16166
독일,2024-01-01,2024-01,759404,1517821,-758417
독일,2024-02-01,2024-02,850552,1732736,-882184
독일,2024-03-01,2024-03,797172,1815956,-1018784
독일,2024-04-01,2024-04,918763,1949845,-1031082
독일,2024-05-01,2024-05,912421,1972093,-1059672
독일,2024-06-01,2024-06,669829,2054951,-1385121
독일,2024-07-01,2024-07,625648,1974760,-1349112
독일,2024-08-01,2024-08,867481,1838261,-970780
독일,2024-09-01,2024-09,695852,1893828,-1197976
독일,2024-10-01,2024-10,710472,1938986,-1228514
독일,2024-11-01,2024-11,616667,1626791,-1010124
독일,2024-12-01,2024-12,612736,1976129,-1363393
독일,2025-01-01,2025-01,769583,1389601,-620018
독일,2025-02-01,2025-02,709874,1659253,-949379
독일,2025-03-01,2025-03,894703,1835660,-940957
독일,2025-04-01,2025-04,882438,1708847,-826408
독일,2025-05-01,2025-05,1075108,1975432,-900324
독일,2025-06-01,2025-06,648527,1715779,-1067251
독일,2025-07-01,2025-07,694525,2024932,-1330408
독일,2025-08-01,2025-08,758699,1712143,-953444
독일,2025-09-01,2025-09,722841,2030772,-1307931
독일,2025-10-01,2025-10,733667,1623844,-890177
독일,2025-11-01,2025-11,709202,1737619,-1028417
독일,2025-12-01,2025-12,674510,2215267,-1540758
독일,2026-01-01,2026-01,791108,1628526,-837418
독일,2026-02-01,2026-02,729847,1541844,-811998
독일,2026-03-01,2026-03,1007521,2094911,-1087390
독일,2026-04-01,2026-04,955731,1803477,-847746
독일,2026-05-01,2026-05,816249,1994427,-1178178
독일,2026-06-01,2026-06,880905,2155380,-1274475
독일,2026-07-01,2026-07,1016033,1867273,-851240
라오스,2024-01-01,2024-01,9843,12660,-2817
라오스,2024-02-01,2024-02,6122,12156,-6035
라오스,2024-03-01,2024-03,8392,5599,2793
라오스,2024-04-01,2024-04,6791,8749,-1958
라오스,2024-05-01,2024-05,7875,6535,1340
라오스,2024-06-01,2024-06,8586,8217,369
라오스,2024-07-01,2024-07,7971,5141,2829
라오스,2024-08-01,2024-08,9713,11822,-2109
라오스,2024-09-01,2024-09,8135,5338,2797
라오스,2024-10-01,2024-10,8190,5960,2230
라오스,2024-11-01,2024-11,11926,4493,7433
라오스,2024-12-01,2024-12,11741,8748,2993
라오스,2025-01-01,2025-01,29885,25016,4869
라오스,2025-02-01,2025-02,10722,8336,2386
라오스,2025-03-01,2025-03,9894,6596,3299
라오스,2025-04-01,2025-04,10221,6242,3979
라오스,2025-05-01,2025-05,9229,7643,1586
라오스,2025-06-01,2025-06,8411,7500,911
라오스,2025-07-01,2025-07,8013,7292,721
라오스,2025-08-01,2025-08,9047,5093,3954
라오스,2025-09-01,2025-09,9803,4447,5356
라오스,2025-10-01,2025-10,8006,5830,2176
라오스,2025-11-01,2025-11,6578,4268,2310
라오스,2025-12-01,2025-12,7341,7124,217
라오스,2026-01-01,2026-01,7675,5309,2366
라오스,2026-02-01,2026-02,6796,10158,-3363
라오스,2026-03-01,2026-03,11432,7070,4362
라오스,2026-04-01,2026-04,13129,6634,6495
라오스,2026-05-01,2026-05,9344,10047,-703
라오스,2026-06-01,2026-06,9513,11314,-1801
라오스,2026-07-01,2026-07,12203,7466,4737
라이베리아,2024-01-01,2024-01,396023,167,395856
라이베리아,2024-02-01,2024-02,302020,40,301980
라이베리아,2024-03-01,2024-03,460375,25244,435131
라이베리아,2024-04-01,2024-04,366374,21824,344550
라이베리아,2024-05-01,2024-05,332412,164,332248
라이베리아,2024-06-01,2024-06,629601,158,629443
라이베리아,2024-07-01,2024-07,222997,12,222985
라이베리아,2024-08-01,2024-08,375598,564,375034
라이베리아,2024-09-01,2024-09,373692,508,373183
라이베리아,2024-10-01,2024-10,255022,100,254922
라이베리아,2024-11-01,2024-11,755268,11,755257
라이베리아,2024-12-01,2024-12,745666,126,745540
라이베리아,2025-01-01,2025-01,457793,10,457783
라이베리아,2025-02-01,2025-02,245798,607,245191
라이베리아,2025-03-01,2025-03,632845,189,632656
라이베리아,2025-04-01,2025-04,187460,13,187446
라이베리아,2025-05-01,2025-05,392060,8,392051
라이베리아,2025-06-01,2025-06,596392,8,596384
라이베리아,2025-07-01,2025-07,786930,18,786912
라이베리아,2025-08-01,2025-08,425958,7,425950
라이베리아,2025-09-01,2025-09,421925,224,421701
라이베리아,2025-10-01,2025-10,399249,8,399241
라이베리아,2025-11-01,2025-11,108197,85234,22963
라이베리아,2025-12-01,2025-12,399658,13,399645
라이베리아,2026-01-01,2026-01,418656,87,418569
라이베리아,2026-02-01,2026-02,259492,389,259103
라이베리아,2026-03-01,2026-03,501275,9607,491668
라이베리아,2026-04-01,2026-04,331095,3,331092
라이베리아,2026-05-01,2026-05,338097,3,338094
라이베리아,2026-06-01,2026-06,278818,15,278803
라이베리아,2026-07-01,2026-07,421060,10253,410807
라트비아,2024-01-01,2024-01,4298,6213,-1915
라트비아,2024-02-01,2024-02,4588,4031,557
라트비아,2024-03-01,2024-03,5110,17498,-12388
라트비아,2024-04-01,2024-04,4488,6476,-1989
라트비아,2024-05-01,2024-05,5267,8300,-3033
라트비아,2024-06-01,2024-06,6007,9097,-3089
라트비아,2024-07-01,2024-07,3725,8957,-5232
라트비아,2024-08-01,2024-08,5715,7400,-1685
라트비아,2024-09-01,2024-09,5056,7985,-2929
라트비아,2024-10-01,2024-10,6757,10339,-3582
라트비아,2024-11-01,2024-11,4407,9594,-5187
라트비아,2024-12-01,2024-12,3635,9467,-5832
라트비아,2025-01-01,2025-01,4146,9367,-5221
라트비아,2025-02-01,2025-02,5051,8700,-3649
라트비아,2025-03-01,2025-03,4770,8911,-4141
라트비아,2025-04-01,2025-04,6318,6745,-428
라트비아,2025-05-01,2025-05,4091,9502,-5411
라트비아,2025-06-01,2025-06,6552,8754,-2202
라트비아,2025-07-01,2025-07,5699,11775,-6076
라트비아,2025-08-01,2025-08,7116,11293,-4177
라트비아,2025-09-01,2025-09,4942,9077,-4136
라트비아,2025-10-01,2025-10,4627,8628,-4001
라트비아,2025-11-01,2025-11,4121,7690,-3569
라트비아,2025-12-01,2025-12,8059,8667,-608
라트비아,2026-01-01,2026-01,4472,7349,-2877
라트비아,2026-02-01,2026-02,3371,8174,-4803
라트비아,2026-03-01,2026-03,5760,7536,-1776
라트비아,2026-04-01,2026-04,5165,8582,-3417
라트비아,2026-05-01,2026-05,4527,9956,-5429
라트비아,2026-06-01,2026-06,7445,8333,-888
라트비아,2026-07-01,2026-07,13351,9751,3600
러시아 연방,2024-01-01,2024-01,381462,531098,-149635
러시아 연방,2024-02-01,2024-02,682255,603016,79239
러시아 연방,2024-03-01,2024-03,308285,557421,-249136
러시아 연방,2024-04-01,2024-04,316427,528178,-211751
러시아 연방,2024-05-01,2024-05,313514,619769,-306255
러시아 연방,2024-06-01,2024-06,358275,453789,-95514
러시아 연방,2024-07-01,2024-07,379387,502587,-123200
러시아 연방,2024-08-01,2024-08,380507,897402,-516895
러시아 연방,2024-09-01,2024-09,350113,589950,-239837
러시아 연방,2024-10-01,2024-10,333045,552246,-219201
러시아 연방,2024-11-01,2024-11,371130,502982,-131853
러시아 연방,2024-12-01,2024-12,354642,534550,-179908
러시아 연방,2025-01-01,2025-01,223134,501822,-278688
러시아 연방,2025-02-01,2025-02,297091,485544,-188454
러시아 연방,2025-03-01,2025-03,298270,436418,-138148
러시아 연방,2025-04-01,2025-04,360294,618842,-258548
러시아 연방,2025-05-01,2025-05,373712,510577,-136866
러시아 연방,2025-06-01,2025-06,339619,410072,-70453
러시아 연방,2025-07-01,2025-07,381265,731246,-349980
러시아 연방,2025-08-01,2025-08,325632,716558,-390926
러시아 연방,2025-09-01,2025-09,416221,716443,-300222
러시아 연방,2025-10-01,2025-10,380400,609476,-229076
러시아 연방,2025-11-01,2025-11,347606,601983,-254377
러시아 연방,2025-12-01,2025-12,300518,556688,-256171
러시아 연방,2026-01-01,2026-01,240573,543930,-303356
러시아 연방,2026-02-01,2026-02,249198,518742,-269544
러시아 연방,2026-03-01,2026-03,293483,598579,-305096
러시아 연방,2026-04-01,2026-04,317619,745190,-427571
러시아 연방,2026-05-01,2026-05,286626,478038,-191412
러시아 연방,2026-06-01,2026-06,363966,596652,-232687
러시아 연방,2026-07-01,2026-07,380403,742869,-362466
레바논,2024-01-01,2024-01,5844,1690,4154
레바논,2024-02-01,2024-02,7232,1542,5690
레바논,2024-03-01,2024-03,8144,1655,6489
레바논,2024-04-01,2024-04,8208,2139,6069
레바논,2024-05-01,2024-05,7096,1516,5580
레바논,2024-06-01,2024-06,8596,2870,5726
레바논,2024-07-01,2024-07,9144,3277,5867
레바논,2024-08-01,2024-08,8022,2378,5644
레바논,2024-09-01,2024-09,6675,1829,4847
레바논,2024-10-01,2024-10,4562,4799,-236
레바논,2024-11-01,2024-11,4458,2269,2189
레바논,2024-12-01,2024-12,6451,4295,2155
레바논,2025-01-01,2025-01,6332,1191,5141
레바논,2025-02-01,2025-02,8184,1749,6435
레바논,2025-03-01,2025-03,8155,2438,5718
레바논,2025-04-01,2025-04,10737,2110,8627
레바논,2025-05-01,2025-05,9105,1708,7396
레바논,2025-06-01,2025-06,11095,1459,9636
레바논,2025-07-01,2025-07,7607,1755,5852
레바논,2025-08-01,2025-08,9382,1653,7729
레바논,2025-09-01,2025-09,16567,1456,15111
레바논,2025-10-01,2025-10,9498,2221,7278
레바논,2025-11-01,2025-11,9610,2515,7095
레바논,2025-12-01,2025-12,8888,1673,7216
레바논,2026-01-01,2026-01,7761,1497,6264
레바논,2026-02-01,2026-02,11393,1948,9444
레바논,2026-03-01,2026-03,6719,1006,5713
레바논,2026-04-01,2026-04,6456,3341,3115
레바논,2026-05-01,2026-05,8299,490,7809
레바논,2026-06-01,2026-06,11612,3128,8483
레바논,2026-07-01,2026-07,10739,4057,6682
레소토,2024-01-01,2024-01,0,6,-5
레소토,2024-02-01,2024-02,10,4,6
레소토,2024-03-01,2024-03,26,6,20
레소토,2024-04-01,2024-04,0,3,-3
레소토,2024-05-01,2024-05,0,13,-13
레소토,2024-06-01,2024-06,0,12,-12
레소토,2024-07-01,2024-07,0,18,-18
레소토,2024-08-01,2024-08,12,5,7
레소토,2024-09-01,2024-09,3,50,-47
레소토,2024-10-01,2024-10,0,30,-30
레소토,2024-11-01,2024-11,20,67,-47
레소토,2024-12-01,2024-12,0,40,-40
레소토,2025-01-01,2025-01,0,6,-6
레소토,2025-02-01,2025-02,3,60,-57
레소토,2025-03-01,2025-03,0,4,-4
레소토,2025-04-01,2025-04,0,10,-10
레소토,2025-05-01,2025-05,19,1,18
레소토,2025-06-01,2025-06,3,52,-49
레소토,2025-07-01,2025-07,0,3,-3
레소토,2025-08-01,2025-08,0,60,-60
레소토,2025-09-01,2025-09,0,4,-4
레소토,2025-10-01,2025-10,3,1,2
레소토,2025-11-01,2025-11,1,1,0
레소토,2025-12-01,2025-12,0,4,-4
레소토,2026-01-01,2026-01,0,27,-27
레소토,2026-02-01,2026-02,0,0,0
레소토,2026-03-01,2026-03,0,2,-2
레소토,2026-04-01,2026-04,0,8,-8
레소토,2026-05-01,2026-05,0,4,-4
레소토,2026-06-01,2026-06,0,31,-31
레소토,2026-07-01,2026-07,9,0,9
루마니아,2024-01-01,2024-01,61915,86225,-24310
루마니아,2024-02-01,2024-02,62447,99213,-36766
루마니아,2024-03-01,2024-03,52553,70219,-17666
루마니아,2024-04-01,2024-04,47604,66933,-19329
루마니아,2024-05-01,2024-05,62021,42356,19665
루마니아,2024-06-01,2024-06,41293,46952,-5659
루마니아,2024-07-01,2024-07,46043,56000,-9957
루마니아,2024-08-01,2024-08,83060,53977,29083
루마니아,2024-09-01,2024-09,39229,45750,-6521
루마니아,2024-10-01,2024-10,41653,48471,-6818
루마니아,2024-11-01,2024-11,44940,43538,1401
루마니아,2024-12-01,2024-12,44287,49775,-5487
루마니아,2025-01-01,2025-01,41323,47514,-6191
루마니아,2025-02-01,2025-02,48663,36618,12045
루마니아,2025-03-01,2025-03,60535,37922,22613
루마니아,2025-04-01,2025-04,71398,37620,33778
루마니아,2025-05-01,2025-05,52840,37395,15445
루마니아,2025-06-01,2025-06,42929,38135,4794
루마니아,2025-07-01,2025-07,54536,48952,5584
루마니아,2025-08-01,2025-08,65947,60758,5189
루마니아,2025-09-01,2025-09,50168,74642,-24474
루마니아,2025-10-01,2025-10,35839,50487,-14648
루마니아,2025-11-01,2025-11,38788,50507,-11719
루마니아,2025-12-01,2025-12,43987,54377,-10390
루마니아,2026-01-01,2026-01,50601,35170,15431
루마니아,2026-02-01,2026-02,61097,45112,15986
루마니아,2026-03-01,2026-03,54189,44971,9218
루마니아,2026-04-01,2026-04,63544,43241,20303
루마니아,2026-05-01,2026-05,43440,36025,7416
루마니아,2026-06-01,2026-06,76949,51405,25545
루마니아,2026-07-01,2026-07,147894,43847,104047
룩셈부르그,2024-01-01,2024-01,3281,4021,-740
룩셈부르그,2024-02-01,2024-02,3827,8589,-4762
룩셈부르그,2024-03-01,2024-03,3775,4756,-981
룩셈부르그,2024-04-01,2024-04,3705,5722,-2017
룩셈부르그,2024-05-01,2024-05,3890,5461,-1570
룩셈부르그,2024-06-01,2024-06,3238,5900,-2661
룩셈부르그,2024-07-01,2024-07,3895,8568,-4672
룩셈부르그,2024-08-01,2024-08,3772,7867,-4095
룩셈부르그,2024-09-01,2024-09,3055,4473,-1417
룩셈부르그,2024-10-01,2024-10,3650,6317,-2667
룩셈부르그,2024-11-01,2024-11,3680,6151,-2471
룩셈부르그,2024-12-01,2024-12,3537,8860,-5323
룩셈부르그,2025-01-01,2025-01,3798,10126,-6328
룩셈부르그,2025-02-01,2025-02,3232,9056,-5824
룩셈부르그,2025-03-01,2025-03,4443,10025,-5581
룩셈부르그,2025-04-01,2025-04,4997,11484,-6487
룩셈부르그,2025-05-01,2025-05,5249,10828,-5579
룩셈부르그,2025-06-01,2025-06,5409,8413,-3005
룩셈부르그,2025-07-01,2025-07,4985,9579,-4594
룩셈부르그,2025-08-01,2025-08,4261,5501,-1240
룩셈부르그,2025-09-01,2025-09,5519,10150,-4631
룩셈부르그,2025-10-01,2025-10,6166,13310,-7145
룩셈부르그,2025-11-01,2025-11,6490,20909,-14419
룩셈부르그,2025-12-01,2025-12,7881,14856,-6974
룩셈부르그,2026-01-01,2026-01,6372,13314,-6942
룩셈부르그,2026-02-01,2026-02,4923,10487,-5565
룩셈부르그,2026-03-01,2026-03,7027,13741,-6714
룩셈부르그,2026-04-01,2026-04,5652,10802,-5150
룩셈부르그,2026-05-01,2026-05,7775,11838,-4063
룩셈부르그,2026-06-01,2026-06,3899,10641,-6742
룩셈부르그,2026-07-01,2026-07,5461,12205,-6744
르완다,2024-01-01,2024-01,1234,29,1206
르완다,2024-02-01,2024-02,1747,605,1142
르완다,2024-03-01,2024-03,1497,156,1341
르완다,2024-04-01,2024-04,2025,88,1937
르완다,2024-05-01,2024-05,2041,41,2000
르완다,2024-06-01,2024-06,1750,40,1710
르완다,2024-07-01,2024-07,902,33,868
르완다,2024-08-01,2024-08,874,4,870
르완다,2024-09-01,2024-09,1851,207,1644
르완다,2024-10-01,2024-10,1767,63,1704
르완다,2024-11-01,2024-11,1385,402,982
르완다,2024-12-01,2024-12,68360,182,68178
르완다,2025-01-01,2025-01,1560,279,1280
르완다,2025-02-01,2025-02,2013,267,1746
르완다,2025-03-01,2025-03,3180,114,3067
르완다,2025-04-01,2025-04,2761,80,2682
르완다,2025-05-01,2025-05,2212,121,2090
르완다,2025-06-01,2025-06,1435,183,1253
르완다,2025-07-01,2025-07,2196,86,2110
르완다,2025-08-01,2025-08,1654,25,1629
르완다,2025-09-01,2025-09,2808,400,2409
르완다,2025-10-01,2025-10,1536,66,1469
르완다,2025-11-01,2025-11,1916,45,1871
르완다,2025-12-01,2025-12,1383,273,1110
르완다,2026-01-01,2026-01,1046,209,837
르완다,2026-02-01,2026-02,1423,339,1084
르완다,2026-03-01,2026-03,1766,981,785
르완다,2026-04-01,2026-04,1345,547,797
르완다,2026-05-01,2026-05,2000,566,1434
르완다,2026-06-01,2026-06,2561,228,2334
르완다,2026-07-01,2026-07,750,120,631
리비아,2024-01-01,2024-01,30199,1204,28994
리비아,2024-02-01,2024-02,22171,1041,21130
리비아,2024-03-01,2024-03,26678,3384,23295
리비아,2024-04-01,2024-04,37845,2518,35328
리비아,2024-05-01,2024-05,35550,2068,33482
리비아,2024-06-01,2024-06,39352,1975,37376
리비아,2024-07-01,2024-07,43080,2834,40246
리비아,2024-08-01,2024-08,44981,2615,42366
리비아,2024-09-01,2024-09,40170,3332,36839
리비아,2024-10-01,2024-10,48436,1935,46502
리비아,2024-11-01,2024-11,41325,1002,40322
리비아,2024-12-01,2024-12,40626,2657,37970
리비아,2025-01-01,2025-01,31689,1662,30027
리비아,2025-02-01,2025-02,42469,1627,40842
리비아,2025-03-01,2025-03,40606,18023,22583
리비아,2025-04-01,2025-04,39849,19578,20272
리비아,2025-05-01,2025-05,40636,1773,38863
리비아,2025-06-01,2025-06,28913,4447,24466
리비아,2025-07-01,2025-07,39275,2133,37141
리비아,2025-08-01,2025-08,33066,29186,3880
리비아,2025-09-01,2025-09,47294,18280,29015
리비아,2025-10-01,2025-10,36676,36499,176
리비아,2025-11-01,2025-11,38489,1788,36701
리비아,2025-12-01,2025-12,35901,3162,32738
리비아,2026-01-01,2026-01,25591,1572,24019
리비아,2026-02-01,2026-02,25250,3661,21589
리비아,2026-03-01,2026-03,27304,60819,-33515
리비아,2026-04-01,2026-04,36687,68643,-31956
리비아,2026-05-01,2026-05,30336,212253,-181917
리비아,2026-06-01,2026-06,40139,56731,-16592
리비아,2026-07-01,2026-07,48204,184054,-135850
리투아니아,2024-01-01,2024-01,55732,6180,49552
리투아니아,2024-02-01,2024-02,33810,5775,28035
리투아니아,2024-03-01,2024-03,37877,9580,28296
리투아니아,2024-04-01,2024-04,34296,8079,26217
리투아니아,2024-05-01,2024-05,45486,7763,37723
리투아니아,2024-06-01,2024-06,32325,11896,20429
리투아니아,2024-07-01,2024-07,65160,9307,55853
리투아니아,2024-08-01,2024-08,27594,9501,18093
리투아니아,2024-09-01,2024-09,52319,14353,37966
리투아니아,2024-10-01,2024-10,38916,12427,26489
리투아니아,2024-11-01,2024-11,31378,7297,24081
리투아니아,2024-12-01,2024-12,55733,13077,42656
리투아니아,2025-01-01,2025-01,29687,6615,23072
리투아니아,2025-02-01,2025-02,39425,7665,31761
리투아니아,2025-03-01,2025-03,30300,11851,18449
리투아니아,2025-04-01,2025-04,39619,8046,31573
리투아니아,2025-05-01,2025-05,31587,7976,23611
리투아니아,2025-06-01,2025-06,23644,13033,10611
리투아니아,2025-07-01,2025-07,49205,11640,37565
리투아니아,2025-08-01,2025-08,16629,14174,2455
리투아니아,2025-09-01,2025-09,34789,11126,23663
리투아니아,2025-10-01,2025-10,36121,8337,27784
리투아니아,2025-11-01,2025-11,20639,8262,12377
리투아니아,2025-12-01,2025-12,33287,11642,21645
리투아니아,2026-01-01,2026-01,30471,9209,21262
리투아니아,2026-02-01,2026-02,31006,5530,25477
리투아니아,2026-03-01,2026-03,39193,13010,26183
리투아니아,2026-04-01,2026-04,48201,8402,39799
리투아니아,2026-05-01,2026-05,38256,7862,30394
리투아니아,2026-06-01,2026-06,35435,9137,26298
리투아니아,2026-07-01,2026-07,31451,15834,15617
리히텐슈타인,2024-01-01,2024-01,633,1365,-733
리히텐슈타인,2024-02-01,2024-02,703,1283,-580
리히텐슈타인,2024-03-01,2024-03,742,1313,-571
리히텐슈타인,2024-04-01,2024-04,1211,1711,-500
리히텐슈타인,2024-05-01,2024-05,677,2094,-1417
리히텐슈타인,2024-06-01,2024-06,802,1894,-1091
리히텐슈타인,2024-07-01,2024-07,1183,2055,-872
리히텐슈타인,2024-08-01,2024-08,793,1514,-720
리히텐슈타인,2024-09-01,2024-09,940,1614,-674
리히텐슈타인,2024-10-01,2024-10,617,1867,-1250
리히텐슈타인,2024-11-01,2024-11,686,1981,-1294
리히텐슈타인,2024-12-01,2024-12,931,1507,-576
리히텐슈타인,2025-01-01,2025-01,528,962,-435
리히텐슈타인,2025-02-01,2025-02,665,1932,-1267
리히텐슈타인,2025-03-01,2025-03,738,1893,-1155
리히텐슈타인,2025-04-01,2025-04,960,1785,-825
리히텐슈타인,2025-05-01,2025-05,643,1899,-1256
리히텐슈타인,2025-06-01,2025-06,731,2074,-1344
리히텐슈타인,2025-07-01,2025-07,954,2240,-1286
리히텐슈타인,2025-08-01,2025-08,629,1324,-696
리히텐슈타인,2025-09-01,2025-09,954,2375,-1421
리히텐슈타인,2025-10-01,2025-10,664,1544,-879
리히텐슈타인,2025-11-01,2025-11,532,2053,-1520
리히텐슈타인,2025-12-01,2025-12,647,2840,-2193
리히텐슈타인,2026-01-01,2026-01,1063,1927,-864
리히텐슈타인,2026-02-01,2026-02,632,2627,-1995
리히텐슈타인,2026-03-01,2026-03,846,3353,-2507
리히텐슈타인,2026-04-01,2026-04,939,2441,-1503
리히텐슈타인,2026-05-01,2026-05,709,2456,-1746
리히텐슈타인,2026-06-01,2026-06,680,2535,-1855
리히텐슈타인,2026-07-01,2026-07,917,2960,-2043
마다카스카르,2024-01-01,2024-01,3046,1448,1598
마다카스카르,2024-02-01,2024-02,2680,15244,-12564
마다카스카르,2024-03-01,2024-03,2783,14082,-11298
마다카스카르,2024-04-01,2024-04,6738,5877,861
마다카스카르,2024-05-01,2024-05,3212,10840,-7628
마다카스카르,2024-06-01,2024-06,1869,7922,-6053
마다카스카르,2024-07-01,2024-07,4853,18590,-13736
마다카스카르,2024-08-01,2024-08,3077,10678,-7601
마다카스카르,2024-09-01,2024-09,2569,5277,-2708
마다카스카르,2024-10-01,2024-10,3407,11674,-8267
마다카스카르,2024-11-01,2024-11,2872,11338,-8466
마다카스카르,2024-12-01,2024-12,2308,8713,-6405
마다카스카르,2025-01-01,2025-01,1798,6259,-4462
마다카스카르,2025-02-01,2025-02,2519,11441,-8922
마다카스카르,2025-03-01,2025-03,2488,5014,-2526
마다카스카르,2025-04-01,2025-04,6220,8002,-1782
마다카스카르,2025-05-01,2025-05,2555,7860,-5305
마다카스카르,2025-06-01,2025-06,1870,6572,-4702
마다카스카르,2025-07-01,2025-07,4529,10065,-5536
마다카스카르,2025-08-01,2025-08,6494,1514,4979
마다카스카르,2025-09-01,2025-09,3239,6651,-3413
마다카스카르,2025-10-01,2025-10,2953,2677,276
마다카스카르,2025-11-01,2025-11,4319,10048,-5729
마다카스카르,2025-12-01,2025-12,2730,10736,-8006
마다카스카르,2026-01-01,2026-01,3664,2421,1242
마다카스카르,2026-02-01,2026-02,2186,7133,-4947
마다카스카르,2026-03-01,2026-03,2917,7246,-4329
마다카스카르,2026-04-01,2026-04,4022,6849,-2827
마다카스카르,2026-05-01,2026-05,3556,7243,-3688
마다카스카르,2026-06-01,2026-06,3894,11963,-8069
마다카스카르,2026-07-01,2026-07,5450,9085,-3635
마샬군도,2024-01-01,2024-01,358193,1,358192
마샬군도,2024-02-01,2024-02,242677,81,242596
마샬군도,2024-03-01,2024-03,47451,58038,-10588
마샬군도,2024-04-01,2024-04,230731,5,230726
마샬군도,2024-05-01,2024-05,274110,86,274024
마샬군도,2024-06-01,2024-06,55138,3,55135
마샬군도,2024-07-01,2024-07,312,80,232
마샬군도,2024-08-01,2024-08,420558,105,420452
마샬군도,2024-09-01,2024-09,722816,23,722792
마샬군도,2024-10-01,2024-10,197244,299,196945
마샬군도,2024-11-01,2024-11,363,153,210
마샬군도,2024-12-01,2024-12,45013,174,44839
마샬군도,2025-01-01,2025-01,737986,57,737929
마샬군도,2025-02-01,2025-02,355701,213,355489
마샬군도,2025-03-01,2025-03,122796,60973,61823
마샬군도,2025-04-01,2025-04,180050,159,179890
마샬군도,2025-05-01,2025-05,278004,85,277919
마샬군도,2025-06-01,2025-06,150341,30054,120287
마샬군도,2025-07-01,2025-07,227469,100,227369
마샬군도,2025-08-01,2025-08,612134,74,612060
마샬군도,2025-09-01,2025-09,480232,196,480036
마샬군도,2025-10-01,2025-10,462064,2,462062
마샬군도,2025-11-01,2025-11,652252,47,652206
마샬군도,2025-12-01,2025-12,1008679,41,1008639
마샬군도,2026-01-01,2026-01,294994,40,294954
마샬군도,2026-02-01,2026-02,822419,77,822342
마샬군도,2026-03-01,2026-03,582810,5587,577223
마샬군도,2026-04-01,2026-04,542321,58,542263
마샬군도,2026-05-01,2026-05,693427,46,693381
마샬군도,2026-06-01,2026-06,715752,143,715610
마샬군도,2026-07-01,2026-07,866457,4,866453
마세도니아,2024-01-01,2024-01,306,414,-108
마세도니아,2024-02-01,2024-02,341,1001,-660
마세도니아,2024-03-01,2024-03,779,571,208
마세도니아,2024-04-01,2024-04,834,646,189
마세도니아,2024-05-01,2024-05,965,265,699
마세도니아,2024-06-01,2024-06,711,126,585
마세도니아,2024-07-01,2024-07,953,483,470
마세도니아,2024-08-01,2024-08,495,234,261
마세도니아,2024-09-01,2024-09,1020,3785,-2765
마세도니아,2024-10-01,2024-10,953,728,225
마세도니아,2024-11-01,2024-11,574,179,395
마세도니아,2024-12-01,2024-12,539,140,399
마세도니아,2025-01-01,2025-01,242,845,-603
마세도니아,2025-02-01,2025-02,721,568,152
마세도니아,2025-03-01,2025-03,807,625,182
마세도니아,2025-04-01,2025-04,811,461,350
마세도니아,2025-05-01,2025-05,867,599,268
마세도니아,2025-06-01,2025-06,1870,306,1564
마세도니아,2025-07-01,2025-07,1436,563,873
마세도니아,2025-08-01,2025-08,945,952,-7
마세도니아,2025-09-01,2025-09,1357,184,1173
마세도니아,2025-10-01,2025-10,894,253,640
마세도니아,2025-11-01,2025-11,439,1093,-654
마세도니아,2025-12-01,2025-12,1307,635,672
마세도니아,2026-01-01,2026-01,822,813,9
마세도니아,2026-02-01,2026-02,799,230,569
마세도니아,2026-03-01,2026-03,954,181,773
마세도니아,2026-04-01,2026-04,897,396,501
마세도니아,2026-05-01,2026-05,724,248,476
마세도니아,2026-06-01,2026-06,1330,173,1157
마세도니아,2026-07-01,2026-07,868,1316,-448
마이너 아우틀링 합중국 군도,2024-01-01,2024-01,0,0,0
마이너 아우틀링 합중국 군도,2024-02-01,2024-02,0,0,0
마이너 아우틀링 합중국 군도,2024-03-01,2024-03,0,0,0
마이너 아우틀링 합중국 군도,2024-04-01,2024-04,0,0,0
마이너 아우틀링 합중국 군도,2024-05-01,2024-05,0,0,0
마이너 아우틀링 합중국 군도,2024-06-01,2024-06,0,0,0
마이너 아우틀링 합중국 군도,2024-07-01,2024-07,0,5,-5
마이너 아우틀링 합중국 군도,2024-08-01,2024-08,0,0,0
마이너 아우틀링 합중국 군도,2024-09-01,2024-09,0,0,0
마이너 아우틀링 합중국 군도,2024-10-01,2024-10,0,0,0
마이너 아우틀링 합중국 군도,2024-11-01,2024-11,0,1,-1
마이너 아우틀링 합중국 군도,2024-12-01,2024-12,0,0,0
마이너 아우틀링 합중국 군도,2025-01-01,2025-01,0,0,0
마이너 아우틀링 합중국 군도,2025-02-01,2025-02,0,10,-10
마이너 아우틀링 합중국 군도,2025-03-01,2025-03,0,0,0
마이너 아우틀링 합중국 군도,2025-04-01,2025-04,0,10,-10
마이너 아우틀링 합중국 군도,2025-05-01,2025-05,0,0,0
마이너 아우틀링 합중국 군도,2025-06-01,2025-06,0,1,-1
마이너 아우틀링 합중국 군도,2025-07-01,2025-07,0,0,0
마이너 아우틀링 합중국 군도,2025-08-01,2025-08,0,0,0
마이너 아우틀링 합중국 군도,2025-09-01,2025-09,0,0,0
마이너 아우틀링 합중국 군도,2025-10-01,2025-10,0,0,0
마이너 아우틀링 합중국 군도,2025-11-01,2025-11,0,0,0
마이너 아우틀링 합중국 군도,2025-12-01,2025-12,0,1,-1
마이너 아우틀링 합중국 군도,2026-01-01,2026-01,0,2,-2
마이너 아우틀링 합중국 군도,2026-02-01,2026-02,0,0,0
마이너 아우틀링 합중국 군도,2026-03-01,2026-03,0,9,-9
마이너 아우틀링 합중국 군도,2026-04-01,2026-04,0,0,0
마이너 아우틀링 합중국 군도,2026-05-01,2026-05,0,2,-2
마이너 아우틀링 합중국 군도,2026-06-01,2026-06,0,0,0
마이너 아우틀링 합중국 군도,2026-07-01,2026-07,0,0,0
마이크로네시아,2024-01-01,2024-01,577,2469,-1892
마이크로네시아,2024-02-01,2024-02,592,0,592
마이크로네시아,2024-03-01,2024-03,353,1,352
마이크로네시아,2024-04-01,2024-04,669,0,669
마이크로네시아,2024-05-01,2024-05,519,27,492
마이크로네시아,2024-06-01,2024-06,409,6,403
마이크로네시아,2024-07-01,2024-07,526,2,524
마이크로네시아,2024-08-01,2024-08,256,5,251
마이크로네시아,2024-09-01,2024-09,392,2,390
마이크로네시아,2024-10-01,2024-10,440,1,439
마이크로네시아,2024-11-01,2024-11,411,3,408
마이크로네시아,2024-12-01,2024-12,499,1,498
마이크로네시아,2025-01-01,2025-01,705,29,676
마이크로네시아,2025-02-01,2025-02,576,19,557
마이크로네시아,2025-03-01,2025-03,217,285,-67
마이크로네시아,2025-04-01,2025-04,527,17,510
마이크로네시아,2025-05-01,2025-05,810,74,737
마이크로네시아,2025-06-01,2025-06,499,289,210
마이크로네시아,2025-07-01,2025-07,607,134,473
마이크로네시아,2025-08-01,2025-08,168,26,142
마이크로네시아,2025-09-01,2025-09,700,36,664
마이크로네시아,2025-10-01,2025-10,546,23,523
마이크로네시아,2025-11-01,2025-11,676,53,622
마이크로네시아,2025-12-01,2025-12,1188,3,1185
마이크로네시아,2026-01-01,2026-01,393,29,364
마이크로네시아,2026-02-01,2026-02,669,2,667
마이크로네시아,2026-03-01,2026-03,642,27,615
마이크로네시아,2026-04-01,2026-04,903,0,903
마이크로네시아,2026-05-01,2026-05,409,55,354
마이크로네시아,2026-06-01,2026-06,715,14,702
마이크로네시아,2026-07-01,2026-07,635,117,519
마카오,2024-01-01,2024-01,1811,515,1297
마카오,2024-02-01,2024-02,897,304,594
마카오,2024-03-01,2024-03,1706,368,1339
마카오,2024-04-01,2024-04,673,188,485
마카오,2024-05-01,2024-05,928,262,666
마카오,2024-06-01,2024-06,557,197,359
마카오,2024-07-01,2024-07,1092,311,781
마카오,2024-08-01,2024-08,1054,191,863
마카오,2024-09-01,2024-09,1485,137,1348
마카오,2024-10-01,2024-10,786,260,526
마카오,2024-11-01,2024-11,967,171,796
마카오,2024-12-01,2024-12,1342,424,919
마카오,2025-01-01,2025-01,867,93,774
마카오,2025-02-01,2025-02,776,93,683
마카오,2025-03-01,2025-03,599,236,363
마카오,2025-04-01,2025-04,1315,175,1140
마카오,2025-05-01,2025-05,1603,125,1477
마카오,2025-06-01,2025-06,651,304,347
마카오,2025-07-01,2025-07,1291,156,1135
마카오,2025-08-01,2025-08,1489,222,1267
마카오,2025-09-01,2025-09,1685,140,1545
마카오,2025-10-01,2025-10,1060,179,882
마카오,2025-11-01,2025-11,571,66,505
마카오,2025-12-01,2025-12,1459,327,1132
마카오,2026-01-01,2026-01,1763,275,1488
마카오,2026-02-01,2026-02,1139,177,962
마카오,2026-03-01,2026-03,2430,595,1835
마카오,2026-04-01,2026-04,1769,194,1575
마카오,2026-05-01,2026-05,1338,216,1121
마카오,2026-06-01,2026-06,1347,276,1071
마카오,2026-07-01,2026-07,1476,454,1022
마티니크,2024-01-01,2024-01,997,0,997
마티니크,2024-02-01,2024-02,1272,0,1272
마티니크,2024-03-01,2024-03,1541,0,1541
마티니크,2024-04-01,2024-04,553,0,553
마티니크,2024-05-01,2024-05,1287,0,1287
마티니크,2024-06-01,2024-06,417,0,417
마티니크,2024-07-01,2024-07,366,1,365
마티니크,2024-08-01,2024-08,445,0,445
마티니크,2024-09-01,2024-09,571,0,571
마티니크,2024-10-01,2024-10,288,0,288
마티니크,2024-11-01,2024-11,2865,0,2865
마티니크,2024-12-01,2024-12,5962,0,5962
마티니크,2025-01-01,2025-01,1769,6,1764
마티니크,2025-02-01,2025-02,1026,1,1025
마티니크,2025-03-01,2025-03,575,0,575
마티니크,2025-04-01,2025-04,865,0,865
마티니크,2025-05-01,2025-05,1011,0,1011
마티니크,2025-06-01,2025-06,627,0,627
마티니크,2025-07-01,2025-07,307,0,307
마티니크,2025-08-01,2025-08,399,0,399
마티니크,2025-09-01,2025-09,2278,1,2277
마티니크,2025-10-01,2025-10,2959,0,2959
마티니크,2025-11-01,2025-11,1222,0,1222
마티니크,2025-12-01,2025-12,1937,0,1937
마티니크,2026-01-01,2026-01,62,0,62
마티니크,2026-02-01,2026-02,300,0,300
마티니크,2026-03-01,2026-03,572,0,572
마티니크,2026-04-01,2026-04,716,0,716
마티니크,2026-05-01,2026-05,1196,0,1196
마티니크,2026-06-01,2026-06,1574,0,1574
마티니크,2026-07-01,2026-07,4726,0,4726
말라위,2024-01-01,2024-01,2003,6433,-4431
말라위,2024-02-01,2024-02,149,3787,-3638
말라위,2024-03-01,2024-03,2777,2465,313
말라위,2024-04-01,2024-04,141,2743,-2602
말라위,2024-05-01,2024-05,61,122,-62
말라위,2024-06-01,2024-06,776,199,576
말라위,2024-07-01,2024-07,55,642,-588
말라위,2024-08-01,2024-08,91,277,-187
말라위,2024-09-01,2024-09,205,711,-506
말라위,2024-10-01,2024-10,293,313,-19
말라위,2024-11-01,2024-11,67,823,-756
말라위,2024-12-01,2024-12,2787,207,2580
말라위,2025-01-01,2025-01,69,1550,-1481
말라위,2025-02-01,2025-02,9,7272,-7263
말라위,2025-03-01,2025-03,34,10322,-10288
말라위,2025-04-01,2025-04,280,1831,-1551
말라위,2025-05-01,2025-05,97,443,-346
말라위,2025-06-01,2025-06,246,247,-1
말라위,2025-07-01,2025-07,282,431,-149
말라위,2025-08-01,2025-08,560,613,-53
말라위,2025-09-01,2025-09,726,972,-246
말라위,2025-10-01,2025-10,111,1889,-1778
말라위,2025-11-01,2025-11,190,2257,-2068
말라위,2025-12-01,2025-12,598,6671,-6073
말라위,2026-01-01,2026-01,167,2194,-2027
말라위,2026-02-01,2026-02,1258,1721,-463
말라위,2026-03-01,2026-03,273,1261,-989
말라위,2026-04-01,2026-04,346,3789,-3443
말라위,2026-05-01,2026-05,868,1716,-848
말라위,2026-06-01,2026-06,469,2126,-1657
말라위,2026-07-01,2026-07,90,1718,-1627
말레이시아,2024-01-01,2024-01,774737,1367470,-592733
말레이시아,2024-02-01,2024-02,938591,1116085,-177494
말레이시아,2024-03-01,2024-03,805262,1061066,-255804
말레이시아,2024-04-01,2024-04,862003,1028087,-166084
말레이시아,2024-05-01,2024-05,834675,1016349,-181674
말레이시아,2024-06-01,2024-06,841755,1135523,-293767
말레이시아,2024-07-01,2024-07,944802,1048847,-104045
말레이시아,2024-08-01,2024-08,921760,1256219,-334459
말레이시아,2024-09-01,2024-09,822186,1039706,-217520
말레이시아,2024-10-01,2024-10,1038699,1215851,-177153
말레이시아,2024-11-01,2024-11,855432,1375506,-520075
말레이시아,2024-12-01,2024-12,803343,1320471,-517128
말레이시아,2025-01-01,2025-01,921582,1350979,-429397
말레이시아,2025-02-01,2025-02,1033844,1379681,-345838
말레이시아,2025-03-01,2025-03,980220,1184820,-204601
말레이시아,2025-04-01,2025-04,868690,1308252,-439561
말레이시아,2025-05-01,2025-05,1026452,1103601,-77149
말레이시아,2025-06-01,2025-06,1031925,1242515,-210589
말레이시아,2025-07-01,2025-07,1049177,1213124,-163947
말레이시아,2025-08-01,2025-08,1039247,1340621,-301374
말레이시아,2025-09-01,2025-09,1025125,1345162,-320037
말레이시아,2025-10-01,2025-10,707218,1325938,-618720
말레이시아,2025-11-01,2025-11,1276764,1186888,89876
말레이시아,2025-12-01,2025-12,1406127,1531142,-125016
말레이시아,2026-01-01,2026-01,976721,1617577,-640856
말레이시아,2026-02-01,2026-02,1733073,1366812,366261
말레이시아,2026-03-01,2026-03,1427980,1732681,-304701
말레이시아,2026-04-01,2026-04,1536350,2084113,-547762
말레이시아,2026-05-01,2026-05,1461439,1386275,75164
말레이시아,2026-06-01,2026-06,2457720,1788989,668731
말레이시아,2026-07-01,2026-07,2579528,1702262,877266
말리,2024-01-01,2024-01,930,7,923
말리,2024-02-01,2024-02,39,0,39
말리,2024-03-01,2024-03,86,5,81
말리,2024-04-01,2024-04,1001,4746,-3744
말리,2024-05-01,2024-05,647,0,647
말리,2024-06-01,2024-06,128,0,128
말리,2024-07-01,2024-07,878,8,870
말리,2024-08-01,2024-08,922,126,796
말리,2024-09-01,2024-09,33,106,-72
말리,2024-10-01,2024-10,2795,0,2795
말리,2024-11-01,2024-11,107,4,103
말리,2024-12-01,2024-12,375,9,365
말리,2025-01-01,2025-01,1047,104,943
말리,2025-02-01,2025-02,76,1,75
말리,2025-03-01,2025-03,917,0,917
말리,2025-04-01,2025-04,1015,126,889
말리,2025-05-01,2025-05,55,127,-72
말리,2025-06-01,2025-06,850,0,850
말리,2025-07-01,2025-07,1269,123,1145
말리,2025-08-01,2025-08,599,332,267
말리,2025-09-01,2025-09,354,269,85
말리,2025-10-01,2025-10,58,573,-514
말리,2025-11-01,2025-11,2869,0,2869
말리,2025-12-01,2025-12,43,0,43
말리,2026-01-01,2026-01,165,6,159
말리,2026-02-01,2026-02,204,0,204
말리,2026-03-01,2026-03,392,1,391
말리,2026-04-01,2026-04,682,0,682
말리,2026-05-01,2026-05,2140,444,1696
말리,2026-06-01,2026-06,833,52,780
말리,2026-07-01,2026-07,417,4,413
맨섬,2024-01-01,2024-01,0,4,-4
맨섬,2024-02-01,2024-02,0,13,-13
맨섬,2024-03-01,2024-03,0,2,-2
맨섬,2024-04-01,2024-04,0,231,-231
맨섬,2024-05-01,2024-05,0,0,0
맨섬,2024-06-01,2024-06,0,0,0
맨섬,2024-07-01,2024-07,0,0,0
맨섬,2024-08-01,2024-08,0,0,0
맨섬,2024-09-01,2024-09,0,0,0
맨섬,2024-10-01,2024-10,0,0,0
맨섬,2024-11-01,2024-11,0,33,-33
맨섬,2024-12-01,2024-12,0,0,0
맨섬,2025-01-01,2025-01,0,0,0
맨섬,2025-02-01,2025-02,0,0,0
맨섬,2025-03-01,2025-03,0,0,0
맨섬,2025-04-01,2025-04,0,42,-42
맨섬,2025-05-01,2025-05,0,0,0
맨섬,2025-06-01,2025-06,0,20,-20
맨섬,2025-07-01,2025-07,0,4,-4
맨섬,2025-08-01,2025-08,0,0,0
맨섬,2025-09-01,2025-09,0,1,-1
맨섬,2025-10-01,2025-10,0,11,-11
맨섬,2025-11-01,2025-11,0,0,0
맨섬,2025-12-01,2025-12,0,0,0
맨섬,2026-01-01,2026-01,0,1,-1
맨섬,2026-02-01,2026-02,0,0,0
맨섬,2026-03-01,2026-03,0,0,0
맨섬,2026-04-01,2026-04,0,0,0
맨섬,2026-05-01,2026-05,0,0,0
맨섬,2026-06-01,2026-06,0,0,0
맨섬,2026-07-01,2026-07,0,0,0
메요트,2024-01-01,2024-01,159,0,159
메요트,2024-02-01,2024-02,0,0,0
메요트,2024-03-01,2024-03,239,0,239
메요트,2024-04-01,2024-04,0,0,0
메요트,2024-05-01,2024-05,12,0,12
메요트,2024-06-01,2024-06,13,0,13
메요트,2024-07-01,2024-07,0,0,0
메요트,2024-08-01,2024-08,138,0,138
메요트,2024-09-01,2024-09,87,0,87
메요트,2024-10-01,2024-10,528,0,528
메요트,2024-11-01,2024-11,204,0,204
메요트,2024-12-01,2024-12,2,0,2
메요트,2025-01-01,2025-01,89,0,89
메요트,2025-02-01,2025-02,2,0,2
메요트,2025-03-01,2025-03,25,0,25
메요트,2025-04-01,2025-04,0,0,0
메요트,2025-05-01,2025-05,534,0,534
메요트,2025-06-01,2025-06,427,0,427
메요트,2025-07-01,2025-07,890,0,890
메요트,2025-08-01,2025-08,442,0,442
메요트,2025-09-01,2025-09,49,0,49
메요트,2025-10-01,2025-10,43,0,43
메요트,2025-11-01,2025-11,166,0,166
메요트,2025-12-01,2025-12,209,0,209
메요트,2026-01-01,2026-01,348,0,348
메요트,2026-02-01,2026-02,46,0,46
메요트,2026-03-01,2026-03,93,0,93
메요트,2026-04-01,2026-04,0,0,0
메요트,2026-05-01,2026-05,39,0,39
메요트,2026-06-01,2026-06,660,0,660
메요트,2026-07-01,2026-07,36,0,36
멕시코,2024-01-01,2024-01,1107426,772681,334745
멕시코,2024-02-01,2024-02,1091334,420913,670420
멕시코,2024-03-01,2024-03,1181040,427353,753687
멕시코,2024-04-01,2024-04,1141358,634692,506666
멕시코,2024-05-01,2024-05,1179961,662550,517411
멕시코,2024-06-01,2024-06,1213091,526482,686608
멕시코,2024-07-01,2024-07,1327740,880205,447534
멕시코,2024-08-01,2024-08,1085010,729718,355292
멕시코,2024-09-01,2024-09,1037904,527226,510678
멕시코,2024-10-01,2024-10,1125856,569725,556132
멕시코,2024-11-01,2024-11,980571,591079,389492
멕시코,2024-12-01,2024-12,1132940,771043,361897
멕시코,2025-01-01,2025-01,947164,767989,179176
멕시코,2025-02-01,2025-02,961378,640039,321339
멕시코,2025-03-01,2025-03,942536,703028,239508
멕시코,2025-04-01,2025-04,1044406,599038,445368
멕시코,2025-05-01,2025-05,1067191,702788,364403
멕시코,2025-06-01,2025-06,978440,1101780,-123340
멕시코,2025-07-01,2025-07,1075294,627634,447660
멕시코,2025-08-01,2025-08,997130,620792,376337
멕시코,2025-09-01,2025-09,1136443,690208,446235
멕시코,2025-10-01,2025-10,946692,777890,168802
멕시코,2025-11-01,2025-11,908778,623927,284851
멕시코,2025-12-01,2025-12,1050833,611377,439456
멕시코,2026-01-01,2026-01,1020311,895985,124326
멕시코,2026-02-01,2026-02,952839,755150,197689
멕시코,2026-03-01,2026-03,1502995,858527,644468
멕시코,2026-04-01,2026-04,1348184,970526,377658
멕시코,2026-05-01,2026-05,1532847,575071,957776
멕시코,2026-06-01,2026-06,1569669,701521,868148
멕시코,2026-07-01,2026-07,1329958,1322124,7834
모나코,2024-01-01,2024-01,0,273,-273
모나코,2024-02-01,2024-02,0,213,-213
모나코,2024-03-01,2024-03,16,431,-416
모나코,2024-04-01,2024-04,1,264,-264
모나코,2024-05-01,2024-05,1,150,-149
모나코,2024-06-01,2024-06,0,199,-199
모나코,2024-07-01,2024-07,0,542,-542
모나코,2024-08-01,2024-08,23,268,-244
모나코,2024-09-01,2024-09,56,229,-173
모나코,2024-10-01,2024-10,6,255,-249
모나코,2024-11-01,2024-11,1,110,-110
모나코,2024-12-01,2024-12,13,887,-874
모나코,2025-01-01,2025-01,21,215,-194
모나코,2025-02-01,2025-02,4,362,-358
모나코,2025-03-01,2025-03,42,446,-404
모나코,2025-04-01,2025-04,0,51,-51
모나코,2025-05-01,2025-05,167,295,-128
모나코,2025-06-01,2025-06,58,195,-137
모나코,2025-07-01,2025-07,106,317,-212
모나코,2025-08-01,2025-08,5,498,-493
모나코,2025-09-01,2025-09,529,285,244
모나코,2025-10-01,2025-10,2,260,-259
모나코,2025-11-01,2025-11,387,173,214
모나코,2025-12-01,2025-12,57,486,-429
모나코,2026-01-01,2026-01,5,43,-38
모나코,2026-02-01,2026-02,14,445,-432
모나코,2026-03-01,2026-03,1040,730,310
모나코,2026-04-01,2026-04,43,208,-166
모나코,2026-05-01,2026-05,1,606,-605
모나코,2026-06-01,2026-06,46,630,-584
모나코,2026-07-01,2026-07,194,806,-612
모로코,2024-01-01,2024-01,28175,25034,3142
모로코,2024-02-01,2024-02,25693,16454,9240
모로코,2024-03-01,2024-03,31972,19760,12213
모로코,2024-04-01,2024-04,35527,10714,24813
모로코,2024-05-01,2024-05,29435,19146,10289
모로코,2024-06-01,2024-06,25929,12829,13100
모로코,2024-07-01,2024-07,31765,13244,18521
모로코,2024-08-01,2024-08,28332,10298,18034
모로코,2024-09-01,2024-09,23951,20139,3812
모로코,2024-10-01,2024-10,42253,12480,29773
모로코,2024-11-01,2024-11,32913,9241,23672
모로코,2024-12-01,2024-12,29847,21338,8509
모로코,2025-01-01,2025-01,20647,13057,7590
모로코,2025-02-01,2025-02,32212,23832,8380
모로코,2025-03-01,2025-03,31897,19070,12827
모로코,2025-04-01,2025-04,34495,24358,10137
모로코,2025-05-01,2025-05,36887,21523,15364
모로코,2025-06-01,2025-06,39439,18189,21250
모로코,2025-07-01,2025-07,34534,22398,12136
모로코,2025-08-01,2025-08,29060,17208,11852
모로코,2025-09-01,2025-09,46618,22329,24289
모로코,2025-10-01,2025-10,36040,26789,9251
모로코,2025-11-01,2025-11,35667,14217,21451
모로코,2025-12-01,2025-12,36414,36485,-70
모로코,2026-01-01,2026-01,29543,20514,9029
모로코,2026-02-01,2026-02,40135,52412,-12277
모로코,2026-03-01,2026-03,39919,28990,10929
모로코,2026-04-01,2026-04,31006,24877,6128
모로코,2026-05-01,2026-05,31514,18314,13200
모로코,2026-06-01,2026-06,72756,34958,37799
모로코,2026-07-01,2026-07,30243,27635,2608
모리셔스,2024-01-01,2024-01,3699,437,3262
모리셔스,2024-02-01,2024-02,3136,642,2494
모리셔스,2024-03-01,2024-03,5978,644,5335
모리셔스,2024-04-01,2024-04,4756,369,4387
모리셔스,2024-05-01,2024-05,4429,281,4148
모리셔스,2024-06-01,2024-06,4383,362,4020
모리셔스,2024-07-01,2024-07,5045,600,4444
모리셔스,2024-08-01,2024-08,3095,672,2423
모리셔스,2024-09-01,2024-09,5868,478,5390
모리셔스,2024-10-01,2024-10,6849,226,6623
모리셔스,2024-11-01,2024-11,5058,348,4710
모리셔스,2024-12-01,2024-12,4408,458,3950
모리셔스,2025-01-01,2025-01,3237,188,3049
모리셔스,2025-02-01,2025-02,3485,326,3159
모리셔스,2025-03-01,2025-03,3510,371,3139
모리셔스,2025-04-01,2025-04,5097,431,4666
모리셔스,2025-05-01,2025-05,3296,98,3198
모리셔스,2025-06-01,2025-06,4803,189,4614
모리셔스,2025-07-01,2025-07,2959,262,2697
모리셔스,2025-08-01,2025-08,2962,264,2698
모리셔스,2025-09-01,2025-09,3668,203,3465
모리셔스,2025-10-01,2025-10,2849,255,2594
모리셔스,2025-11-01,2025-11,2651,134,2517
모리셔스,2025-12-01,2025-12,3998,323,3675
모리셔스,2026-01-01,2026-01,2126,149,1977
모리셔스,2026-02-01,2026-02,1618,185,1433
모리셔스,2026-03-01,2026-03,2730,357,2372
모리셔스,2026-04-01,2026-04,3381,234,3147
모리셔스,2026-05-01,2026-05,4913,556,4357
모리셔스,2026-06-01,2026-06,2508,104,2404
모리셔스,2026-07-01,2026-07,6031,135,5897
모리타니,2024-01-01,2024-01,1120,1935,-816
모리타니,2024-02-01,2024-02,603,772,-169
모리타니,2024-03-01,2024-03,1292,2595,-1303
모리타니,2024-04-01,2024-04,2996,3265,-268
모리타니,2024-05-01,2024-05,1101,2734,-1633
모리타니,2024-06-01,2024-06,987,1741,-754
모리타니,2024-07-01,2024-07,472,4188,-3716
모리타니,2024-08-01,2024-08,947,2108,-1161
모리타니,2024-09-01,2024-09,1062,2631,-1569
모리타니,2024-10-01,2024-10,694,3174,-2480
모리타니,2024-11-01,2024-11,2106,5985,-3879
모리타니,2024-12-01,2024-12,1259,3968,-2709
모리타니,2025-01-01,2025-01,462,1503,-1041
모리타니,2025-02-01,2025-02,737,1283,-546
모리타니,2025-03-01,2025-03,527,1383,-855
모리타니,2025-04-01,2025-04,5031,1479,3553
모리타니,2025-05-01,2025-05,1113,741,372
모리타니,2025-06-01,2025-06,1244,1268,-24
모리타니,2025-07-01,2025-07,929,1563,-633
모리타니,2025-08-01,2025-08,436,1347,-912
모리타니,2025-09-01,2025-09,1274,1353,-79
모리타니,2025-10-01,2025-10,410,1468,-1057
모리타니,2025-11-01,2025-11,825,1556,-731
모리타니,2025-12-01,2025-12,1020,2515,-1495
모리타니,2026-01-01,2026-01,1041,1251,-209
모리타니,2026-02-01,2026-02,700,0,700
모리타니,2026-03-01,2026-03,630,1466,-836
모리타니,2026-04-01,2026-04,902,2152,-1250
모리타니,2026-05-01,2026-05,2423,3333,-910
모리타니,2026-06-01,2026-06,917,753,164
모리타니,2026-07-01,2026-07,919,2274,-1355
모잠비크,2024-01-01,2024-01,6310,242944,-236634
모잠비크,2024-02-01,2024-02,5682,64365,-58684
모잠비크,2024-03-01,2024-03,6031,37231,-31199
모잠비크,2024-04-01,2024-04,6030,125772,-119742
모잠비크,2024-05-01,2024-05,4055,39782,-35727
모잠비크,2024-06-01,2024-06,5061,16617,-11556
모잠비크,2024-07-01,2024-07,8257,710,7546
모잠비크,2024-08-01,2024-08,6733,36107,-29374
모잠비크,2024-09-01,2024-09,5895,45257,-39362
모잠비크,2024-10-01,2024-10,7490,483,7006
모잠비크,2024-11-01,2024-11,8958,46034,-37076
모잠비크,2024-12-01,2024-12,7406,77841,-70434
모잠비크,2025-01-01,2025-01,5667,37753,-32086
모잠비크,2025-02-01,2025-02,3293,52603,-49310
모잠비크,2025-03-01,2025-03,7820,186348,-178528
모잠비크,2025-04-01,2025-04,11481,73646,-62164
모잠비크,2025-05-01,2025-05,6877,41515,-34638
모잠비크,2025-06-01,2025-06,13961,53503,-39542
모잠비크,2025-07-01,2025-07,7670,293,7377
모잠비크,2025-08-01,2025-08,10961,103463,-92502
모잠비크,2025-09-01,2025-09,9307,83468,-74161
모잠비크,2025-10-01,2025-10,4456,657,3799
모잠비크,2025-11-01,2025-11,7719,62260,-54541
모잠비크,2025-12-01,2025-12,15621,86851,-71230
모잠비크,2026-01-01,2026-01,9832,41981,-32149
모잠비크,2026-02-01,2026-02,5621,4233,1388
모잠비크,2026-03-01,2026-03,7660,76668,-69008
모잠비크,2026-04-01,2026-04,16892,55615,-38723
모잠비크,2026-05-01,2026-05,8239,994,7245
모잠비크,2026-06-01,2026-06,15120,82691,-67571
모잠비크,2026-07-01,2026-07,23726,70895,-47169
몬테네그로,2024-01-01,2024-01,1874,44768,-42894
몬테네그로,2024-02-01,2024-02,1203,17219,-16016
몬테네그로,2024-03-01,2024-03,3442,0,3442
몬테네그로,2024-04-01,2024-04,1075,1,1074
몬테네그로,2024-05-01,2024-05,38,16413,-16375
몬테네그로,2024-06-01,2024-06,111,1,110
몬테네그로,2024-07-01,2024-07,315,1242,-927
몬테네그로,2024-08-01,2024-08,39,0,38
몬테네그로,2024-09-01,2024-09,727,11242,-10515
몬테네그로,2024-10-01,2024-10,281,3875,-3595
몬테네그로,2024-11-01,2024-11,638,19,619
몬테네그로,2024-12-01,2024-12,608,41,567
몬테네그로,2025-01-01,2025-01,480,2,478
몬테네그로,2025-02-01,2025-02,743,10,733
몬테네그로,2025-03-01,2025-03,1024,206,818
몬테네그로,2025-04-01,2025-04,1888,10,1878
몬테네그로,2025-05-01,2025-05,1202,1,1201
몬테네그로,2025-06-01,2025-06,278,1,277
몬테네그로,2025-07-01,2025-07,153,2,152
몬테네그로,2025-08-01,2025-08,829,5,824
몬테네그로,2025-09-01,2025-09,143,0,142
몬테네그로,2025-10-01,2025-10,686,20701,-20015
몬테네그로,2025-11-01,2025-11,170,5,166
몬테네그로,2025-12-01,2025-12,449,13,436
몬테네그로,2026-01-01,2026-01,836,0,836
몬테네그로,2026-02-01,2026-02,245,0,245
몬테네그로,2026-03-01,2026-03,335,1,334
몬테네그로,2026-04-01,2026-04,159,1,157
몬테네그로,2026-05-01,2026-05,262,338,-76
몬테네그로,2026-06-01,2026-06,680,91,589
몬테네그로,2026-07-01,2026-07,325,2,323
몬트세라트,2024-01-01,2024-01,0,0,0
몬트세라트,2024-02-01,2024-02,0,0,0
몬트세라트,2024-03-01,2024-03,0,0,0
몬트세라트,2024-04-01,2024-04,1,0,1
몬트세라트,2024-05-01,2024-05,0,1,-1
몬트세라트,2024-06-01,2024-06,0,0,0
몬트세라트,2024-07-01,2024-07,1,3,-2
몬트세라트,2024-08-01,2024-08,1,3,-2
몬트세라트,2024-09-01,2024-09,0,57,-57
몬트세라트,2024-10-01,2024-10,0,0,0
몬트세라트,2024-11-01,2024-11,0,4,-4
몬트세라트,2024-12-01,2024-12,0,27,-27
몬트세라트,2025-01-01,2025-01,1,0,1
몬트세라트,2025-02-01,2025-02,0,3,-3
몬트세라트,2025-03-01,2025-03,0,1,-1
몬트세라트,2025-04-01,2025-04,0,0,0
몬트세라트,2025-05-01,2025-05,0,8,-8
몬트세라트,2025-06-01,2025-06,3,9,-6
몬트세라트,2025-07-01,2025-07,0,0,0
몬트세라트,2025-08-01,2025-08,1,0,1
몬트세라트,2025-09-01,2025-09,269,11,259
몬트세라트,2025-10-01,2025-10,0,0,0
몬트세라트,2025-11-01,2025-11,0,1,-1
몬트세라트,2025-12-01,2025-12,0,0,0
몬트세라트,2026-01-01,2026-01,0,0,0
몬트세라트,2026-02-01,2026-02,0,0,0
몬트세라트,2026-03-01,2026-03,0,3,-3
몬트세라트,2026-04-01,2026-04,0,0,0
몬트세라트,2026-05-01,2026-05,0,0,0
몬트세라트,2026-06-01,2026-06,0,0,0
몬트세라트,2026-07-01,2026-07,0,0,0
몰도바,2024-01-01,2024-01,3438,19024,-15587
몰도바,2024-02-01,2024-02,6042,7990,-1948
몰도바,2024-03-01,2024-03,9040,6206,2834
몰도바,2024-04-01,2024-04,6823,10721,-3898
몰도바,2024-05-01,2024-05,5164,5295,-131
몰도바,2024-06-01,2024-06,4983,3018,1965
몰도바,2024-07-01,2024-07,5712,2635,3077
몰도바,2024-08-01,2024-08,7274,5878,1396
몰도바,2024-09-01,2024-09,6330,4094,2235
몰도바,2024-10-01,2024-10,6199,4047,2152
몰도바,2024-11-01,2024-11,5549,4031,1519
몰도바,2024-12-01,2024-12,6258,4905,1353
몰도바,2025-01-01,2025-01,5796,5203,592
몰도바,2025-02-01,2025-02,6576,4653,1923
몰도바,2025-03-01,2025-03,5573,2217,3356
몰도바,2025-04-01,2025-04,5399,3070,2329
몰도바,2025-05-01,2025-05,5039,2750,2288
몰도바,2025-06-01,2025-06,6961,4548,2414
몰도바,2025-07-01,2025-07,5653,5230,423
몰도바,2025-08-01,2025-08,4388,4453,-65
몰도바,2025-09-01,2025-09,7618,4555,3063
몰도바,2025-10-01,2025-10,5351,4342,1009
몰도바,2025-11-01,2025-11,5009,5526,-517
몰도바,2025-12-01,2025-12,4405,4264,141
몰도바,2026-01-01,2026-01,6493,3999,2494
몰도바,2026-02-01,2026-02,5639,2345,3294
몰도바,2026-03-01,2026-03,7994,3194,4800
몰도바,2026-04-01,2026-04,5700,2807,2894
몰도바,2026-05-01,2026-05,5894,3401,2494
몰도바,2026-06-01,2026-06,6622,3253,3368
몰도바,2026-07-01,2026-07,10234,1984,8250
몰디브,2024-01-01,2024-01,930,0,930
몰디브,2024-02-01,2024-02,938,1,937
몰디브,2024-03-01,2024-03,571,5,566
몰디브,2024-04-01,2024-04,711,3,708
몰디브,2024-05-01,2024-05,541,1,540
몰디브,2024-06-01,2024-06,673,5,668
몰디브,2024-07-01,2024-07,684,0,684
몰디브,2024-08-01,2024-08,600,3,597
몰디브,2024-09-01,2024-09,1714,84,1630
몰디브,2024-10-01,2024-10,580,0,580
몰디브,2024-11-01,2024-11,1629,1,1629
몰디브,2024-12-01,2024-12,1731,4,1727
몰디브,2025-01-01,2025-01,412,2,410
몰디브,2025-02-01,2025-02,640,1,639
몰디브,2025-03-01,2025-03,1242,0,1242
몰디브,2025-04-01,2025-04,642,1,642
몰디브,2025-05-01,2025-05,759,0,759
몰디브,2025-06-01,2025-06,383,0,383
몰디브,2025-07-01,2025-07,1050,26,1024
몰디브,2025-08-01,2025-08,272,3,269
몰디브,2025-09-01,2025-09,1508,1,1507
몰디브,2025-10-01,2025-10,914,1,913
몰디브,2025-11-01,2025-11,1040,1,1039
몰디브,2025-12-01,2025-12,829,0,829
몰디브,2026-01-01,2026-01,715,4,711
몰디브,2026-02-01,2026-02,405,0,405
몰디브,2026-03-01,2026-03,1342,5,1336
몰디브,2026-04-01,2026-04,1354,14,1340
몰디브,2026-05-01,2026-05,867,4,862
몰디브,2026-06-01,2026-06,1109,6,1104
몰디브,2026-07-01,2026-07,1807,2,1805
몰타,2024-01-01,2024-01,83565,32245,51320
몰타,2024-02-01,2024-02,606943,45490,561453
몰타,2024-03-01,2024-03,81941,6818,75123
몰타,2024-04-01,2024-04,11971,27942,-15972
몰타,2024-05-01,2024-05,324585,13512,311073
몰타,2024-06-01,2024-06,11978,22657,-10679
몰타,2024-07-01,2024-07,74349,36570,37779
몰타,2024-08-01,2024-08,267485,37801,229684
몰타,2024-09-01,2024-09,200890,5186,195704
몰타,2024-10-01,2024-10,169854,33305,136549
몰타,2024-11-01,2024-11,18012,32116,-14104
몰타,2024-12-01,2024-12,460634,30379,430256
몰타,2025-01-01,2025-01,181194,16984,164211
몰타,2025-02-01,2025-02,9096,14678,-5582
몰타,2025-03-01,2025-03,543500,25417,518082
몰타,2025-04-01,2025-04,416240,8043,408197
몰타,2025-05-01,2025-05,138300,8119,130182
몰타,2025-06-01,2025-06,184032,7881,176151
몰타,2025-07-01,2025-07,7292,19178,-11886
몰타,2025-08-01,2025-08,9876,24716,-14841
몰타,2025-09-01,2025-09,184911,50853,134058
몰타,2025-10-01,2025-10,226998,30641,196358
몰타,2025-11-01,2025-11,186809,13441,173368
몰타,2025-12-01,2025-12,423234,48165,375069
몰타,2026-01-01,2026-01,13220,35392,-22172
몰타,2026-02-01,2026-02,404753,18273,386479
몰타,2026-03-01,2026-03,188073,3738,184335
몰타,2026-04-01,2026-04,277716,4200,273517
몰타,2026-05-01,2026-05,250627,1619,249009
몰타,2026-06-01,2026-06,699668,3582,696086
몰타,2026-07-01,2026-07,15927,2896,13031
몽골,2024-01-01,2024-01,36994,2444,34550
몽골,2024-02-01,2024-02,37761,1653,36108
몽골,2024-03-01,2024-03,45123,3164,41959
몽골,2024-04-01,2024-04,50288,3078,47211
몽골,2024-05-01,2024-05,60516,3125,57391
몽골,2024-06-01,2024-06,53956,3102,50854
몽골,2024-07-01,2024-07,48151,4102,44049
몽골,2024-08-01,2024-08,53992,2661,51331
몽골,2024-09-01,2024-09,51944,3436,48508
몽골,2024-10-01,2024-10,50989,4003,46986
몽골,2024-11-01,2024-11,47111,2359,44753
몽골,2024-12-01,2024-12,45012,2245,42767
몽골,2025-01-01,2025-01,31639,2671,28968
몽골,2025-02-01,2025-02,48647,1234,47413
몽골,2025-03-01,2025-03,54671,926,53745
몽골,2025-04-01,2025-04,54890,1313,53578
몽골,2025-05-01,2025-05,144208,1157,143051
몽골,2025-06-01,2025-06,56641,1614,55027
몽골,2025-07-01,2025-07,39102,2472,36630
몽골,2025-08-01,2025-08,41539,7928,33611
몽골,2025-09-01,2025-09,60067,3045,57022
몽골,2025-10-01,2025-10,42255,2670,39585
몽골,2025-11-01,2025-11,45304,4255,41049
몽골,2025-12-01,2025-12,41498,3136,38363
몽골,2026-01-01,2026-01,39239,1883,37356
몽골,2026-02-01,2026-02,35538,1232,34306
몽골,2026-03-01,2026-03,57613,1420,56193
몽골,2026-04-01,2026-04,55852,1372,54479
몽골,2026-05-01,2026-05,50569,3492,47077
몽골,2026-06-01,2026-06,66151,2596,63555
몽골,2026-07-01,2026-07,56832,1728,55104
미국,2024-01-01,2024-01,10252308,6138062,4114246
미국,2024-02-01,2024-02,9809053,5612523,4196529
미국,2024-03-01,2024-03,10880793,5975811,4904982
미국,2024-04-01,2024-04,11400587,6012893,5387695
미국,2024-05-01,2024-05,10930529,6375264,4555265
미국,2024-06-01,2024-06,11295693,5496912,5798781
미국,2024-07-01,2024-07,10184399,7921852,2262547
미국,2024-08-01,2024-08,9937504,6257983,3679521
미국,2024-09-01,2024-09,10411877,5457525,4954352
미국,2024-10-01,2024-10,10394328,5968731,4425598
미국,2024-11-01,2024-11,10370481,5438200,4932281
미국,2024-12-01,2024-12,11893820,5476550,6417271
미국,2025-01-01,2025-01,9282567,5839341,3443226
미국,2025-02-01,2025-02,9889640,5739598,4150043
미국,2025-03-01,2025-03,11109476,5391830,5717646
미국,2025-04-01,2025-04,10605998,6139710,4466288
미국,2025-05-01,2025-05,10036995,6773649,3263346
미국,2025-06-01,2025-06,11208004,5986429,5221576
미국,2025-07-01,2025-07,10333446,6418521,3914925
미국,2025-08-01,2025-08,8718145,5981182,2736963
미국,2025-09-01,2025-09,10267271,5936407,4330864
미국,2025-10-01,2025-10,8711425,6283534,2427891
미국,2025-11-01,2025-11,10352809,6102242,4250568
미국,2025-12-01,2025-12,12335136,6773605,5561531
미국,2026-01-01,2026-01,12006727,6761951,5244775
미국,2026-02-01,2026-02,12704285,5759089,6945195
미국,2026-03-01,2026-03,16419951,7236965,9182986
미국,2026-04-01,2026-04,16359174,8330306,8028868
미국,2026-05-01,2026-05,15981424,7518119,8463305
미국,2026-06-01,2026-06,20001822,7910343,12091479
미국,2026-07-01,2026-07,17474061,8967205,8506856
미드웨이 군도,2024-01-01,2024-01,0,0,0
미드웨이 군도,2024-02-01,2024-02,0,0,0
미드웨이 군도,2024-03-01,2024-03,0,0,0
미드웨이 군도,2024-04-01,2024-04,0,0,0
미드웨이 군도,2024-05-01,2024-05,0,0,0
미드웨이 군도,2024-06-01,2024-06,0,0,0
미드웨이 군도,2024-07-01,2024-07,0,0,0
미드웨이 군도,2024-08-01,2024-08,0,0,0
미드웨이 군도,2024-09-01,2024-09,0,0,0
미드웨이 군도,2024-10-01,2024-10,0,0,0
미드웨이 군도,2024-11-01,2024-11,0,0,0
미드웨이 군도,2024-12-01,2024-12,0,0,0
미드웨이 군도,2025-01-01,2025-01,0,0,0
미드웨이 군도,2025-02-01,2025-02,0,0,0
미드웨이 군도,2025-03-01,2025-03,0,0,0
미드웨이 군도,2025-04-01,2025-04,0,0,0
미드웨이 군도,2025-05-01,2025-05,0,0,0
미드웨이 군도,2025-06-01,2025-06,0,0,0
미드웨이 군도,2025-07-01,2025-07,0,0,0
미드웨이 군도,2025-08-01,2025-08,0,0,0
미드웨이 군도,2025-09-01,2025-09,0,0,0
미드웨이 군도,2025-10-01,2025-10,0,0,0
미드웨이 군도,2025-11-01,2025-11,0,0,0
미드웨이 군도,2025-12-01,2025-12,0,0,0
미드웨이 군도,2026-01-01,2026-01,0,0,0
미드웨이 군도,2026-02-01,2026-02,0,0,0
미드웨이 군도,2026-03-01,2026-03,0,0,0
미드웨이 군도,2026-04-01,2026-04,0,0,0
미드웨이 군도,2026-05-01,2026-05,0,0,0
미드웨이 군도,2026-06-01,2026-06,0,0,0
미드웨이 군도,2026-07-01,2026-07,0,0,0
미령 버진군도,2024-01-01,2024-01,1,0,1
미령 버진군도,2024-02-01,2024-02,7,3,4
미령 버진군도,2024-03-01,2024-03,22,10,13
미령 버진군도,2024-04-01,2024-04,1,7,-6
미령 버진군도,2024-05-01,2024-05,37,0,37
미령 버진군도,2024-06-01,2024-06,2,2,0
미령 버진군도,2024-07-01,2024-07,2,21,-20
미령 버진군도,2024-08-01,2024-08,44,17,27
미령 버진군도,2024-09-01,2024-09,153,0,153
미령 버진군도,2024-10-01,2024-10,22,0,22
미령 버진군도,2024-11-01,2024-11,2,0,2
미령 버진군도,2024-12-01,2024-12,1,0,1
미령 버진군도,2025-01-01,2025-01,1,0,1
미령 버진군도,2025-02-01,2025-02,1,1,0
미령 버진군도,2025-03-01,2025-03,6,0,6
미령 버진군도,2025-04-01,2025-04,14,0,13
미령 버진군도,2025-05-01,2025-05,4,0,4
미령 버진군도,2025-06-01,2025-06,14,1,14
미령 버진군도,2025-07-01,2025-07,22,18,5
미령 버진군도,2025-08-01,2025-08,1,0,1
미령 버진군도,2025-09-01,2025-09,48,2,45
미령 버진군도,2025-10-01,2025-10,1,0,1
미령 버진군도,2025-11-01,2025-11,19,0,19
미령 버진군도,2025-12-01,2025-12,7,0,6
미령 버진군도,2026-01-01,2026-01,1,1,0
미령 버진군도,2026-02-01,2026-02,3,92,-89
미령 버진군도,2026-03-01,2026-03,20,0,20
미령 버진군도,2026-04-01,2026-04,7,27637,-27630
미령 버진군도,2026-05-01,2026-05,218,0,218
미령 버진군도,2026-06-01,2026-06,21,0,21
미령 버진군도,2026-07-01,2026-07,20,113,-93
미얀마,2024-01-01,2024-01,21948,53654,-31706
미얀마,2024-02-01,2024-02,25588,53929,-28341
미얀마,2024-03-01,2024-03,23559,45084,-21524
미얀마,2024-04-01,2024-04,30040,40611,-10571
미얀마,2024-05-01,2024-05,32503,24487,8016
미얀마,2024-06-01,2024-06,27266,29653,-2387
미얀마,2024-07-01,2024-07,30537,38424,-7887
미얀마,2024-08-01,2024-08,27083,41284,-14202
미얀마,2024-09-01,2024-09,26885,92448,-65564
미얀마,2024-10-01,2024-10,25715,68075,-42360
미얀마,2024-11-01,2024-11,27104,42150,-15045
미얀마,2024-12-01,2024-12,26981,30351,-3370
미얀마,2025-01-01,2025-01,23366,41919,-18553
미얀마,2025-02-01,2025-02,23402,58361,-34959
미얀마,2025-03-01,2025-03,24278,60286,-36008
미얀마,2025-04-01,2025-04,28022,45942,-17921
미얀마,2025-05-01,2025-05,28779,18771,10008
미얀마,2025-06-01,2025-06,31779,22392,9388
미얀마,2025-07-01,2025-07,28838,46312,-17474
미얀마,2025-08-01,2025-08,16816,53355,-36539
미얀마,2025-09-01,2025-09,26215,94632,-68417
미얀마,2025-10-01,2025-10,24363,64827,-40464
미얀마,2025-11-01,2025-11,21047,32274,-11227
미얀마,2025-12-01,2025-12,30611,37613,-7003
미얀마,2026-01-01,2026-01,25354,36739,-11384
미얀마,2026-02-01,2026-02,22116,53605,-31489
미얀마,2026-03-01,2026-03,29435,53213,-23779
미얀마,2026-04-01,2026-04,33697,46433,-12735
미얀마,2026-05-01,2026-05,23553,16192,7361
미얀마,2026-06-01,2026-06,31951,30166,1785
미얀마,2026-07-01,2026-07,39141,39992,-852
바누아투,2024-01-01,2024-01,978,261,717
바누아투,2024-02-01,2024-02,444,12,432
바누아투,2024-03-01,2024-03,2003,422,1580
바누아투,2024-04-01,2024-04,648,549,99
바누아투,2024-05-01,2024-05,858,1107,-249
바누아투,2024-06-01,2024-06,821,622,198
바누아투,2024-07-01,2024-07,979,471,508
바누아투,2024-08-01,2024-08,616,122,495
바누아투,2024-09-01,2024-09,401,703,-302
바누아투,2024-10-01,2024-10,1812,712,1100
바누아투,2024-11-01,2024-11,397,721,-325
바누아투,2024-12-01,2024-12,997,195,802
바누아투,2025-01-01,2025-01,649,625,24
바누아투,2025-02-01,2025-02,536,1209,-673
바누아투,2025-03-01,2025-03,652,1695,-1043
바누아투,2025-04-01,2025-04,1082,537,544
바누아투,2025-05-01,2025-05,622,3556,-2933
바누아투,2025-06-01,2025-06,471,3064,-2594
바누아투,2025-07-01,2025-07,1099,3444,-2346
바누아투,2025-08-01,2025-08,885,3045,-2160
바누아투,2025-09-01,2025-09,584,4438,-3854
바누아투,2025-10-01,2025-10,698,2627,-1929
바누아투,2025-11-01,2025-11,365,7037,-6672
바누아투,2025-12-01,2025-12,877,2271,-1394
바누아투,2026-01-01,2026-01,546,1819,-1274
바누아투,2026-02-01,2026-02,802,1650,-848
바누아투,2026-03-01,2026-03,773,856,-83
바누아투,2026-04-01,2026-04,1100,1427,-326
바누아투,2026-05-01,2026-05,442,2730,-2288
바누아투,2026-06-01,2026-06,2604,5778,-3174
바누아투,2026-07-01,2026-07,880,1179,-300
바레인,2024-01-01,2024-01,6683,13001,-6318
바레인,2024-02-01,2024-02,11788,20539,-8751
바레인,2024-03-01,2024-03,7685,18120,-10435
바레인,2024-04-01,2024-04,7650,56410,-48761
바레인,2024-05-01,2024-05,31320,10632,20687
바레인,2024-06-01,2024-06,28251,46038,-17788
바레인,2024-07-01,2024-07,9953,59210,-49257
바레인,2024-08-01,2024-08,16139,23914,-7775
바레인,2024-09-01,2024-09,8914,45046,-36132
바레인,2024-10-01,2024-10,20220,26446,-6226
바레인,2024-11-01,2024-11,19213,22434,-3221
바레인,2024-12-01,2024-12,27769,56582,-28812
바레인,2025-01-01,2025-01,5242,73455,-68213
바레인,2025-02-01,2025-02,14305,66153,-51848
바레인,2025-03-01,2025-03,4274,16072,-11797
바레인,2025-04-01,2025-04,14744,25321,-10577
바레인,2025-05-01,2025-05,3455,100783,-97328
바레인,2025-06-01,2025-06,15775,44174,-28399
바레인,2025-07-01,2025-07,9352,75110,-65758
바레인,2025-08-01,2025-08,10485,52722,-42237
바레인,2025-09-01,2025-09,6618,72703,-66085
바레인,2025-10-01,2025-10,6569,54326,-47757
바레인,2025-11-01,2025-11,12196,62001,-49804
바레인,2025-12-01,2025-12,37805,26822,10983
바레인,2026-01-01,2026-01,11177,161055,-149879
바레인,2026-02-01,2026-02,5665,47544,-41879
바레인,2026-03-01,2026-03,230,43863,-43633
바레인,2026-04-01,2026-04,1181,1877,-695
바레인,2026-05-01,2026-05,2392,306,2087
바레인,2026-06-01,2026-06,4572,7347,-2775
바레인,2026-07-01,2026-07,3424,2051,1373
바베이도스,2024-01-01,2024-01,1504,15,1489
바베이도스,2024-02-01,2024-02,367,0,367
바베이도스,2024-03-01,2024-03,707,15,692
바베이도스,2024-04-01,2024-04,581,19,562
바베이도스,2024-05-01,2024-05,695,0,695
바베이도스,2024-06-01,2024-06,410,16,394
바베이도스,2024-07-01,2024-07,1282,26,1256
바베이도스,2024-08-01,2024-08,1093,0,1093
바베이도스,2024-09-01,2024-09,265,2,264
바베이도스,2024-10-01,2024-10,211,14,197
바베이도스,2024-11-01,2024-11,2257,4,2253
바베이도스,2024-12-01,2024-12,794,6,789
바베이도스,2025-01-01,2025-01,424,84,341
바베이도스,2025-02-01,2025-02,528,32,496
바베이도스,2025-03-01,2025-03,1204,20,1184
바베이도스,2025-04-01,2025-04,497,158,339
바베이도스,2025-05-01,2025-05,943,20,923
바베이도스,2025-06-01,2025-06,1247,19,1229
바베이도스,2025-07-01,2025-07,1118,15,1102
바베이도스,2025-08-01,2025-08,1162,212,950
바베이도스,2025-09-01,2025-09,783,24,759
바베이도스,2025-10-01,2025-10,738,8,731
바베이도스,2025-11-01,2025-11,917,24,893
바베이도스,2025-12-01,2025-12,787,2,785
바베이도스,2026-01-01,2026-01,358,34,324
바베이도스,2026-02-01,2026-02,597,29,567
바베이도스,2026-03-01,2026-03,770,20,749
바베이도스,2026-04-01,2026-04,1434,5,1429
바베이도스,2026-05-01,2026-05,1369,349,1020
바베이도스,2026-06-01,2026-06,782,160,622
바베이도스,2026-07-01,2026-07,1546,60,1486
바하마,2024-01-01,2024-01,1220,0,1220
바하마,2024-02-01,2024-02,794,4,790
바하마,2024-03-01,2024-03,1272,1,1271
바하마,2024-04-01,2024-04,1486,2,1484
바하마,2024-05-01,2024-05,1055,1,1054
바하마,2024-06-01,2024-06,627,3,625
바하마,2024-07-01,2024-07,1097,6,1091
바하마,2024-08-01,2024-08,107288,1,107287
바하마,2024-09-01,2024-09,907,2,905
바하마,2024-10-01,2024-10,1399,344,1055
바하마,2024-11-01,2024-11,935,3,932
바하마,2024-12-01,2024-12,625,3,622
바하마,2025-01-01,2025-01,113268,0,113267
바하마,2025-02-01,2025-02,1778,3,1775
바하마,2025-03-01,2025-03,116828,2,116826
바하마,2025-04-01,2025-04,1439,1,1438
바하마,2025-05-01,2025-05,959,4,956
바하마,2025-06-01,2025-06,935,6,929
바하마,2025-07-01,2025-07,116359,1,116358
바하마,2025-08-01,2025-08,409,4,405
바하마,2025-09-01,2025-09,1521,5,1516
바하마,2025-10-01,2025-10,314,2,312
바하마,2025-11-01,2025-11,1952,1,1951
바하마,2025-12-01,2025-12,1908,3,1906
바하마,2026-01-01,2026-01,99444,2,99442
바하마,2026-02-01,2026-02,286,0,286
바하마,2026-03-01,2026-03,219360,3,219357
바하마,2026-04-01,2026-04,771,3,768
바하마,2026-05-01,2026-05,233164,275,232889
바하마,2026-06-01,2026-06,130912,0,130911
바하마,2026-07-01,2026-07,236016,3,236012
방글라데시,2024-01-01,2024-01,156358,67111,89246
방글라데시,2024-02-01,2024-02,140816,66973,73843
방글라데시,2024-03-01,2024-03,83335,71696,11638
방글라데시,2024-04-01,2024-04,78287,58937,19350
방글라데시,2024-05-01,2024-05,79372,32837,46535
방글라데시,2024-06-01,2024-06,104279,39760,64519
방글라데시,2024-07-01,2024-07,101782,41976,59805
방글라데시,2024-08-01,2024-08,84051,42810,41241
방글라데시,2024-09-01,2024-09,120904,94825,26079
방글라데시,2024-10-01,2024-10,104845,62930,41915
방글라데시,2024-11-01,2024-11,116775,58130,58645
방글라데시,2024-12-01,2024-12,129784,44917,84867
방글라데시,2025-01-01,2025-01,99100,52092,47008
방글라데시,2025-02-01,2025-02,156177,64353,91825
방글라데시,2025-03-01,2025-03,180433,63977,116456
방글라데시,2025-04-01,2025-04,121140,53012,68128
방글라데시,2025-05-01,2025-05,143311,30324,112988
방글라데시,2025-06-01,2025-06,126377,37705,88672
방글라데시,2025-07-01,2025-07,120557,34852,85704
방글라데시,2025-08-01,2025-08,131916,59871,72045
방글라데시,2025-09-01,2025-09,128369,66666,61702
방글라데시,2025-10-01,2025-10,218691,53612,165080
방글라데시,2025-11-01,2025-11,173648,46966,126682
방글라데시,2025-12-01,2025-12,158303,49803,108500
방글라데시,2026-01-01,2026-01,112214,45432,66783
방글라데시,2026-02-01,2026-02,146672,58400,88272
방글라데시,2026-03-01,2026-03,381029,66430,314599
방글라데시,2026-04-01,2026-04,343220,41077,302143
방글라데시,2026-05-01,2026-05,264602,35661,228941
방글라데시,2026-06-01,2026-06,197364,30660,166705
방글라데시,2026-07-01,2026-07,81240,38440,42801
버뮤다,2024-01-01,2024-01,47823,2,47821
버뮤다,2024-02-01,2024-02,224,13,211
버뮤다,2024-03-01,2024-03,701,0,701
버뮤다,2024-04-01,2024-04,207918,16,207902
버뮤다,2024-05-01,2024-05,209902,1,209901
버뮤다,2024-06-01,2024-06,207863,1,207862
버뮤다,2024-07-01,2024-07,208764,1,208763
버뮤다,2024-08-01,2024-08,206166,1,206165
버뮤다,2024-09-01,2024-09,209808,0,209808
버뮤다,2024-10-01,2024-10,211566,1,211565
버뮤다,2024-11-01,2024-11,211930,1,211929
버뮤다,2024-12-01,2024-12,209241,1,209240
버뮤다,2025-01-01,2025-01,785,1,784
버뮤다,2025-02-01,2025-02,208775,0,208775
버뮤다,2025-03-01,2025-03,1349,1,1348
버뮤다,2025-04-01,2025-04,211356,1,211355
버뮤다,2025-05-01,2025-05,539,2,537
버뮤다,2025-06-01,2025-06,212796,1,212795
버뮤다,2025-07-01,2025-07,212097,0,212097
버뮤다,2025-08-01,2025-08,212890,0,212890
버뮤다,2025-09-01,2025-09,417156,0,417156
버뮤다,2025-10-01,2025-10,211232,0,211232
버뮤다,2025-11-01,2025-11,205439,0,205439
버뮤다,2025-12-01,2025-12,212789,0,212789
버뮤다,2026-01-01,2026-01,211245,2,211243
버뮤다,2026-02-01,2026-02,642,1,642
버뮤다,2026-03-01,2026-03,997,0,997
버뮤다,2026-04-01,2026-04,211544,0,211544
버뮤다,2026-05-01,2026-05,211446,1,211445
버뮤다,2026-06-01,2026-06,211278,0,211278
버뮤다,2026-07-01,2026-07,215799,1,215798
베네주엘라,2024-01-01,2024-01,3747,256,3491
베네주엘라,2024-02-01,2024-02,4377,856,3521
베네주엘라,2024-03-01,2024-03,3566,469,3097
베네주엘라,2024-04-01,2024-04,3551,579,2971
베네주엘라,2024-05-01,2024-05,2988,386,2603
베네주엘라,2024-06-01,2024-06,3154,1675,1479
베네주엘라,2024-07-01,2024-07,4441,547,3895
베네주엘라,2024-08-01,2024-08,3649,260,3389
베네주엘라,2024-09-01,2024-09,2688,193,2495
베네주엘라,2024-10-01,2024-10,3785,460,3325
베네주엘라,2024-11-01,2024-11,3149,617,2532
베네주엘라,2024-12-01,2024-12,3288,167,3121
베네주엘라,2025-01-01,2025-01,2638,439,2199
베네주엘라,2025-02-01,2025-02,3502,231,3271
베네주엘라,2025-03-01,2025-03,2999,1167,1831
베네주엘라,2025-04-01,2025-04,3377,89,3288
베네주엘라,2025-05-01,2025-05,2495,487,2007
베네주엘라,2025-06-01,2025-06,4007,1945,2062
베네주엘라,2025-07-01,2025-07,3550,505,3046
베네주엘라,2025-08-01,2025-08,4635,446,4189
베네주엘라,2025-09-01,2025-09,4450,993,3457
베네주엘라,2025-10-01,2025-10,5381,200,5182
베네주엘라,2025-11-01,2025-11,3793,621,3172
베네주엘라,2025-12-01,2025-12,5318,189,5128
베네주엘라,2026-01-01,2026-01,3859,896,2962
베네주엘라,2026-02-01,2026-02,5896,469,5427
베네주엘라,2026-03-01,2026-03,4142,371,3771
베네주엘라,2026-04-01,2026-04,6099,256,5843
베네주엘라,2026-05-01,2026-05,2903,12510,-9607
베네주엘라,2026-06-01,2026-06,8308,1243,7065
베네주엘라,2026-07-01,2026-07,5596,563,5033
베닝,2024-01-01,2024-01,859,0,859
베닝,2024-02-01,2024-02,1102,0,1102
베닝,2024-03-01,2024-03,1171,277,895
베닝,2024-04-01,2024-04,1747,0,1747
베닝,2024-05-01,2024-05,2494,0,2494
베닝,2024-06-01,2024-06,1027,30,997
베닝,2024-07-01,2024-07,2450,38,2412
베닝,2024-08-01,2024-08,2590,0,2590
베닝,2024-09-01,2024-09,1922,159,1763
베닝,2024-10-01,2024-10,1320,37,1283
베닝,2024-11-01,2024-11,4028,77,3951
베닝,2024-12-01,2024-12,1608,37,1571
베닝,2025-01-01,2025-01,1573,37,1536
베닝,2025-02-01,2025-02,3765,0,3765
베닝,2025-03-01,2025-03,2240,0,2240
베닝,2025-04-01,2025-04,2865,0,2865
베닝,2025-05-01,2025-05,3568,0,3568
베닝,2025-06-01,2025-06,4612,9,4603
베닝,2025-07-01,2025-07,4535,0,4535
베닝,2025-08-01,2025-08,4369,0,4369
베닝,2025-09-01,2025-09,3803,0,3803
베닝,2025-10-01,2025-10,3851,0,3851
베닝,2025-11-01,2025-11,2571,0,2571
베닝,2025-12-01,2025-12,7156,0,7156
베닝,2026-01-01,2026-01,4639,0,4639
베닝,2026-02-01,2026-02,4541,0,4541
베닝,2026-03-01,2026-03,3184,3,3181
베닝,2026-04-01,2026-04,3117,0,3117
베닝,2026-05-01,2026-05,3588,0,3588
베닝,2026-06-01,2026-06,2304,5,2299
베닝,2026-07-01,2026-07,3079,0,3079
베라루스,2024-01-01,2024-01,6921,303,6618
베라루스,2024-02-01,2024-02,6897,589,6308
베라루스,2024-03-01,2024-03,5451,914,4537
베라루스,2024-04-01,2024-04,5926,598,5327
베라루스,2024-05-01,2024-05,7230,618,6612
베라루스,2024-06-01,2024-06,10907,264,10643
베라루스,2024-07-01,2024-07,11100,767,10333
베라루스,2024-08-01,2024-08,11703,851,10852
베라루스,2024-09-01,2024-09,5420,462,4958
베라루스,2024-10-01,2024-10,8788,458,8330
베라루스,2024-11-01,2024-11,7835,697,7138
베라루스,2024-12-01,2024-12,5190,4612,578
베라루스,2025-01-01,2025-01,4245,916,3330
베라루스,2025-02-01,2025-02,6725,1395,5330
베라루스,2025-03-01,2025-03,5429,950,4478
베라루스,2025-04-01,2025-04,4592,2094,2497
베라루스,2025-05-01,2025-05,6340,2728,3612
베라루스,2025-06-01,2025-06,7750,1593,6158
베라루스,2025-07-01,2025-07,6888,2524,4364
베라루스,2025-08-01,2025-08,5229,1529,3701
베라루스,2025-09-01,2025-09,6087,1814,4273
베라루스,2025-10-01,2025-10,5900,1842,4058
베라루스,2025-11-01,2025-11,5424,5756,-333
베라루스,2025-12-01,2025-12,6237,1552,4685
베라루스,2026-01-01,2026-01,6887,2039,4848
베라루스,2026-02-01,2026-02,8785,1392,7393
베라루스,2026-03-01,2026-03,7633,884,6749
베라루스,2026-04-01,2026-04,11195,1841,9354
베라루스,2026-05-01,2026-05,7109,1790,5319
베라루스,2026-06-01,2026-06,9403,2345,7058
베라루스,2026-07-01,2026-07,8799,2482,6317
베트남,2024-01-01,2024-01,4189458,2653858,1535600
베트남,2024-02-01,2024-02,4207880,2127367,2080513
베트남,2024-03-01,2024-03,4830494,2314000,2516494
베트남,2024-04-01,2024-04,4552004,2249764,2302240
베트남,2024-05-01,2024-05,5115764,2040070,3075694
베트남,2024-06-01,2024-06,5124412,2201439,2922973
베트남,2024-07-01,2024-07,4968830,2493154,2475676
베트남,2024-08-01,2024-08,5049343,2589553,2459789
베트남,2024-09-01,2024-09,4980950,2447669,2533281
베트남,2024-10-01,2024-10,5231509,2552260,2679249
베트남,2024-11-01,2024-11,5142173,2319319,2822854
베트남,2024-12-01,2024-12,4930153,2455078,2475075
베트남,2025-01-01,2025-01,4356972,2564727,1792245
베트남,2025-02-01,2025-02,4733818,2264974,2468843
베트남,2025-03-01,2025-03,5025872,2604697,2421175
베트남,2025-04-01,2025-04,4836983,2496615,2340368
베트남,2025-05-01,2025-05,5236200,2366380,2869820
베트남,2025-06-01,2025-06,4936225,2545012,2391213
베트남,2025-07-01,2025-07,5540385,2879055,2661331
베트남,2025-08-01,2025-08,5398092,2952369,2445723
베트남,2025-09-01,2025-09,5925624,2865793,3059831
베트남,2025-10-01,2025-10,5101558,2732631,2368927
베트남,2025-11-01,2025-11,5401863,2553003,2848860
베트남,2025-12-01,2025-12,6281464,2948980,3332484
베트남,2026-01-01,2026-01,6453114,3055435,3397678
베트남,2026-02-01,2026-02,5895225,2933658,2961567
베트남,2026-03-01,2026-03,7131929,3211905,3920024
베트남,2026-04-01,2026-04,7897898,3004795,4893103
베트남,2026-05-01,2026-05,8444947,2623560,5821387
베트남,2026-06-01,2026-06,8610837,3141864,5468973
베트남,2026-07-01,2026-07,9933400,3504676,6428724
벨기에,2024-01-01,2024-01,320672,107026,213646
벨기에,2024-02-01,2024-02,380643,112108,268535
벨기에,2024-03-01,2024-03,383855,103807,280048
벨기에,2024-04-01,2024-04,362426,111236,251190
벨기에,2024-05-01,2024-05,385088,171486,213602
벨기에,2024-06-01,2024-06,402977,106355,296622
벨기에,2024-07-01,2024-07,319539,102360,217180
벨기에,2024-08-01,2024-08,359929,101512,258417
벨기에,2024-09-01,2024-09,384127,277357,106770
벨기에,2024-10-01,2024-10,344073,129899,214174
벨기에,2024-11-01,2024-11,382781,80098,302683
벨기에,2024-12-01,2024-12,281446,134240,147207
벨기에,2025-01-01,2025-01,312584,124649,187935
벨기에,2025-02-01,2025-02,334878,85548,249330
벨기에,2025-03-01,2025-03,282067,100789,181278
벨기에,2025-04-01,2025-04,448243,120168,328074
벨기에,2025-05-01,2025-05,311616,93165,218451
벨기에,2025-06-01,2025-06,300420,116758,183662
벨기에,2025-07-01,2025-07,328121,135979,192143
벨기에,2025-08-01,2025-08,302378,109993,192385
벨기에,2025-09-01,2025-09,371072,233269,137804
벨기에,2025-10-01,2025-10,297391,89415,207976
벨기에,2025-11-01,2025-11,321103,113110,207993
벨기에,2025-12-01,2025-12,298150,121474,176675
벨기에,2026-01-01,2026-01,334373,109830,224542
벨기에,2026-02-01,2026-02,348497,159541,188956
벨기에,2026-03-01,2026-03,707088,142204,564884
벨기에,2026-04-01,2026-04,353464,138677,214787
벨기에,2026-05-01,2026-05,436968,90133,346835
벨기에,2026-06-01,2026-06,428211,123573,304638
벨기에,2026-07-01,2026-07,496557,150733,345824
벨리제,2024-01-01,2024-01,835,0,835
벨리제,2024-02-01,2024-02,797,28,769
벨리제,2024-03-01,2024-03,2014,24,1990
벨리제,2024-04-01,2024-04,2690,37,2653
벨리제,2024-05-01,2024-05,715,0,715
벨리제,2024-06-01,2024-06,2219,0,2219
벨리제,2024-07-01,2024-07,2738,107,2631
벨리제,2024-08-01,2024-08,1469,0,1469
벨리제,2024-09-01,2024-09,2669,2950,-280
벨리제,2024-10-01,2024-10,982,0,982
벨리제,2024-11-01,2024-11,1053,18,1034
벨리제,2024-12-01,2024-12,1777,260,1517
벨리제,2025-01-01,2025-01,1763,0,1763
벨리제,2025-02-01,2025-02,1605,0,1605
벨리제,2025-03-01,2025-03,2304,0,2304
벨리제,2025-04-01,2025-04,2393,0,2393
벨리제,2025-05-01,2025-05,3977,0,3976
벨리제,2025-06-01,2025-06,5932,22,5910
벨리제,2025-07-01,2025-07,2158,2604,-447
벨리제,2025-08-01,2025-08,2827,5,2821
벨리제,2025-09-01,2025-09,1062,5304,-4242
벨리제,2025-10-01,2025-10,731,72,659
벨리제,2025-11-01,2025-11,786,5305,-4518
벨리제,2025-12-01,2025-12,818,3,816
벨리제,2026-01-01,2026-01,461,1,460
벨리제,2026-02-01,2026-02,164,0,164
벨리제,2026-03-01,2026-03,1813,4,1809
벨리제,2026-04-01,2026-04,6741,8,6733
벨리제,2026-05-01,2026-05,3244,0,3243
벨리제,2026-06-01,2026-06,4051,0,4051
벨리제,2026-07-01,2026-07,8157,23,8134
보네르 신트외스타티위스,2024-01-01,2024-01,1,0,1
보네르 신트외스타티위스,2024-02-01,2024-02,0,0,0
보네르 신트외스타티위스,2024-03-01,2024-03,0,0,0
보네르 신트외스타티위스,2024-04-01,2024-04,0,0,0
보네르 신트외스타티위스,2024-05-01,2024-05,0,0,0
보네르 신트외스타티위스,2024-06-01,2024-06,0,0,0
보네르 신트외스타티위스,2024-07-01,2024-07,0,0,0
보네르 신트외스타티위스,2024-08-01,2024-08,0,0,0
보네르 신트외스타티위스,2024-09-01,2024-09,0,0,0
보네르 신트외스타티위스,2024-10-01,2024-10,0,0,0
보네르 신트외스타티위스,2024-11-01,2024-11,0,0,0
보네르 신트외스타티위스,2024-12-01,2024-12,0,1,-1
보네르 신트외스타티위스,2025-01-01,2025-01,0,8,-8
보네르 신트외스타티위스,2025-02-01,2025-02,0,1,-1
보네르 신트외스타티위스,2025-03-01,2025-03,0,0,0
보네르 신트외스타티위스,2025-04-01,2025-04,0,0,0
보네르 신트외스타티위스,2025-05-01,2025-05,0,0,0
보네르 신트외스타티위스,2025-06-01,2025-06,15,0,15
보네르 신트외스타티위스,2025-07-01,2025-07,0,0,0
보네르 신트외스타티위스,2025-08-01,2025-08,39,0,39
보네르 신트외스타티위스,2025-09-01,2025-09,2,0,2
보네르 신트외스타티위스,2025-10-01,2025-10,0,0,0
보네르 신트외스타티위스,2025-11-01,2025-11,40,0,40
보네르 신트외스타티위스,2025-12-01,2025-12,0,0,0
보네르 신트외스타티위스,2026-01-01,2026-01,0,0,0
보네르 신트외스타티위스,2026-02-01,2026-02,129,0,129
보네르 신트외스타티위스,2026-03-01,2026-03,43,0,43
보네르 신트외스타티위스,2026-04-01,2026-04,43,0,43
보네르 신트외스타티위스,2026-05-01,2026-05,0,0,0
보네르 신트외스타티위스,2026-06-01,2026-06,8,0,8
보네르 신트외스타티위스,2026-07-01,2026-07,0,3,-3
보빗군도,2024-01-01,2024-01,0,0,0
보빗군도,2024-02-01,2024-02,0,0,0
보빗군도,2024-03-01,2024-03,0,0,0
보빗군도,2024-04-01,2024-04,0,0,0
보빗군도,2024-05-01,2024-05,0,0,0
보빗군도,2024-06-01,2024-06,0,0,0
보빗군도,2024-07-01,2024-07,0,0,0
보빗군도,2024-08-01,2024-08,0,0,0
보빗군도,2024-09-01,2024-09,0,0,0
보빗군도,2024-10-01,2024-10,0,0,0
보빗군도,2024-11-01,2024-11,0,0,0
보빗군도,2024-12-01,2024-12,0,0,0
보빗군도,2025-01-01,2025-01,0,0,0
보빗군도,2025-02-01,2025-02,0,0,0
보빗군도,2025-03-01,2025-03,0,0,0
보빗군도,2025-04-01,2025-04,0,0,0
보빗군도,2025-05-01,2025-05,0,0,0
보빗군도,2025-06-01,2025-06,0,0,0
보빗군도,2025-07-01,2025-07,0,0,0
보빗군도,2025-08-01,2025-08,0,0,0
보빗군도,2025-09-01,2025-09,0,0,0
보빗군도,2025-10-01,2025-10,0,0,0
보빗군도,2025-11-01,2025-11,0,0,0
보빗군도,2025-12-01,2025-12,0,0,0
보빗군도,2026-01-01,2026-01,0,0,0
보빗군도,2026-02-01,2026-02,0,0,0
보빗군도,2026-03-01,2026-03,0,0,0
보빗군도,2026-04-01,2026-04,0,0,0
보빗군도,2026-05-01,2026-05,0,0,0
보빗군도,2026-06-01,2026-06,0,0,0
보빗군도,2026-07-01,2026-07,0,0,0
보스니아-헤르체고비나,2024-01-01,2024-01,642,3496,-2854
보스니아-헤르체고비나,2024-02-01,2024-02,624,1699,-1075
보스니아-헤르체고비나,2024-03-01,2024-03,420,2374,-1954
보스니아-헤르체고비나,2024-04-01,2024-04,1227,3611,-2384
보스니아-헤르체고비나,2024-05-01,2024-05,1116,3157,-2041
보스니아-헤르체고비나,2024-06-01,2024-06,2383,2114,269
보스니아-헤르체고비나,2024-07-01,2024-07,1656,2575,-920
보스니아-헤르체고비나,2024-08-01,2024-08,960,2782,-1822
보스니아-헤르체고비나,2024-09-01,2024-09,354,2325,-1971
보스니아-헤르체고비나,2024-10-01,2024-10,2118,4929,-2811
보스니아-헤르체고비나,2024-11-01,2024-11,786,2320,-1534
보스니아-헤르체고비나,2024-12-01,2024-12,1099,2279,-1180
보스니아-헤르체고비나,2025-01-01,2025-01,461,2823,-2362
보스니아-헤르체고비나,2025-02-01,2025-02,1181,1109,72
보스니아-헤르체고비나,2025-03-01,2025-03,677,891,-213
보스니아-헤르체고비나,2025-04-01,2025-04,1058,1041,17
보스니아-헤르체고비나,2025-05-01,2025-05,1075,3780,-2705
보스니아-헤르체고비나,2025-06-01,2025-06,682,2035,-1353
보스니아-헤르체고비나,2025-07-01,2025-07,729,1043,-314
보스니아-헤르체고비나,2025-08-01,2025-08,996,824,172
보스니아-헤르체고비나,2025-09-01,2025-09,612,5969,-5357
보스니아-헤르체고비나,2025-10-01,2025-10,642,2906,-2264
보스니아-헤르체고비나,2025-11-01,2025-11,1446,3104,-1658
보스니아-헤르체고비나,2025-12-01,2025-12,867,5652,-4786
보스니아-헤르체고비나,2026-01-01,2026-01,349,6821,-6472
보스니아-헤르체고비나,2026-02-01,2026-02,2038,4474,-2436
보스니아-헤르체고비나,2026-03-01,2026-03,1175,1307,-132
보스니아-헤르체고비나,2026-04-01,2026-04,1687,744,943
보스니아-헤르체고비나,2026-05-01,2026-05,406,1166,-759
보스니아-헤르체고비나,2026-06-01,2026-06,1054,1218,-164
보스니아-헤르체고비나,2026-07-01,2026-07,495,1423,-928
보츠와나,2024-01-01,2024-01,91,12,79
보츠와나,2024-02-01,2024-02,103,0,103
보츠와나,2024-03-01,2024-03,224,22,203
보츠와나,2024-04-01,2024-04,653,395,258
보츠와나,2024-05-01,2024-05,848,24,824
보츠와나,2024-06-01,2024-06,64,14,50
보츠와나,2024-07-01,2024-07,259,99,160
보츠와나,2024-08-01,2024-08,54,105,-51
보츠와나,2024-09-01,2024-09,48,12,36
보츠와나,2024-10-01,2024-10,138,15,122
보츠와나,2024-11-01,2024-11,5,10,-5
보츠와나,2024-12-01,2024-12,264,82,181
보츠와나,2025-01-01,2025-01,503,51,452
보츠와나,2025-02-01,2025-02,64,20,44
보츠와나,2025-03-01,2025-03,49,114,-65
보츠와나,2025-04-01,2025-04,161,29,131
보츠와나,2025-05-01,2025-05,12,52,-40
보츠와나,2025-06-01,2025-06,46,184,-138
보츠와나,2025-07-01,2025-07,69,257,-188
보츠와나,2025-08-01,2025-08,167,150,17
보츠와나,2025-09-01,2025-09,34,57,-22
보츠와나,2025-10-01,2025-10,22,101,-80
보츠와나,2025-11-01,2025-11,86,239,-153
보츠와나,2025-12-01,2025-12,6,54,-48
보츠와나,2026-01-01,2026-01,23,186,-162
보츠와나,2026-02-01,2026-02,134,141,-7
보츠와나,2026-03-01,2026-03,9,27,-18
보츠와나,2026-04-01,2026-04,87,328,-241
보츠와나,2026-05-01,2026-05,157,56,101
보츠와나,2026-06-01,2026-06,75,707,-632
보츠와나,2026-07-01,2026-07,26,399,-373
볼리비아,2024-01-01,2024-01,3421,41139,-37718
볼리비아,2024-02-01,2024-02,1890,61325,-59435
볼리비아,2024-03-01,2024-03,1442,63052,-61611
볼리비아,2024-04-01,2024-04,2939,14585,-11646
볼리비아,2024-05-01,2024-05,2165,56127,-53962
볼리비아,2024-06-01,2024-06,3937,49694,-45757
볼리비아,2024-07-01,2024-07,2438,59632,-57194
볼리비아,2024-08-01,2024-08,1924,20514,-18590
볼리비아,2024-09-01,2024-09,1364,15952,-14588
볼리비아,2024-10-01,2024-10,1887,94326,-92439
볼리비아,2024-11-01,2024-11,2210,24023,-21814
볼리비아,2024-12-01,2024-12,3536,91912,-88376
볼리비아,2025-01-01,2025-01,2490,71834,-69344
볼리비아,2025-02-01,2025-02,2920,99187,-96267
볼리비아,2025-03-01,2025-03,2070,7083,-5013
볼리비아,2025-04-01,2025-04,3878,61297,-57420
볼리비아,2025-05-01,2025-05,3242,70365,-67123
볼리비아,2025-06-01,2025-06,2241,29288,-27046
볼리비아,2025-07-01,2025-07,2601,37667,-35065
볼리비아,2025-08-01,2025-08,2129,88462,-86333
볼리비아,2025-09-01,2025-09,3622,23745,-20123
볼리비아,2025-10-01,2025-10,1677,19178,-17501
볼리비아,2025-11-01,2025-11,2611,51567,-48956
볼리비아,2025-12-01,2025-12,2952,15567,-12615
볼리비아,2026-01-01,2026-01,2645,174644,-171999
볼리비아,2026-02-01,2026-02,2616,1436,1180
볼리비아,2026-03-01,2026-03,7340,21140,-13799
볼리비아,2026-04-01,2026-04,3826,48899,-45072
볼리비아,2026-05-01,2026-05,2860,141929,-139069
볼리비아,2026-06-01,2026-06,2579,25829,-23250
볼리비아,2026-07-01,2026-07,3109,227879,-224770
부룬디,2024-01-01,2024-01,25,0,24
부룬디,2024-02-01,2024-02,24,0,24
부룬디,2024-03-01,2024-03,84,0,84
부룬디,2024-04-01,2024-04,245,0,245
부룬디,2024-05-01,2024-05,42,128,-86
부룬디,2024-06-01,2024-06,68,34,34
부룬디,2024-07-01,2024-07,117,108,9
부룬디,2024-08-01,2024-08,429,82,347
부룬디,2024-09-01,2024-09,47,3,45
부룬디,2024-10-01,2024-10,20,0,20
부룬디,2024-11-01,2024-11,45,0,45
부룬디,2024-12-01,2024-12,193,0,193
부룬디,2025-01-01,2025-01,594,0,594
부룬디,2025-02-01,2025-02,153,2,151
부룬디,2025-03-01,2025-03,100,0,100
부룬디,2025-04-01,2025-04,53,5,49
부룬디,2025-05-01,2025-05,29,1,29
부룬디,2025-06-01,2025-06,190,0,190
부룬디,2025-07-01,2025-07,510,42,468
부룬디,2025-08-01,2025-08,50,8,42
부룬디,2025-09-01,2025-09,32,2,30
부룬디,2025-10-01,2025-10,112,120,-9
부룬디,2025-11-01,2025-11,43,0,43
부룬디,2025-12-01,2025-12,48,0,48
부룬디,2026-01-01,2026-01,41,0,41
부룬디,2026-02-01,2026-02,199,140,59
부룬디,2026-03-01,2026-03,776,0,776
부룬디,2026-04-01,2026-04,650,0,650
부룬디,2026-05-01,2026-05,24,2,23
부룬디,2026-06-01,2026-06,540,0,540
부룬디,2026-07-01,2026-07,39,0,39
부르키나 파소,2024-01-01,2024-01,3510,29,3481
부르키나 파소,2024-02-01,2024-02,2920,694,2226
부르키나 파소,2024-03-01,2024-03,3779,12,3767
부르키나 파소,2024-04-01,2024-04,5272,648,4625
부르키나 파소,2024-05-01,2024-05,2088,4673,-2585
부르키나 파소,2024-06-01,2024-06,1146,3736,-2590
부르키나 파소,2024-07-01,2024-07,2051,21,2030
부르키나 파소,2024-08-01,2024-08,2590,0,2590
부르키나 파소,2024-09-01,2024-09,1812,0,1812
부르키나 파소,2024-10-01,2024-10,2779,44,2735
부르키나 파소,2024-11-01,2024-11,2095,0,2095
부르키나 파소,2024-12-01,2024-12,2629,51,2578
부르키나 파소,2025-01-01,2025-01,1472,56,1416
부르키나 파소,2025-02-01,2025-02,2640,0,2640
부르키나 파소,2025-03-01,2025-03,3211,1571,1640
부르키나 파소,2025-04-01,2025-04,3982,9,3973
부르키나 파소,2025-05-01,2025-05,2248,1464,784
부르키나 파소,2025-06-01,2025-06,3205,4231,-1026
부르키나 파소,2025-07-01,2025-07,2839,0,2839
부르키나 파소,2025-08-01,2025-08,8825,0,8825
부르키나 파소,2025-09-01,2025-09,2408,0,2408
부르키나 파소,2025-10-01,2025-10,3820,0,3819
부르키나 파소,2025-11-01,2025-11,3779,3529,250
부르키나 파소,2025-12-01,2025-12,3389,734,2655
부르키나 파소,2026-01-01,2026-01,1754,0,1754
부르키나 파소,2026-02-01,2026-02,4299,0,4299
부르키나 파소,2026-03-01,2026-03,9716,0,9716
부르키나 파소,2026-04-01,2026-04,3597,0,3597
부르키나 파소,2026-05-01,2026-05,7388,0,7388
부르키나 파소,2026-06-01,2026-06,1582,8,1573
부르키나 파소,2026-07-01,2026-07,2922,0,2922
부탄,2024-01-01,2024-01,339,0,339
부탄,2024-02-01,2024-02,529,867,-338
부탄,2024-03-01,2024-03,336,846,-510
부탄,2024-04-01,2024-04,344,444,-99
부탄,2024-05-01,2024-05,372,1117,-745
부탄,2024-06-01,2024-06,512,733,-221
부탄,2024-07-01,2024-07,247,1581,-1334
부탄,2024-08-01,2024-08,781,2410,-1628
부탄,2024-09-01,2024-09,236,2148,-1913
부탄,2024-10-01,2024-10,637,675,-38
부탄,2024-11-01,2024-11,849,1446,-597
부탄,2024-12-01,2024-12,602,711,-109
부탄,2025-01-01,2025-01,590,1580,-990
부탄,2025-02-01,2025-02,913,1615,-702
부탄,2025-03-01,2025-03,379,292,87
부탄,2025-04-01,2025-04,782,580,202
부탄,2025-05-01,2025-05,794,598,196
부탄,2025-06-01,2025-06,399,947,-548
부탄,2025-07-01,2025-07,528,355,174
부탄,2025-08-01,2025-08,501,322,178
부탄,2025-09-01,2025-09,561,1761,-1199
부탄,2025-10-01,2025-10,800,974,-174
부탄,2025-11-01,2025-11,488,879,-391
부탄,2025-12-01,2025-12,843,614,229
부탄,2026-01-01,2026-01,623,955,-332
부탄,2026-02-01,2026-02,571,713,-143
부탄,2026-03-01,2026-03,371,1249,-878
부탄,2026-04-01,2026-04,656,543,113
부탄,2026-05-01,2026-05,903,797,106
부탄,2026-06-01,2026-06,499,888,-388
부탄,2026-07-01,2026-07,704,224,480
북마리아나 군도,2024-01-01,2024-01,781,230,550
북마리아나 군도,2024-02-01,2024-02,1623,107,1515
북마리아나 군도,2024-03-01,2024-03,1374,123,1251
북마리아나 군도,2024-04-01,2024-04,1114,180,934
북마리아나 군도,2024-05-01,2024-05,3394,105,3289
북마리아나 군도,2024-06-01,2024-06,850,232,618
북마리아나 군도,2024-07-01,2024-07,1210,123,1087
북마리아나 군도,2024-08-01,2024-08,1231,63,1168
북마리아나 군도,2024-09-01,2024-09,1048,158,890
북마리아나 군도,2024-10-01,2024-10,1642,105,1537
북마리아나 군도,2024-11-01,2024-11,1091,4,1086
북마리아나 군도,2024-12-01,2024-12,1290,85,1205
북마리아나 군도,2025-01-01,2025-01,1145,26,1119
북마리아나 군도,2025-02-01,2025-02,1057,183,874
북마리아나 군도,2025-03-01,2025-03,878,58,820
북마리아나 군도,2025-04-01,2025-04,5303,117,5186
북마리아나 군도,2025-05-01,2025-05,866,80,786
북마리아나 군도,2025-06-01,2025-06,1191,76,1115
북마리아나 군도,2025-07-01,2025-07,812,122,690
북마리아나 군도,2025-08-01,2025-08,1058,617,441
북마리아나 군도,2025-09-01,2025-09,1978,209,1769
북마리아나 군도,2025-10-01,2025-10,748,0,748
북마리아나 군도,2025-11-01,2025-11,920,108,813
북마리아나 군도,2025-12-01,2025-12,1211,10,1201
북마리아나 군도,2026-01-01,2026-01,1163,264,899
북마리아나 군도,2026-02-01,2026-02,1229,63,1166
북마리아나 군도,2026-03-01,2026-03,2281,144,2137
북마리아나 군도,2026-04-01,2026-04,1258,181,1077
북마리아나 군도,2026-05-01,2026-05,1015,157,858
북마리아나 군도,2026-06-01,2026-06,3514,15,3498
북마리아나 군도,2026-07-01,2026-07,1484,100,1384
불가리아,2024-01-01,2024-01,18486,18713,-227
불가리아,2024-02-01,2024-02,14385,27014,-12629
불가리아,2024-03-01,2024-03,25313,18625,6688
불가리아,2024-04-01,2024-04,45956,18526,27430
불가리아,2024-05-01,2024-05,19304,22906,-3601
불가리아,2024-06-01,2024-06,15040,21125,-6086
불가리아,2024-07-01,2024-07,16844,21358,-4514
불가리아,2024-08-01,2024-08,12968,26781,-13813
불가리아,2024-09-01,2024-09,14163,32065,-17901
불가리아,2024-10-01,2024-10,20882,17636,3246
불가리아,2024-11-01,2024-11,16465,15517,948
불가리아,2024-12-01,2024-12,17385,14181,3204
불가리아,2025-01-01,2025-01,12898,25741,-12843
불가리아,2025-02-01,2025-02,14142,9640,4502
불가리아,2025-03-01,2025-03,16349,20474,-4125
불가리아,2025-04-01,2025-04,17985,16256,1729
불가리아,2025-05-01,2025-05,20557,18632,1925
불가리아,2025-06-01,2025-06,21567,15245,6322
불가리아,2025-07-01,2025-07,22720,9789,12931
불가리아,2025-08-01,2025-08,20367,38825,-18459
불가리아,2025-09-01,2025-09,20209,41580,-21371
불가리아,2025-10-01,2025-10,18681,33928,-15247
불가리아,2025-11-01,2025-11,18622,30235,-11613
불가리아,2025-12-01,2025-12,23091,31290,-8199
불가리아,2026-01-01,2026-01,22253,22094,159
불가리아,2026-02-01,2026-02,16115,17693,-1577
불가리아,2026-03-01,2026-03,21089,22676,-1588
불가리아,2026-04-01,2026-04,29505,9634,19871
불가리아,2026-05-01,2026-05,24153,41306,-17153
불가리아,2026-06-01,2026-06,24759,15222,9537
불가리아,2026-07-01,2026-07,22882,33911,-11029
불령 가이아나,2024-01-01,2024-01,418,0,418
불령 가이아나,2024-02-01,2024-02,414,0,414
불령 가이아나,2024-03-01,2024-03,69,0,69
불령 가이아나,2024-04-01,2024-04,48,0,48
불령 가이아나,2024-05-01,2024-05,906,0,906
불령 가이아나,2024-06-01,2024-06,52,0,52
불령 가이아나,2024-07-01,2024-07,327,0,327
불령 가이아나,2024-08-01,2024-08,602,0,602
불령 가이아나,2024-09-01,2024-09,1011,0,1011
불령 가이아나,2024-10-01,2024-10,335,0,335
불령 가이아나,2024-11-01,2024-11,425,0,425
불령 가이아나,2024-12-01,2024-12,658,0,658
불령 가이아나,2025-01-01,2025-01,171,0,171
불령 가이아나,2025-02-01,2025-02,454,0,454
불령 가이아나,2025-03-01,2025-03,473,0,473
불령 가이아나,2025-04-01,2025-04,371,0,371
불령 가이아나,2025-05-01,2025-05,76,0,76
불령 가이아나,2025-06-01,2025-06,17,0,17
불령 가이아나,2025-07-01,2025-07,228,0,228
불령 가이아나,2025-08-01,2025-08,367,0,367
불령 가이아나,2025-09-01,2025-09,424,0,424
불령 가이아나,2025-10-01,2025-10,127,0,127
불령 가이아나,2025-11-01,2025-11,538,0,538
불령 가이아나,2025-12-01,2025-12,825,0,825
불령 가이아나,2026-01-01,2026-01,413,0,413
불령 가이아나,2026-02-01,2026-02,356,0,356
불령 가이아나,2026-03-01,2026-03,414,5579,-5165
불령 가이아나,2026-04-01,2026-04,365,0,365
불령 가이아나,2026-05-01,2026-05,864,0,864
불령 가이아나,2026-06-01,2026-06,508,0,508
불령 가이아나,2026-07-01,2026-07,253,0,253
불령 남부지역,2024-01-01,2024-01,0,0,0
불령 남부지역,2024-02-01,2024-02,0,0,0
불령 남부지역,2024-03-01,2024-03,0,0,0
불령 남부지역,2024-04-01,2024-04,0,0,0
불령 남부지역,2024-05-01,2024-05,0,1,-1
불령 남부지역,2024-06-01,2024-06,0,1,-1
불령 남부지역,2024-07-01,2024-07,0,0,0
불령 남부지역,2024-08-01,2024-08,0,1,-1
불령 남부지역,2024-09-01,2024-09,0,0,0
불령 남부지역,2024-10-01,2024-10,0,0,0
불령 남부지역,2024-11-01,2024-11,0,1,-1
불령 남부지역,2024-12-01,2024-12,0,1,-1
불령 남부지역,2025-01-01,2025-01,0,0,0
불령 남부지역,2025-02-01,2025-02,0,0,0
불령 남부지역,2025-03-01,2025-03,0,1,-1
불령 남부지역,2025-04-01,2025-04,0,3,-3
불령 남부지역,2025-05-01,2025-05,0,0,0
불령 남부지역,2025-06-01,2025-06,0,1,-1
불령 남부지역,2025-07-01,2025-07,0,1,-1
불령 남부지역,2025-08-01,2025-08,0,1,-1
불령 남부지역,2025-09-01,2025-09,0,6,-6
불령 남부지역,2025-10-01,2025-10,0,0,0
불령 남부지역,2025-11-01,2025-11,0,2,-2
불령 남부지역,2025-12-01,2025-12,0,1,-1
불령 남부지역,2026-01-01,2026-01,0,0,0
불령 남부지역,2026-02-01,2026-02,0,3,-3
불령 남부지역,2026-03-01,2026-03,0,0,0
불령 남부지역,2026-04-01,2026-04,0,0,0
불령 남부지역,2026-05-01,2026-05,0,0,0
불령 남부지역,2026-06-01,2026-06,0,0,0
불령 남부지역,2026-07-01,2026-07,0,0,0
불령 리유니온 코모도 제도,2024-01-01,2024-01,2068,0,2068
불령 리유니온 코모도 제도,2024-02-01,2024-02,1985,0,1984
불령 리유니온 코모도 제도,2024-03-01,2024-03,2856,0,2855
불령 리유니온 코모도 제도,2024-04-01,2024-04,791,1,790
불령 리유니온 코모도 제도,2024-05-01,2024-05,2865,3,2863
불령 리유니온 코모도 제도,2024-06-01,2024-06,2486,7,2479
불령 리유니온 코모도 제도,2024-07-01,2024-07,4785,1,4783
불령 리유니온 코모도 제도,2024-08-01,2024-08,1922,0,1922
불령 리유니온 코모도 제도,2024-09-01,2024-09,1385,0,1385
불령 리유니온 코모도 제도,2024-10-01,2024-10,1837,1,1836
불령 리유니온 코모도 제도,2024-11-01,2024-11,2804,0,2804
불령 리유니온 코모도 제도,2024-12-01,2024-12,1773,156,1618
불령 리유니온 코모도 제도,2025-01-01,2025-01,2510,0,2510
불령 리유니온 코모도 제도,2025-02-01,2025-02,1863,18,1845
불령 리유니온 코모도 제도,2025-03-01,2025-03,2051,0,2051
불령 리유니온 코모도 제도,2025-04-01,2025-04,2468,0,2468
불령 리유니온 코모도 제도,2025-05-01,2025-05,3434,0,3434
불령 리유니온 코모도 제도,2025-06-01,2025-06,1456,2,1454
불령 리유니온 코모도 제도,2025-07-01,2025-07,1700,0,1700
불령 리유니온 코모도 제도,2025-08-01,2025-08,1925,0,1925
불령 리유니온 코모도 제도,2025-09-01,2025-09,4015,0,4015
불령 리유니온 코모도 제도,2025-10-01,2025-10,1677,118,1560
불령 리유니온 코모도 제도,2025-11-01,2025-11,2242,0,2242
불령 리유니온 코모도 제도,2025-12-01,2025-12,1852,2,1850
불령 리유니온 코모도 제도,2026-01-01,2026-01,6048,0,6048
불령 리유니온 코모도 제도,2026-02-01,2026-02,1223,0,1223
불령 리유니온 코모도 제도,2026-03-01,2026-03,3340,2,3337
불령 리유니온 코모도 제도,2026-04-01,2026-04,2540,0,2540
불령 리유니온 코모도 제도,2026-05-01,2026-05,1477,1,1477
불령 리유니온 코모도 제도,2026-06-01,2026-06,1561,1,1559
불령 리유니온 코모도 제도,2026-07-01,2026-07,4817,0,4817
불령 폴리네시아,2024-01-01,2024-01,7925,8,7918
불령 폴리네시아,2024-02-01,2024-02,1975,63,1912
불령 폴리네시아,2024-03-01,2024-03,8935,4,8931
불령 폴리네시아,2024-04-01,2024-04,2016,12,2004
불령 폴리네시아,2024-05-01,2024-05,2490,6,2484
불령 폴리네시아,2024-06-01,2024-06,1405,0,1405
불령 폴리네시아,2024-07-01,2024-07,1965,16,1949
불령 폴리네시아,2024-08-01,2024-08,2353,166,2187
불령 폴리네시아,2024-09-01,2024-09,1793,58,1736
불령 폴리네시아,2024-10-01,2024-10,8116,170,7946
불령 폴리네시아,2024-11-01,2024-11,1781,7,1774
불령 폴리네시아,2024-12-01,2024-12,5872,3,5869
불령 폴리네시아,2025-01-01,2025-01,1098,160,938
불령 폴리네시아,2025-02-01,2025-02,2011,0,2011
불령 폴리네시아,2025-03-01,2025-03,2253,153,2100
불령 폴리네시아,2025-04-01,2025-04,1351,15,1337
불령 폴리네시아,2025-05-01,2025-05,792,185,607
불령 폴리네시아,2025-06-01,2025-06,11784,112,11672
불령 폴리네시아,2025-07-01,2025-07,1794,0,1794
불령 폴리네시아,2025-08-01,2025-08,10518,0,10518
불령 폴리네시아,2025-09-01,2025-09,962,11,951
불령 폴리네시아,2025-10-01,2025-10,10595,195,10400
불령 폴리네시아,2025-11-01,2025-11,10142,4,10138
불령 폴리네시아,2025-12-01,2025-12,3013,155,2857
불령 폴리네시아,2026-01-01,2026-01,10309,11,10298
불령 폴리네시아,2026-02-01,2026-02,11541,132,11409
불령 폴리네시아,2026-03-01,2026-03,2895,19,2876
불령 폴리네시아,2026-04-01,2026-04,19810,6,19804
불령 폴리네시아,2026-05-01,2026-05,1647,184,1463
불령 폴리네시아,2026-06-01,2026-06,9927,6,9921
불령 폴리네시아,2026-07-01,2026-07,15761,182,15579
브라질,2024-01-01,2024-01,421342,680253,-258911
브라질,2024-02-01,2024-02,412914,662164,-249250
브라질,2024-03-01,2024-03,453937,450516,3421
브라질,2024-04-01,2024-04,496174,650668,-154494
브라질,2024-05-01,2024-05,452050,654813,-202763
브라질,2024-06-01,2024-06,437407,283156,154251
브라질,2024-07-01,2024-07,482536,627546,-145010
브라질,2024-08-01,2024-08,463950,413219,50732
브라질,2024-09-01,2024-09,440467,636443,-195976
브라질,2024-10-01,2024-10,390073,869201,-479128
브라질,2024-11-01,2024-11,390275,551541,-161266
브라질,2024-12-01,2024-12,409488,819021,-409533
브라질,2025-01-01,2025-01,405357,687723,-282366
브라질,2025-02-01,2025-02,427287,473438,-46152
브라질,2025-03-01,2025-03,425885,609071,-183186
브라질,2025-04-01,2025-04,653859,679743,-25884
브라질,2025-05-01,2025-05,405682,530884,-125202
브라질,2025-06-01,2025-06,402034,487962,-85928
브라질,2025-07-01,2025-07,402748,530124,-127377
브라질,2025-08-01,2025-08,358648,375281,-16633
브라질,2025-09-01,2025-09,480784,460281,20503
브라질,2025-10-01,2025-10,2860765,781871,2078894
브라질,2025-11-01,2025-11,408149,464903,-56754
브라질,2025-12-01,2025-12,479220,523993,-44773
브라질,2026-01-01,2026-01,394975,571172,-176197
브라질,2026-02-01,2026-02,459476,495029,-35553
브라질,2026-03-01,2026-03,583641,373254,210387
브라질,2026-04-01,2026-04,650749,725174,-74424
브라질,2026-05-01,2026-05,561552,518210,43343
브라질,2026-06-01,2026-06,642113,348323,293790
브라질,2026-07-01,2026-07,691480,590474,101005
브루나이,2024-01-01,2024-01,7227,95862,-88636
브루나이,2024-02-01,2024-02,3267,52124,-48857
브루나이,2024-03-01,2024-03,5730,103,5628
브루나이,2024-04-01,2024-04,3481,35709,-32228
브루나이,2024-05-01,2024-05,1431,2124,-692
브루나이,2024-06-01,2024-06,3060,3730,-670
브루나이,2024-07-01,2024-07,6366,22,6344
브루나이,2024-08-01,2024-08,2305,107733,-105428
브루나이,2024-09-01,2024-09,2734,76862,-74128
브루나이,2024-10-01,2024-10,3015,2041,974
브루나이,2024-11-01,2024-11,6232,53382,-47151
브루나이,2024-12-01,2024-12,15481,82409,-66928
브루나이,2025-01-01,2025-01,7582,2360,5222
브루나이,2025-02-01,2025-02,4905,20,4885
브루나이,2025-03-01,2025-03,7604,78331,-70727
브루나이,2025-04-01,2025-04,4611,14,4597
브루나이,2025-05-01,2025-05,3742,114961,-111220
브루나이,2025-06-01,2025-06,6321,36782,-30460
브루나이,2025-07-01,2025-07,3400,42244,-38844
브루나이,2025-08-01,2025-08,6166,85350,-79184
브루나이,2025-09-01,2025-09,3703,74444,-70741
브루나이,2025-10-01,2025-10,2913,29433,-26519
브루나이,2025-11-01,2025-11,6113,35241,-29128
브루나이,2025-12-01,2025-12,2580,57357,-54777
브루나이,2026-01-01,2026-01,2202,35491,-33289
브루나이,2026-02-01,2026-02,1375,36128,-34753
브루나이,2026-03-01,2026-03,1360,60505,-59144
브루나이,2026-04-01,2026-04,2334,24536,-22202
브루나이,2026-05-01,2026-05,1088,33037,-31950
브루나이,2026-06-01,2026-06,3297,2658,639
브루나이,2026-07-01,2026-07,4580,402,4178
사모아,2024-01-01,2024-01,4263,71,4192
사모아,2024-02-01,2024-02,5982,0,5982
사모아,2024-03-01,2024-03,4198,0,4198
사모아,2024-04-01,2024-04,5213,17,5196
사모아,2024-05-01,2024-05,4434,16,4418
사모아,2024-06-01,2024-06,4072,0,4072
사모아,2024-07-01,2024-07,4042,34,4009
사모아,2024-08-01,2024-08,4245,29,4216
사모아,2024-09-01,2024-09,4508,78,4431
사모아,2024-10-01,2024-10,4452,3,4449
사모아,2024-11-01,2024-11,4218,55,4162
사모아,2024-12-01,2024-12,5529,17,5512
사모아,2025-01-01,2025-01,3370,0,3370
사모아,2025-02-01,2025-02,4853,0,4852
사모아,2025-03-01,2025-03,3739,76,3662
사모아,2025-04-01,2025-04,4526,0,4526
사모아,2025-05-01,2025-05,4523,18,4506
사모아,2025-06-01,2025-06,4763,51,4712
사모아,2025-07-01,2025-07,4348,23,4326
사모아,2025-08-01,2025-08,4642,20,4622
사모아,2025-09-01,2025-09,5690,73,5617
사모아,2025-10-01,2025-10,4084,17,4067
사모아,2025-11-01,2025-11,3719,104,3616
사모아,2025-12-01,2025-12,4719,155,4564
사모아,2026-01-01,2026-01,4441,108,4334
사모아,2026-02-01,2026-02,4793,135,4658
사모아,2026-03-01,2026-03,5131,63,5068
사모아,2026-04-01,2026-04,5377,2,5375
사모아,2026-05-01,2026-05,5235,287,4949
사모아,2026-06-01,2026-06,4600,219,4381
사모아,2026-07-01,2026-07,4489,93,4396
사우디아라비아,2024-01-01,2024-01,503060,2662075,-2159015
사우디아라비아,2024-02-01,2024-02,409281,2367819,-1958538
사우디아라비아,2024-03-01,2024-03,384382,2608414,-2224033
사우디아라비아,2024-04-01,2024-04,479810,2800137,-2320327
사우디아라비아,2024-05-01,2024-05,445553,3040380,-2594827
사우디아라비아,2024-06-01,2024-06,506899,2405558,-1898658
사우디아라비아,2024-07-01,2024-07,366768,2760011,-2393243
사우디아라비아,2024-08-01,2024-08,422795,2559626,-2136831
사우디아라비아,2024-09-01,2024-09,462474,2581723,-2119249
사우디아라비아,2024-10-01,2024-10,332938,2528232,-2195294
사우디아라비아,2024-11-01,2024-11,453577,2454789,-2001212
사우디아라비아,2024-12-01,2024-12,467447,2681083,-2213636
사우디아라비아,2025-01-01,2025-01,291910,2482498,-2190588
사우디아라비아,2025-02-01,2025-02,358306,2366254,-2007948
사우디아라비아,2025-03-01,2025-03,445522,2400642,-1955120
사우디아라비아,2025-04-01,2025-04,372386,2084771,-1712384
사우디아라비아,2025-05-01,2025-05,293128,2054506,-1761378
사우디아라비아,2025-06-01,2025-06,464237,2313436,-1849199
사우디아라비아,2025-07-01,2025-07,382228,2241789,-1859562
사우디아라비아,2025-08-01,2025-08,357320,2817172,-2459853
사우디아라비아,2025-09-01,2025-09,429792,2141061,-1711269
사우디아라비아,2025-10-01,2025-10,346605,2614247,-2267642
사우디아라비아,2025-11-01,2025-11,501277,1999741,-1498464
사우디아라비아,2025-12-01,2025-12,617378,1915634,-1298256
사우디아라비아,2026-01-01,2026-01,317251,2311721,-1994471
사우디아라비아,2026-02-01,2026-02,294402,1842173,-1547771
사우디아라비아,2026-03-01,2026-03,158406,2303665,-2145259
사우디아라비아,2026-04-01,2026-04,282827,1905141,-1622314
사우디아라비아,2026-05-01,2026-05,279291,2352918,-2073626
사우디아라비아,2026-06-01,2026-06,482026,2695754,-2213728
사우디아라비아,2026-07-01,2026-07,512595,3377693,-2865098
사이프러스,2024-01-01,2024-01,5213,685,4527
사이프러스,2024-02-01,2024-02,3879,1613,2265
사이프러스,2024-03-01,2024-03,3276,1056,2221
사이프러스,2024-04-01,2024-04,5381,1005,4377
사이프러스,2024-05-01,2024-05,5458,866,4593
사이프러스,2024-06-01,2024-06,4027,1272,2754
사이프러스,2024-07-01,2024-07,3743,1506,2238
사이프러스,2024-08-01,2024-08,3074,373,2701
사이프러스,2024-09-01,2024-09,4052,345,3707
사이프러스,2024-10-01,2024-10,4589,394,4195
사이프러스,2024-11-01,2024-11,5219,103,5116
사이프러스,2024-12-01,2024-12,8163,230,7934
사이프러스,2025-01-01,2025-01,2700,1234,1466
사이프러스,2025-02-01,2025-02,7556,335,7221
사이프러스,2025-03-01,2025-03,5745,654,5091
사이프러스,2025-04-01,2025-04,7123,313,6810
사이프러스,2025-05-01,2025-05,4090,258,3833
사이프러스,2025-06-01,2025-06,7077,540,6537
사이프러스,2025-07-01,2025-07,6661,620,6041
사이프러스,2025-08-01,2025-08,4368,142,4225
사이프러스,2025-09-01,2025-09,5510,935,4575
사이프러스,2025-10-01,2025-10,3915,365,3550
사이프러스,2025-11-01,2025-11,4593,407,4186
사이프러스,2025-12-01,2025-12,11242,211,11032
사이프러스,2026-01-01,2026-01,5812,815,4997
사이프러스,2026-02-01,2026-02,2007,769,1238
사이프러스,2026-03-01,2026-03,5450,240,5210
사이프러스,2026-04-01,2026-04,5002,389,4613
사이프러스,2026-05-01,2026-05,3035,1006,2029
사이프러스,2026-06-01,2026-06,6647,231,6417
사이프러스,2026-07-01,2026-07,4870,590,4280
산마리노,2024-01-01,2024-01,35,1031,-996
산마리노,2024-02-01,2024-02,82,151,-69
산마리노,2024-03-01,2024-03,0,98,-98
산마리노,2024-04-01,2024-04,25,117,-92
산마리노,2024-05-01,2024-05,3,326,-323
산마리노,2024-06-01,2024-06,44,339,-295
산마리노,2024-07-01,2024-07,18,166,-148
산마리노,2024-08-01,2024-08,29,457,-428
산마리노,2024-09-01,2024-09,12,475,-464
산마리노,2024-10-01,2024-10,25,280,-255
산마리노,2024-11-01,2024-11,10,536,-526
산마리노,2024-12-01,2024-12,23,909,-886
산마리노,2025-01-01,2025-01,0,210,-210
산마리노,2025-02-01,2025-02,45,618,-573
산마리노,2025-03-01,2025-03,17,42,-25
산마리노,2025-04-01,2025-04,29,421,-392
산마리노,2025-05-01,2025-05,23,418,-394
산마리노,2025-06-01,2025-06,0,334,-334
산마리노,2025-07-01,2025-07,0,158,-158
산마리노,2025-08-01,2025-08,37,105,-68
산마리노,2025-09-01,2025-09,39,96,-57
산마리노,2025-10-01,2025-10,5,243,-238
산마리노,2025-11-01,2025-11,22,253,-231
산마리노,2025-12-01,2025-12,11,125,-113
산마리노,2026-01-01,2026-01,27,115,-89
산마리노,2026-02-01,2026-02,0,121,-121
산마리노,2026-03-01,2026-03,30,64,-34
산마리노,2026-04-01,2026-04,21,57,-36
산마리노,2026-05-01,2026-05,27,128,-102
산마리노,2026-06-01,2026-06,13,220,-207
산마리노,2026-07-01,2026-07,13,38,-25
상토메 프린스페,2024-01-01,2024-01,0,0,0
상토메 프린스페,2024-02-01,2024-02,62,1,61
상토메 프린스페,2024-03-01,2024-03,0,0,0
상토메 프린스페,2024-04-01,2024-04,157,0,157
상토메 프린스페,2024-05-01,2024-05,7,0,7
상토메 프린스페,2024-06-01,2024-06,3,0,3
상토메 프린스페,2024-07-01,2024-07,21,0,21
상토메 프린스페,2024-08-01,2024-08,0,0,0
상토메 프린스페,2024-09-01,2024-09,0,0,0
상토메 프린스페,2024-10-01,2024-10,17,0,17
상토메 프린스페,2024-11-01,2024-11,25,0,25
상토메 프린스페,2024-12-01,2024-12,316,0,316
상토메 프린스페,2025-01-01,2025-01,0,0,0
상토메 프린스페,2025-02-01,2025-02,5,0,5
상토메 프린스페,2025-03-01,2025-03,0,0,0
상토메 프린스페,2025-04-01,2025-04,2,0,2
상토메 프린스페,2025-05-01,2025-05,17,0,17
상토메 프린스페,2025-06-01,2025-06,16,1,15
상토메 프린스페,2025-07-01,2025-07,18,2,16
상토메 프린스페,2025-08-01,2025-08,0,304,-304
상토메 프린스페,2025-09-01,2025-09,38,0,38
상토메 프린스페,2025-10-01,2025-10,25,0,24
상토메 프린스페,2025-11-01,2025-11,83,0,83
상토메 프린스페,2025-12-01,2025-12,0,0,0
상토메 프린스페,2026-01-01,2026-01,31,0,31
상토메 프린스페,2026-02-01,2026-02,6,0,6
상토메 프린스페,2026-03-01,2026-03,8,0,8
상토메 프린스페,2026-04-01,2026-04,0,0,0
상토메 프린스페,2026-05-01,2026-05,0,2,-2
상토메 프린스페,2026-06-01,2026-06,62,0,62
상토메 프린스페,2026-07-01,2026-07,53,0,53
서사하라,2024-01-01,2024-01,0,0,0
서사하라,2024-02-01,2024-02,0,0,0
서사하라,2024-03-01,2024-03,0,0,0
서사하라,2024-04-01,2024-04,0,0,0
서사하라,2024-05-01,2024-05,0,0,0
서사하라,2024-06-01,2024-06,0,0,0
서사하라,2024-07-01,2024-07,0,0,0
서사하라,2024-08-01,2024-08,0,0,0
서사하라,2024-09-01,2024-09,0,0,0
서사하라,2024-10-01,2024-10,0,0,0
서사하라,2024-11-01,2024-11,0,0,0
서사하라,2024-12-01,2024-12,0,0,0
서사하라,2025-01-01,2025-01,0,0,0
서사하라,2025-02-01,2025-02,0,0,0
서사하라,2025-03-01,2025-03,0,0,0
서사하라,2025-04-01,2025-04,0,0,0
서사하라,2025-05-01,2025-05,0,0,0
서사하라,2025-06-01,2025-06,0,0,0
서사하라,2025-07-01,2025-07,0,0,0
서사하라,2025-08-01,2025-08,0,0,0
서사하라,2025-09-01,2025-09,0,0,0
서사하라,2025-10-01,2025-10,0,0,0
서사하라,2025-11-01,2025-11,0,0,0
서사하라,2025-12-01,2025-12,0,0,0
서사하라,2026-01-01,2026-01,0,0,0
서사하라,2026-02-01,2026-02,0,0,0
서사하라,2026-03-01,2026-03,0,0,0
서사하라,2026-04-01,2026-04,0,0,0
서사하라,2026-05-01,2026-05,0,0,0
서사하라,2026-06-01,2026-06,0,0,0
서사하라,2026-07-01,2026-07,0,0,0
세네갈,2024-01-01,2024-01,9425,2606,6819
세네갈,2024-02-01,2024-02,7935,1280,6654
세네갈,2024-03-01,2024-03,8115,3005,5111
세네갈,2024-04-01,2024-04,13555,2819,10736
세네갈,2024-05-01,2024-05,54430,2500,51930
세네갈,2024-06-01,2024-06,5484,2561,2924
세네갈,2024-07-01,2024-07,14932,2515,12417
세네갈,2024-08-01,2024-08,7037,7547,-510
세네갈,2024-09-01,2024-09,10856,6030,4826
세네갈,2024-10-01,2024-10,9482,3942,5540
세네갈,2024-11-01,2024-11,9548,2722,6826
세네갈,2024-12-01,2024-12,12205,2108,10097
세네갈,2025-01-01,2025-01,6058,3024,3034
세네갈,2025-02-01,2025-02,11312,2212,9100
세네갈,2025-03-01,2025-03,6539,3015,3524
세네갈,2025-04-01,2025-04,14933,2090,12843
세네갈,2025-05-01,2025-05,13033,1740,11293
세네갈,2025-06-01,2025-06,10340,2567,7773
세네갈,2025-07-01,2025-07,7858,5562,2295
세네갈,2025-08-01,2025-08,9096,3165,5931
세네갈,2025-09-01,2025-09,8422,3840,4582
세네갈,2025-10-01,2025-10,6281,1455,4827
세네갈,2025-11-01,2025-11,10907,1494,9413
세네갈,2025-12-01,2025-12,12802,3572,9230
세네갈,2026-01-01,2026-01,10409,2361,8048
세네갈,2026-02-01,2026-02,8330,1292,7038
세네갈,2026-03-01,2026-03,15073,1130,13943
세네갈,2026-04-01,2026-04,17826,2683,15143
세네갈,2026-05-01,2026-05,12960,1924,11036
세네갈,2026-06-01,2026-06,12143,3253,8890
세네갈,2026-07-01,2026-07,16335,2631,13704
세르비아,2024-01-01,2024-01,24265,16932,7333
세르비아,2024-02-01,2024-02,16697,30653,-13955
세르비아,2024-03-01,2024-03,24560,42815,-18255
세르비아,2024-04-01,2024-04,26700,27969,-1269
세르비아,2024-05-01,2024-05,19907,10572,9335
세르비아,2024-06-01,2024-06,18746,12753,5993
세르비아,2024-07-01,2024-07,19400,14007,5393
세르비아,2024-08-01,2024-08,10789,23060,-12271
세르비아,2024-09-01,2024-09,23087,22809,278
세르비아,2024-10-01,2024-10,11094,20313,-9220
세르비아,2024-11-01,2024-11,12404,41966,-29562
세르비아,2024-12-01,2024-12,12051,9045,3006
세르비아,2025-01-01,2025-01,10498,8121,2377
세르비아,2025-02-01,2025-02,18433,9965,8468
세르비아,2025-03-01,2025-03,13051,6512,6539
세르비아,2025-04-01,2025-04,16224,5376,10848
세르비아,2025-05-01,2025-05,14977,9396,5581
세르비아,2025-06-01,2025-06,11735,10666,1069
세르비아,2025-07-01,2025-07,16703,10043,6660
세르비아,2025-08-01,2025-08,17914,9868,8046
세르비아,2025-09-01,2025-09,18078,6980,11098
세르비아,2025-10-01,2025-10,11230,12448,-1217
세르비아,2025-11-01,2025-11,13983,9749,4234
세르비아,2025-12-01,2025-12,13970,10513,3457
세르비아,2026-01-01,2026-01,11257,6816,4441
세르비아,2026-02-01,2026-02,15925,14008,1917
세르비아,2026-03-01,2026-03,17644,8171,9473
세르비아,2026-04-01,2026-04,14647,13760,887
세르비아,2026-05-01,2026-05,14775,7759,7016
세르비아,2026-06-01,2026-06,20189,10762,9427
세르비아,2026-07-01,2026-07,22315,9410,12905
세르비아 와 몬테네그로,2024-01-01,2024-01,0,0,0
세르비아 와 몬테네그로,2024-02-01,2024-02,0,0,0
세르비아 와 몬테네그로,2024-03-01,2024-03,0,0,0
세르비아 와 몬테네그로,2024-04-01,2024-04,0,0,0
세르비아 와 몬테네그로,2024-05-01,2024-05,0,0,0
세르비아 와 몬테네그로,2024-06-01,2024-06,0,0,0
세르비아 와 몬테네그로,2024-07-01,2024-07,0,0,0
세르비아 와 몬테네그로,2024-08-01,2024-08,0,0,0
세르비아 와 몬테네그로,2024-09-01,2024-09,0,0,0
세르비아 와 몬테네그로,2024-10-01,2024-10,0,0,0
세르비아 와 몬테네그로,2024-11-01,2024-11,0,0,0
세르비아 와 몬테네그로,2024-12-01,2024-12,0,0,0
세르비아 와 몬테네그로,2025-01-01,2025-01,0,0,0
세르비아 와 몬테네그로,2025-02-01,2025-02,0,0,0
세르비아 와 몬테네그로,2025-03-01,2025-03,0,0,0
세르비아 와 몬테네그로,2025-04-01,2025-04,0,0,0
세르비아 와 몬테네그로,2025-05-01,2025-05,0,0,0
세르비아 와 몬테네그로,2025-06-01,2025-06,0,0,0
세르비아 와 몬테네그로,2025-07-01,2025-07,0,0,0
세르비아 와 몬테네그로,2025-08-01,2025-08,0,0,0
세르비아 와 몬테네그로,2025-09-01,2025-09,0,0,0
세르비아 와 몬테네그로,2025-10-01,2025-10,0,0,0
세르비아 와 몬테네그로,2025-11-01,2025-11,0,0,0
세르비아 와 몬테네그로,2025-12-01,2025-12,0,0,0
세르비아 와 몬테네그로,2026-01-01,2026-01,0,0,0
세르비아 와 몬테네그로,2026-02-01,2026-02,0,0,0
세르비아 와 몬테네그로,2026-03-01,2026-03,0,0,0
세르비아 와 몬테네그로,2026-04-01,2026-04,0,0,0
세르비아 와 몬테네그로,2026-05-01,2026-05,0,0,0
세르비아 와 몬테네그로,2026-06-01,2026-06,0,0,0
세르비아 와 몬테네그로,2026-07-01,2026-07,0,0,0
세이쉘,2024-01-01,2024-01,211,218,-6
세이쉘,2024-02-01,2024-02,712,135,577
세이쉘,2024-03-01,2024-03,1035,29,1006
세이쉘,2024-04-01,2024-04,374,133,241
세이쉘,2024-05-01,2024-05,786,181,605
세이쉘,2024-06-01,2024-06,720,53,666
세이쉘,2024-07-01,2024-07,605,230,375
세이쉘,2024-08-01,2024-08,1272,437,835
세이쉘,2024-09-01,2024-09,1115,150,965
세이쉘,2024-10-01,2024-10,805,209,596
세이쉘,2024-11-01,2024-11,1936,301,1636
세이쉘,2024-12-01,2024-12,1361,159,1203
세이쉘,2025-01-01,2025-01,162,203,-41
세이쉘,2025-02-01,2025-02,1274,15,1259
세이쉘,2025-03-01,2025-03,1135,78,1057
세이쉘,2025-04-01,2025-04,802,267,536
세이쉘,2025-05-01,2025-05,825,288,537
세이쉘,2025-06-01,2025-06,509,251,258
세이쉘,2025-07-01,2025-07,666,1510,-844
세이쉘,2025-08-01,2025-08,326,306,20
세이쉘,2025-09-01,2025-09,860,1069,-209
세이쉘,2025-10-01,2025-10,859,419,440
세이쉘,2025-11-01,2025-11,1301,540,761
세이쉘,2025-12-01,2025-12,556,101,455
세이쉘,2026-01-01,2026-01,3784,39,3744
세이쉘,2026-02-01,2026-02,1335,286,1049
세이쉘,2026-03-01,2026-03,527,212,315
세이쉘,2026-04-01,2026-04,939,242,697
세이쉘,2026-05-01,2026-05,352,449,-98
세이쉘,2026-06-01,2026-06,1461,272,1189
세이쉘,2026-07-01,2026-07,1150,219,930
세인트 루시아,2024-01-01,2024-01,356,0,356
세인트 루시아,2024-02-01,2024-02,348,0,348
세인트 루시아,2024-03-01,2024-03,623,0,623
세인트 루시아,2024-04-01,2024-04,290,3,288
세인트 루시아,2024-05-01,2024-05,460,6,454
세인트 루시아,2024-06-01,2024-06,528,18,511
세인트 루시아,2024-07-01,2024-07,284,0,284
세인트 루시아,2024-08-01,2024-08,445,0,445
세인트 루시아,2024-09-01,2024-09,300,0,300
세인트 루시아,2024-10-01,2024-10,576,0,576
세인트 루시아,2024-11-01,2024-11,180,0,180
세인트 루시아,2024-12-01,2024-12,336,4,332
세인트 루시아,2025-01-01,2025-01,275,0,275
세인트 루시아,2025-02-01,2025-02,330,0,330
세인트 루시아,2025-03-01,2025-03,317,0,317
세인트 루시아,2025-04-01,2025-04,148,0,148
세인트 루시아,2025-05-01,2025-05,223,0,223
세인트 루시아,2025-06-01,2025-06,334,22,312
세인트 루시아,2025-07-01,2025-07,789,0,789
세인트 루시아,2025-08-01,2025-08,398,0,398
세인트 루시아,2025-09-01,2025-09,818,30,789
세인트 루시아,2025-10-01,2025-10,165,0,165
세인트 루시아,2025-11-01,2025-11,374,18,356
세인트 루시아,2025-12-01,2025-12,413,31,381
세인트 루시아,2026-01-01,2026-01,212,0,212
세인트 루시아,2026-02-01,2026-02,234,36,198
세인트 루시아,2026-03-01,2026-03,419,16,403
세인트 루시아,2026-04-01,2026-04,350,0,350
세인트 루시아,2026-05-01,2026-05,335,40,296
세인트 루시아,2026-06-01,2026-06,199,32,166
세인트 루시아,2026-07-01,2026-07,369,17,352
세인트 마틴,2024-01-01,2024-01,1682,0,1682
세인트 마틴,2024-02-01,2024-02,1057,0,1057
세인트 마틴,2024-03-01,2024-03,588,0,588
세인트 마틴,2024-04-01,2024-04,956,0,956
세인트 마틴,2024-05-01,2024-05,341,0,341
세인트 마틴,2024-06-01,2024-06,1913,0,1913
세인트 마틴,2024-07-01,2024-07,2079,0,2079
세인트 마틴,2024-08-01,2024-08,1278,0,1278
세인트 마틴,2024-09-01,2024-09,1696,1,1695
세인트 마틴,2024-10-01,2024-10,1859,0,1859
세인트 마틴,2024-11-01,2024-11,2894,0,2894
세인트 마틴,2024-12-01,2024-12,1328,0,1328
세인트 마틴,2025-01-01,2025-01,1006,0,1006
세인트 마틴,2025-02-01,2025-02,1586,0,1586
세인트 마틴,2025-03-01,2025-03,1044,0,1044
세인트 마틴,2025-04-01,2025-04,1051,0,1051
세인트 마틴,2025-05-01,2025-05,568,0,568
세인트 마틴,2025-06-01,2025-06,1275,0,1275
세인트 마틴,2025-07-01,2025-07,538,0,538
세인트 마틴,2025-08-01,2025-08,1253,0,1253
세인트 마틴,2025-09-01,2025-09,716,0,716
세인트 마틴,2025-10-01,2025-10,289,0,289
세인트 마틴,2025-11-01,2025-11,1000,0,1000
세인트 마틴,2025-12-01,2025-12,1572,0,1572
세인트 마틴,2026-01-01,2026-01,894,0,894
세인트 마틴,2026-02-01,2026-02,332,0,332
세인트 마틴,2026-03-01,2026-03,215,0,215
세인트 마틴,2026-04-01,2026-04,460,1,459
세인트 마틴,2026-05-01,2026-05,94,0,94
세인트 마틴,2026-06-01,2026-06,5,0,5
세인트 마틴,2026-07-01,2026-07,34,0,34
세인트 바르탤르미,2024-01-01,2024-01,0,2,-2
세인트 바르탤르미,2024-02-01,2024-02,16,0,16
세인트 바르탤르미,2024-03-01,2024-03,0,0,0
세인트 바르탤르미,2024-04-01,2024-04,8,0,8
세인트 바르탤르미,2024-05-01,2024-05,2,0,2
세인트 바르탤르미,2024-06-01,2024-06,0,0,0
세인트 바르탤르미,2024-07-01,2024-07,528,0,528
세인트 바르탤르미,2024-08-01,2024-08,4,0,4
세인트 바르탤르미,2024-09-01,2024-09,7,0,7
세인트 바르탤르미,2024-10-01,2024-10,7,0,7
세인트 바르탤르미,2024-11-01,2024-11,3,68,-65
세인트 바르탤르미,2024-12-01,2024-12,8,398,-391
세인트 바르탤르미,2025-01-01,2025-01,6,14,-8
세인트 바르탤르미,2025-02-01,2025-02,4,1,3
세인트 바르탤르미,2025-03-01,2025-03,7,0,7
세인트 바르탤르미,2025-04-01,2025-04,0,9,-9
세인트 바르탤르미,2025-05-01,2025-05,14,4,10
세인트 바르탤르미,2025-06-01,2025-06,0,0,0
세인트 바르탤르미,2025-07-01,2025-07,10,0,10
세인트 바르탤르미,2025-08-01,2025-08,55,1,54
세인트 바르탤르미,2025-09-01,2025-09,3,0,3
세인트 바르탤르미,2025-10-01,2025-10,3,0,2
세인트 바르탤르미,2025-11-01,2025-11,2,0,2
세인트 바르탤르미,2025-12-01,2025-12,13,0,13
세인트 바르탤르미,2026-01-01,2026-01,7,0,7
세인트 바르탤르미,2026-02-01,2026-02,7,0,7
세인트 바르탤르미,2026-03-01,2026-03,4,0,4
세인트 바르탤르미,2026-04-01,2026-04,3,0,3
세인트 바르탤르미,2026-05-01,2026-05,3,0,3
세인트 바르탤르미,2026-06-01,2026-06,103,0,103
세인트 바르탤르미,2026-07-01,2026-07,3,90,-87
세인트 빈센트 그레나딘,2024-01-01,2024-01,13,0,13
세인트 빈센트 그레나딘,2024-02-01,2024-02,280,0,280
세인트 빈센트 그레나딘,2024-03-01,2024-03,113,0,113
세인트 빈센트 그레나딘,2024-04-01,2024-04,121,74,47
세인트 빈센트 그레나딘,2024-05-01,2024-05,3,5,-2
세인트 빈센트 그레나딘,2024-06-01,2024-06,124,12,111
세인트 빈센트 그레나딘,2024-07-01,2024-07,249,0,249
세인트 빈센트 그레나딘,2024-08-01,2024-08,163,0,163
세인트 빈센트 그레나딘,2024-09-01,2024-09,291,0,291
세인트 빈센트 그레나딘,2024-10-01,2024-10,78,0,78
세인트 빈센트 그레나딘,2024-11-01,2024-11,338,0,338
세인트 빈센트 그레나딘,2024-12-01,2024-12,287,0,287
세인트 빈센트 그레나딘,2025-01-01,2025-01,153,0,153
세인트 빈센트 그레나딘,2025-02-01,2025-02,80,0,80
세인트 빈센트 그레나딘,2025-03-01,2025-03,149,1,148
세인트 빈센트 그레나딘,2025-04-01,2025-04,349,0,349
세인트 빈센트 그레나딘,2025-05-01,2025-05,72,0,72
세인트 빈센트 그레나딘,2025-06-01,2025-06,99,0,99
세인트 빈센트 그레나딘,2025-07-01,2025-07,233,0,233
세인트 빈센트 그레나딘,2025-08-01,2025-08,0,0,0
세인트 빈센트 그레나딘,2025-09-01,2025-09,202,0,202
세인트 빈센트 그레나딘,2025-10-01,2025-10,71,0,71
세인트 빈센트 그레나딘,2025-11-01,2025-11,102,0,102
세인트 빈센트 그레나딘,2025-12-01,2025-12,56,0,56
세인트 빈센트 그레나딘,2026-01-01,2026-01,1,1,1
세인트 빈센트 그레나딘,2026-02-01,2026-02,103,0,103
세인트 빈센트 그레나딘,2026-03-01,2026-03,97,9,88
세인트 빈센트 그레나딘,2026-04-01,2026-04,325,0,325
세인트 빈센트 그레나딘,2026-05-01,2026-05,14,0,14
세인트 빈센트 그레나딘,2026-06-01,2026-06,10,0,10
세인트 빈센트 그레나딘,2026-07-01,2026-07,59,0,59
세인트 키츠 네비스,2024-01-01,2024-01,134,0,134
세인트 키츠 네비스,2024-02-01,2024-02,84,5,80
세인트 키츠 네비스,2024-03-01,2024-03,198,0,198
세인트 키츠 네비스,2024-04-01,2024-04,61,2,60
세인트 키츠 네비스,2024-05-01,2024-05,36,1,35
세인트 키츠 네비스,2024-06-01,2024-06,201,6,195
세인트 키츠 네비스,2024-07-01,2024-07,99,1,98
세인트 키츠 네비스,2024-08-01,2024-08,366,1,366
세인트 키츠 네비스,2024-09-01,2024-09,131,19,112
세인트 키츠 네비스,2024-10-01,2024-10,83,13,70
세인트 키츠 네비스,2024-11-01,2024-11,101,1,101
세인트 키츠 네비스,2024-12-01,2024-12,335,0,335
세인트 키츠 네비스,2025-01-01,2025-01,60,1,60
세인트 키츠 네비스,2025-02-01,2025-02,117,3,114
세인트 키츠 네비스,2025-03-01,2025-03,40,2,38
세인트 키츠 네비스,2025-04-01,2025-04,71,1,71
세인트 키츠 네비스,2025-05-01,2025-05,5,1,4
세인트 키츠 네비스,2025-06-01,2025-06,33,2,31
세인트 키츠 네비스,2025-07-01,2025-07,221,2,219
세인트 키츠 네비스,2025-08-01,2025-08,79,3,76
세인트 키츠 네비스,2025-09-01,2025-09,201,0,201
세인트 키츠 네비스,2025-10-01,2025-10,59,29,30
세인트 키츠 네비스,2025-11-01,2025-11,447,0,447
세인트 키츠 네비스,2025-12-01,2025-12,70,2,68
세인트 키츠 네비스,2026-01-01,2026-01,49,21,29
세인트 키츠 네비스,2026-02-01,2026-02,31,13,17
세인트 키츠 네비스,2026-03-01,2026-03,28,10,18
세인트 키츠 네비스,2026-04-01,2026-04,302,1,302
세인트 키츠 네비스,2026-05-01,2026-05,163,19,144
세인트 키츠 네비스,2026-06-01,2026-06,48,2,46
세인트 키츠 네비스,2026-07-01,2026-07,144,3,141
세인트 피레 미켈론,2024-01-01,2024-01,0,0,0
세인트 피레 미켈론,2024-02-01,2024-02,0,0,0
세인트 피레 미켈론,2024-03-01,2024-03,0,0,0
세인트 피레 미켈론,2024-04-01,2024-04,0,0,0
세인트 피레 미켈론,2024-05-01,2024-05,0,0,0
세인트 피레 미켈론,2024-06-01,2024-06,0,0,0
세인트 피레 미켈론,2024-07-01,2024-07,0,0,0
세인트 피레 미켈론,2024-08-01,2024-08,0,0,0
세인트 피레 미켈론,2024-09-01,2024-09,0,0,0
세인트 피레 미켈론,2024-10-01,2024-10,0,0,0
세인트 피레 미켈론,2024-11-01,2024-11,0,0,0
세인트 피레 미켈론,2024-12-01,2024-12,0,0,0
세인트 피레 미켈론,2025-01-01,2025-01,0,0,0
세인트 피레 미켈론,2025-02-01,2025-02,0,0,0
세인트 피레 미켈론,2025-03-01,2025-03,0,0,0
세인트 피레 미켈론,2025-04-01,2025-04,0,0,0
세인트 피레 미켈론,2025-05-01,2025-05,0,0,0
세인트 피레 미켈론,2025-06-01,2025-06,0,0,0
세인트 피레 미켈론,2025-07-01,2025-07,0,0,0
세인트 피레 미켈론,2025-08-01,2025-08,0,0,0
세인트 피레 미켈론,2025-09-01,2025-09,0,0,0
세인트 피레 미켈론,2025-10-01,2025-10,0,0,0
세인트 피레 미켈론,2025-11-01,2025-11,0,0,0
세인트 피레 미켈론,2025-12-01,2025-12,0,0,0
세인트 피레 미켈론,2026-01-01,2026-01,0,1,-1
세인트 피레 미켈론,2026-02-01,2026-02,0,0,0
세인트 피레 미켈론,2026-03-01,2026-03,0,0,0
세인트 피레 미켈론,2026-04-01,2026-04,0,0,0
세인트 피레 미켈론,2026-05-01,2026-05,0,0,0
세인트 피레 미켈론,2026-06-01,2026-06,1,0,1
세인트 피레 미켈론,2026-07-01,2026-07,0,0,0
세인트 헬레나,2024-01-01,2024-01,0,20,-20
세인트 헬레나,2024-02-01,2024-02,0,0,0
세인트 헬레나,2024-03-01,2024-03,0,0,0
세인트 헬레나,2024-04-01,2024-04,0,0,0
세인트 헬레나,2024-05-01,2024-05,0,0,0
세인트 헬레나,2024-06-01,2024-06,0,1,-1
세인트 헬레나,2024-07-01,2024-07,0,0,0
세인트 헬레나,2024-08-01,2024-08,0,1,-1
세인트 헬레나,2024-09-01,2024-09,0,0,0
세인트 헬레나,2024-10-01,2024-10,0,12,-12
세인트 헬레나,2024-11-01,2024-11,0,26,-26
세인트 헬레나,2024-12-01,2024-12,0,0,0
세인트 헬레나,2025-01-01,2025-01,0,0,0
세인트 헬레나,2025-02-01,2025-02,0,0,0
세인트 헬레나,2025-03-01,2025-03,0,0,0
세인트 헬레나,2025-04-01,2025-04,0,13,-13
세인트 헬레나,2025-05-01,2025-05,0,50,-50
세인트 헬레나,2025-06-01,2025-06,0,0,0
세인트 헬레나,2025-07-01,2025-07,0,57,-57
세인트 헬레나,2025-08-01,2025-08,0,0,0
세인트 헬레나,2025-09-01,2025-09,0,0,0
세인트 헬레나,2025-10-01,2025-10,0,0,0
세인트 헬레나,2025-11-01,2025-11,0,13,-13
세인트 헬레나,2025-12-01,2025-12,0,0,0
세인트 헬레나,2026-01-01,2026-01,0,2,-2
세인트 헬레나,2026-02-01,2026-02,0,0,0
세인트 헬레나,2026-03-01,2026-03,1,0,1
세인트 헬레나,2026-04-01,2026-04,0,0,0
세인트 헬레나,2026-05-01,2026-05,0,0,0
세인트 헬레나,2026-06-01,2026-06,0,0,0
세인트 헬레나,2026-07-01,2026-07,0,13,-13
세인트마틴(생마르탱),2024-01-01,2024-01,77,0,77
세인트마틴(생마르탱),2024-02-01,2024-02,1,0,1
세인트마틴(생마르탱),2024-03-01,2024-03,11,0,11
세인트마틴(생마르탱),2024-04-01,2024-04,29,0,29
세인트마틴(생마르탱),2024-05-01,2024-05,80,0,80
세인트마틴(생마르탱),2024-06-01,2024-06,33,0,33
세인트마틴(생마르탱),2024-07-01,2024-07,70,0,70
세인트마틴(생마르탱),2024-08-01,2024-08,21,0,21
세인트마틴(생마르탱),2024-09-01,2024-09,0,0,0
세인트마틴(생마르탱),2024-10-01,2024-10,1,0,1
세인트마틴(생마르탱),2024-11-01,2024-11,16,0,16
세인트마틴(생마르탱),2024-12-01,2024-12,74,0,74
세인트마틴(생마르탱),2025-01-01,2025-01,8,0,8
세인트마틴(생마르탱),2025-02-01,2025-02,9,0,9
세인트마틴(생마르탱),2025-03-01,2025-03,7,0,7
세인트마틴(생마르탱),2025-04-01,2025-04,13,0,13
세인트마틴(생마르탱),2025-05-01,2025-05,21,0,21
세인트마틴(생마르탱),2025-06-01,2025-06,26,0,26
세인트마틴(생마르탱),2025-07-01,2025-07,370,0,369
세인트마틴(생마르탱),2025-08-01,2025-08,2,0,2
세인트마틴(생마르탱),2025-09-01,2025-09,1,0,1
세인트마틴(생마르탱),2025-10-01,2025-10,368,0,368
세인트마틴(생마르탱),2025-11-01,2025-11,11,0,11
세인트마틴(생마르탱),2025-12-01,2025-12,6,0,6
세인트마틴(생마르탱),2026-01-01,2026-01,311,0,311
세인트마틴(생마르탱),2026-02-01,2026-02,38,0,38
세인트마틴(생마르탱),2026-03-01,2026-03,157,0,157
세인트마틴(생마르탱),2026-04-01,2026-04,2,0,2
세인트마틴(생마르탱),2026-05-01,2026-05,230,0,230
세인트마틴(생마르탱),2026-06-01,2026-06,131,0,131
세인트마틴(생마르탱),2026-07-01,2026-07,1009,0,1009
소말리아,2024-01-01,2024-01,567,29,538
소말리아,2024-02-01,2024-02,839,0,839
소말리아,2024-03-01,2024-03,3502,0,3502
소말리아,2024-04-01,2024-04,1137,6,1132
소말리아,2024-05-01,2024-05,753,76,677
소말리아,2024-06-01,2024-06,1023,77,946
소말리아,2024-07-01,2024-07,857,174,683
소말리아,2024-08-01,2024-08,1074,5,1069
소말리아,2024-09-01,2024-09,1653,1464,189
소말리아,2024-10-01,2024-10,1296,51,1245
소말리아,2024-11-01,2024-11,1273,621,652
소말리아,2024-12-01,2024-12,628,153,474
소말리아,2025-01-01,2025-01,1054,374,680
소말리아,2025-02-01,2025-02,1382,397,985
소말리아,2025-03-01,2025-03,334,221,113
소말리아,2025-04-01,2025-04,1270,254,1016
소말리아,2025-05-01,2025-05,146,302,-156
소말리아,2025-06-01,2025-06,893,0,893
소말리아,2025-07-01,2025-07,657,318,339
소말리아,2025-08-01,2025-08,740,433,307
소말리아,2025-09-01,2025-09,1034,0,1034
소말리아,2025-10-01,2025-10,956,568,389
소말리아,2025-11-01,2025-11,2165,246,1919
소말리아,2025-12-01,2025-12,2085,194,1890
소말리아,2026-01-01,2026-01,585,739,-154
소말리아,2026-02-01,2026-02,556,244,312
소말리아,2026-03-01,2026-03,876,61,815
소말리아,2026-04-01,2026-04,828,93,735
소말리아,2026-05-01,2026-05,1720,445,1274
소말리아,2026-06-01,2026-06,2492,156,2335
소말리아,2026-07-01,2026-07,944,76,869
솔로몬 군도,2024-01-01,2024-01,533,2495,-1961
솔로몬 군도,2024-02-01,2024-02,505,0,505
솔로몬 군도,2024-03-01,2024-03,261,0,261
솔로몬 군도,2024-04-01,2024-04,505,18,487
솔로몬 군도,2024-05-01,2024-05,336,1984,-1648
솔로몬 군도,2024-06-01,2024-06,534,234,300
솔로몬 군도,2024-07-01,2024-07,558,0,558
솔로몬 군도,2024-08-01,2024-08,1573,66,1507
솔로몬 군도,2024-09-01,2024-09,2971,21,2950
솔로몬 군도,2024-10-01,2024-10,786,1920,-1135
솔로몬 군도,2024-11-01,2024-11,2144,289,1855
솔로몬 군도,2024-12-01,2024-12,631,54,577
솔로몬 군도,2025-01-01,2025-01,605,0,605
솔로몬 군도,2025-02-01,2025-02,804,169,634
솔로몬 군도,2025-03-01,2025-03,286,299,-13
솔로몬 군도,2025-04-01,2025-04,1145,2367,-1222
솔로몬 군도,2025-05-01,2025-05,480,146,334
솔로몬 군도,2025-06-01,2025-06,872,213,659
솔로몬 군도,2025-07-01,2025-07,633,175,458
솔로몬 군도,2025-08-01,2025-08,696,66,630
솔로몬 군도,2025-09-01,2025-09,556,59,496
솔로몬 군도,2025-10-01,2025-10,648,80,568
솔로몬 군도,2025-11-01,2025-11,381,243,138
솔로몬 군도,2025-12-01,2025-12,656,81,574
솔로몬 군도,2026-01-01,2026-01,984,146,838
솔로몬 군도,2026-02-01,2026-02,576,45,531
솔로몬 군도,2026-03-01,2026-03,594,64,530
솔로몬 군도,2026-04-01,2026-04,743,2,741
솔로몬 군도,2026-05-01,2026-05,404,305,100
솔로몬 군도,2026-06-01,2026-06,870,116,755
솔로몬 군도,2026-07-01,2026-07,384,139,245
수단,2024-01-01,2024-01,3888,470,3419
수단,2024-02-01,2024-02,556,515,42
수단,2024-03-01,2024-03,1593,631,963
수단,2024-04-01,2024-04,2908,737,2171
수단,2024-05-01,2024-05,8822,0,8822
수단,2024-06-01,2024-06,1057,219,838
수단,2024-07-01,2024-07,1642,89,1553
수단,2024-08-01,2024-08,2936,0,2936
수단,2024-09-01,2024-09,6320,92,6228
수단,2024-10-01,2024-10,6042,231,5811
수단,2024-11-01,2024-11,9791,0,9791
수단,2024-12-01,2024-12,2808,0,2808
수단,2025-01-01,2025-01,5434,0,5434
수단,2025-02-01,2025-02,2697,0,2697
수단,2025-03-01,2025-03,3616,0,3616
수단,2025-04-01,2025-04,4031,0,4031
수단,2025-05-01,2025-05,7772,0,7772
수단,2025-06-01,2025-06,9826,114,9712
수단,2025-07-01,2025-07,6203,36,6167
수단,2025-08-01,2025-08,7444,110,7334
수단,2025-09-01,2025-09,8592,0,8592
수단,2025-10-01,2025-10,3073,0,3073
수단,2025-11-01,2025-11,6286,1,6285
수단,2025-12-01,2025-12,6183,0,6183
수단,2026-01-01,2026-01,12399,0,12399
수단,2026-02-01,2026-02,3095,0,3095
수단,2026-03-01,2026-03,2581,0,2581
수단,2026-04-01,2026-04,6673,0,6673
수단,2026-05-01,2026-05,4712,114,4598
수단,2026-06-01,2026-06,5600,0,5600
수단,2026-07-01,2026-07,7465,0,7465
수리남,2024-01-01,2024-01,125,483,-358
수리남,2024-02-01,2024-02,502,538,-36
수리남,2024-03-01,2024-03,262,855,-594
수리남,2024-04-01,2024-04,792,501,290
수리남,2024-05-01,2024-05,744,1254,-510
수리남,2024-06-01,2024-06,308,620,-312
수리남,2024-07-01,2024-07,882,654,228
수리남,2024-08-01,2024-08,656,311,345
수리남,2024-09-01,2024-09,251,600,-349
수리남,2024-10-01,2024-10,410,554,-144
수리남,2024-11-01,2024-11,377,1559,-1182
수리남,2024-12-01,2024-12,354,253,102
수리남,2025-01-01,2025-01,914,777,137
수리남,2025-02-01,2025-02,804,421,384
수리남,2025-03-01,2025-03,390,339,51
수리남,2025-04-01,2025-04,298,755,-457
수리남,2025-05-01,2025-05,181,703,-522
수리남,2025-06-01,2025-06,774,244,531
수리남,2025-07-01,2025-07,868,573,295
수리남,2025-08-01,2025-08,443,199,244
수리남,2025-09-01,2025-09,582,238,344
수리남,2025-10-01,2025-10,366,411,-45
수리남,2025-11-01,2025-11,353,542,-189
수리남,2025-12-01,2025-12,751,702,49
수리남,2026-01-01,2026-01,861,914,-53
수리남,2026-02-01,2026-02,285,285,0
수리남,2026-03-01,2026-03,517,525,-8
수리남,2026-04-01,2026-04,473,1188,-715
수리남,2026-05-01,2026-05,303,298,5
수리남,2026-06-01,2026-06,393,373,20
수리남,2026-07-01,2026-07,868,465,403
스리랑카,2024-01-01,2024-01,17201,9216,7984
스리랑카,2024-02-01,2024-02,11159,24078,-12919
스리랑카,2024-03-01,2024-03,12892,10384,2508
스리랑카,2024-04-01,2024-04,21751,11536,10215
스리랑카,2024-05-01,2024-05,12764,9965,2799
스리랑카,2024-06-01,2024-06,13272,7669,5603
스리랑카,2024-07-01,2024-07,17728,10201,7527
스리랑카,2024-08-01,2024-08,12899,11025,1874
스리랑카,2024-09-01,2024-09,13748,8251,5496
스리랑카,2024-10-01,2024-10,22781,7454,15327
스리랑카,2024-11-01,2024-11,16099,8194,7905
스리랑카,2024-12-01,2024-12,14105,8136,5969
스리랑카,2025-01-01,2025-01,16796,9979,6817
스리랑카,2025-02-01,2025-02,16926,10224,6702
스리랑카,2025-03-01,2025-03,14945,9842,5102
스리랑카,2025-04-01,2025-04,18557,10253,8305
스리랑카,2025-05-01,2025-05,14180,8336,5844
스리랑카,2025-06-01,2025-06,14263,6797,7466
스리랑카,2025-07-01,2025-07,21251,10515,10736
스리랑카,2025-08-01,2025-08,14000,9781,4219
스리랑카,2025-09-01,2025-09,21915,8877,13038
스리랑카,2025-10-01,2025-10,19065,7638,11427
스리랑카,2025-11-01,2025-11,46606,8111,38495
스리랑카,2025-12-01,2025-12,15486,9004,6482
스리랑카,2026-01-01,2026-01,19724,9835,9889
스리랑카,2026-02-01,2026-02,16317,7684,8633
스리랑카,2026-03-01,2026-03,19375,11191,8185
스리랑카,2026-04-01,2026-04,23374,9257,14117
스리랑카,2026-05-01,2026-05,18864,9299,9565
스리랑카,2026-06-01,2026-06,19537,10898,8639
스리랑카,2026-07-01,2026-07,29336,9355,19981
스발비드 군도,2024-01-01,2024-01,0,0,0
스발비드 군도,2024-02-01,2024-02,0,0,0
스발비드 군도,2024-03-01,2024-03,0,0,0
스발비드 군도,2024-04-01,2024-04,0,0,0
스발비드 군도,2024-05-01,2024-05,0,0,0
스발비드 군도,2024-06-01,2024-06,0,0,0
스발비드 군도,2024-07-01,2024-07,0,0,0
스발비드 군도,2024-08-01,2024-08,0,0,0
스발비드 군도,2024-09-01,2024-09,0,0,0
스발비드 군도,2024-10-01,2024-10,0,0,0
스발비드 군도,2024-11-01,2024-11,0,0,0
스발비드 군도,2024-12-01,2024-12,0,0,0
스발비드 군도,2025-01-01,2025-01,0,0,0
스발비드 군도,2025-02-01,2025-02,0,0,0
스발비드 군도,2025-03-01,2025-03,0,0,0
스발비드 군도,2025-04-01,2025-04,0,0,0
스발비드 군도,2025-05-01,2025-05,0,0,0
스발비드 군도,2025-06-01,2025-06,0,0,0
스발비드 군도,2025-07-01,2025-07,0,0,0
스발비드 군도,2025-08-01,2025-08,0,0,0
스발비드 군도,2025-09-01,2025-09,0,0,0
스발비드 군도,2025-10-01,2025-10,0,0,0
스발비드 군도,2025-11-01,2025-11,0,0,0
스발비드 군도,2025-12-01,2025-12,0,0,0
스발비드 군도,2026-01-01,2026-01,0,0,0
스발비드 군도,2026-02-01,2026-02,0,0,0
스발비드 군도,2026-03-01,2026-03,0,0,0
스발비드 군도,2026-04-01,2026-04,0,0,0
스발비드 군도,2026-05-01,2026-05,0,0,0
스발비드 군도,2026-06-01,2026-06,0,0,0
스발비드 군도,2026-07-01,2026-07,0,0,0
스와질랜드,2024-01-01,2024-01,125,11,114
스와질랜드,2024-02-01,2024-02,240,163,77
스와질랜드,2024-03-01,2024-03,420,44,377
스와질랜드,2024-04-01,2024-04,2435,78,2357
스와질랜드,2024-05-01,2024-05,175,6,170
스와질랜드,2024-06-01,2024-06,150,7,143
스와질랜드,2024-07-01,2024-07,121,21,100
스와질랜드,2024-08-01,2024-08,535,6,529
스와질랜드,2024-09-01,2024-09,18,34,-16
스와질랜드,2024-10-01,2024-10,23,45,-21
스와질랜드,2024-11-01,2024-11,216,51,165
스와질랜드,2024-12-01,2024-12,50,41,9
스와질랜드,2025-01-01,2025-01,151,52,99
스와질랜드,2025-02-01,2025-02,78,29,49
스와질랜드,2025-03-01,2025-03,118,61,56
스와질랜드,2025-04-01,2025-04,51,190,-139
스와질랜드,2025-05-01,2025-05,159,3193,-3033
스와질랜드,2025-06-01,2025-06,65,74,-9
스와질랜드,2025-07-01,2025-07,179,72,107
스와질랜드,2025-08-01,2025-08,182,64,118
스와질랜드,2025-09-01,2025-09,104,80,24
스와질랜드,2025-10-01,2025-10,154,7,146
스와질랜드,2025-11-01,2025-11,116,23,94
스와질랜드,2025-12-01,2025-12,339,38,301
스와질랜드,2026-01-01,2026-01,15,92,-78
스와질랜드,2026-02-01,2026-02,5,17,-12
스와질랜드,2026-03-01,2026-03,18,92,-74
스와질랜드,2026-04-01,2026-04,69,5,64
스와질랜드,2026-05-01,2026-05,102,5,97
스와질랜드,2026-06-01,2026-06,4,10,-6
스와질랜드,2026-07-01,2026-07,72,31,41
스웨덴,2024-01-01,2024-01,120495,126773,-6278
스웨덴,2024-02-01,2024-02,117937,149402,-31465
스웨덴,2024-03-01,2024-03,138799,198419,-59621
스웨덴,2024-04-01,2024-04,122100,131976,-9877
스웨덴,2024-05-01,2024-05,123932,174537,-50605
스웨덴,2024-06-01,2024-06,118031,182977,-64946
스웨덴,2024-07-01,2024-07,110335,165846,-55511
스웨덴,2024-08-01,2024-08,145788,144192,1596
스웨덴,2024-09-01,2024-09,92741,182694,-89952
스웨덴,2024-10-01,2024-10,77522,145040,-67518
스웨덴,2024-11-01,2024-11,98168,134795,-36626
스웨덴,2024-12-01,2024-12,100288,205646,-105358
스웨덴,2025-01-01,2025-01,96083,155454,-59371
스웨덴,2025-02-01,2025-02,94041,152858,-58817
스웨덴,2025-03-01,2025-03,99067,196969,-97903
스웨덴,2025-04-01,2025-04,134104,141673,-7569
스웨덴,2025-05-01,2025-05,100411,168821,-68410
스웨덴,2025-06-01,2025-06,101042,154113,-53071
스웨덴,2025-07-01,2025-07,184513,208217,-23704
스웨덴,2025-08-01,2025-08,98549,140771,-42222
스웨덴,2025-09-01,2025-09,127382,209766,-82384
스웨덴,2025-10-01,2025-10,92642,158673,-66031
스웨덴,2025-11-01,2025-11,129295,173583,-44288
스웨덴,2025-12-01,2025-12,140078,252907,-112829
스웨덴,2026-01-01,2026-01,146299,289298,-143000
스웨덴,2026-02-01,2026-02,109543,182222,-72679
스웨덴,2026-03-01,2026-03,141272,191436,-50164
스웨덴,2026-04-01,2026-04,139953,149872,-9920
스웨덴,2026-05-01,2026-05,141425,163229,-21804
스웨덴,2026-06-01,2026-06,117228,258577,-141349
스웨덴,2026-07-01,2026-07,142664,151208,-8544
스위스,2024-01-01,2024-01,108253,281680,-173427
스위스,2024-02-01,2024-02,88397,261372,-172975
스위스,2024-03-01,2024-03,108940,287511,-178571
스위스,2024-04-01,2024-04,124505,354205,-229700
스위스,2024-05-01,2024-05,121433,290406,-168973
스위스,2024-06-01,2024-06,104033,272641,-168608
스위스,2024-07-01,2024-07,81337,327354,-246017
스위스,2024-08-01,2024-08,82561,264143,-181582
스위스,2024-09-01,2024-09,55192,270847,-215655
스위스,2024-10-01,2024-10,77824,300242,-222418
스위스,2024-11-01,2024-11,92188,313521,-221333
스위스,2024-12-01,2024-12,116078,283458,-167380
스위스,2025-01-01,2025-01,101421,280292,-178872
스위스,2025-02-01,2025-02,137333,350840,-213507
스위스,2025-03-01,2025-03,139716,403506,-263790
스위스,2025-04-01,2025-04,110611,286047,-175437
스위스,2025-05-01,2025-05,164444,340040,-175597
스위스,2025-06-01,2025-06,232491,309164,-76673
스위스,2025-07-01,2025-07,116251,347714,-231463
스위스,2025-08-01,2025-08,215651,273453,-57803
스위스,2025-09-01,2025-09,235401,343061,-107660
스위스,2025-10-01,2025-10,144776,362833,-218057
스위스,2025-11-01,2025-11,239475,301400,-61925
스위스,2025-12-01,2025-12,232300,317617,-85317
스위스,2026-01-01,2026-01,263183,296184,-33001
스위스,2026-02-01,2026-02,98388,321937,-223549
스위스,2026-03-01,2026-03,178356,324436,-146080
스위스,2026-04-01,2026-04,177058,306815,-129757
스위스,2026-05-01,2026-05,293980,280390,13590
스위스,2026-06-01,2026-06,274765,397965,-123200
스위스,2026-07-01,2026-07,218547,380611,-162064
스페인,2024-01-01,2024-01,266465,187034,79431
스페인,2024-02-01,2024-02,279535,167505,112030
스페인,2024-03-01,2024-03,345869,200871,144998
스페인,2024-04-01,2024-04,286328,250498,35830
스페인,2024-05-01,2024-05,276879,203041,73838
스페인,2024-06-01,2024-06,276971,208037,68934
스페인,2024-07-01,2024-07,293632,234667,58965
스페인,2024-08-01,2024-08,255097,211042,44055
스페인,2024-09-01,2024-09,227762,224537,3225
스페인,2024-10-01,2024-10,283433,200360,83073
스페인,2024-11-01,2024-11,279951,155800,124152
스페인,2024-12-01,2024-12,318254,171733,146521
스페인,2025-01-01,2025-01,242348,225942,16406
스페인,2025-02-01,2025-02,280928,174613,106315
스페인,2025-03-01,2025-03,278877,209401,69475
스페인,2025-04-01,2025-04,387507,188412,199095
스페인,2025-05-01,2025-05,265978,228581,37397
스페인,2025-06-01,2025-06,258211,223762,34449
스페인,2025-07-01,2025-07,343734,212276,131458
스페인,2025-08-01,2025-08,294979,227339,67640
스페인,2025-09-01,2025-09,272029,216033,55996
스페인,2025-10-01,2025-10,278641,206130,72511
스페인,2025-11-01,2025-11,303236,229545,73691
스페인,2025-12-01,2025-12,355628,283179,72449
스페인,2026-01-01,2026-01,303363,221376,81987
스페인,2026-02-01,2026-02,290746,198464,92282
스페인,2026-03-01,2026-03,436827,266958,169868
스페인,2026-04-01,2026-04,318854,242716,76137
스페인,2026-05-01,2026-05,354408,260926,93482
스페인,2026-06-01,2026-06,328879,251871,77008
스페인,2026-07-01,2026-07,481291,196802,284489
슬로바키아,2024-01-01,2024-01,246515,74657,171858
슬로바키아,2024-02-01,2024-02,254312,77777,176535
슬로바키아,2024-03-01,2024-03,259034,76051,182984
슬로바키아,2024-04-01,2024-04,236410,39831,196580
슬로바키아,2024-05-01,2024-05,240582,42477,198104
슬로바키아,2024-06-01,2024-06,201867,48068,153798
슬로바키아,2024-07-01,2024-07,249665,78165,171500
슬로바키아,2024-08-01,2024-08,205720,65944,139776
슬로바키아,2024-09-01,2024-09,240484,48538,191946
슬로바키아,2024-10-01,2024-10,237568,72465,165103
슬로바키아,2024-11-01,2024-11,212081,54495,157586
슬로바키아,2024-12-01,2024-12,229139,64859,164280
슬로바키아,2025-01-01,2025-01,170924,55393,115531
슬로바키아,2025-02-01,2025-02,226629,57491,169137
슬로바키아,2025-03-01,2025-03,201482,94040,107442
슬로바키아,2025-04-01,2025-04,271689,97690,173999
슬로바키아,2025-05-01,2025-05,243201,78578,164622
슬로바키아,2025-06-01,2025-06,220550,72515,148034
슬로바키아,2025-07-01,2025-07,306662,55153,251509
슬로바키아,2025-08-01,2025-08,254619,57464,197155
슬로바키아,2025-09-01,2025-09,244422,60422,184000
슬로바키아,2025-10-01,2025-10,182382,31620,150762
슬로바키아,2025-11-01,2025-11,186061,60775,125286
슬로바키아,2025-12-01,2025-12,190008,54705,135302
슬로바키아,2026-01-01,2026-01,173199,44119,129079
슬로바키아,2026-02-01,2026-02,158356,52322,106034
슬로바키아,2026-03-01,2026-03,187476,52380,135096
슬로바키아,2026-04-01,2026-04,214649,66759,147890
슬로바키아,2026-05-01,2026-05,183162,56164,126999
슬로바키아,2026-06-01,2026-06,186325,80163,106162
슬로바키아,2026-07-01,2026-07,210643,38904,171739
슬로베니아,2024-01-01,2024-01,102645,4970,97675
슬로베니아,2024-02-01,2024-02,116433,8018,108415
슬로베니아,2024-03-01,2024-03,104569,12494,92075
슬로베니아,2024-04-01,2024-04,91590,11440,80149
슬로베니아,2024-05-01,2024-05,79457,8434,71023
슬로베니아,2024-06-01,2024-06,80874,7859,73014
슬로베니아,2024-07-01,2024-07,99389,10614,88775
슬로베니아,2024-08-01,2024-08,88651,8610,80041
슬로베니아,2024-09-01,2024-09,71031,7054,63977
슬로베니아,2024-10-01,2024-10,71303,11266,60037
슬로베니아,2024-11-01,2024-11,63546,9570,53976
슬로베니아,2024-12-01,2024-12,81634,12710,68924
슬로베니아,2025-01-01,2025-01,63883,6459,57424
슬로베니아,2025-02-01,2025-02,74105,11772,62333
슬로베니아,2025-03-01,2025-03,60517,15754,44763
슬로베니아,2025-04-01,2025-04,102630,13189,89441
슬로베니아,2025-05-01,2025-05,88291,12133,76158
슬로베니아,2025-06-01,2025-06,103375,15698,87677
슬로베니아,2025-07-01,2025-07,92124,9510,82614
슬로베니아,2025-08-01,2025-08,84885,17187,67698
슬로베니아,2025-09-01,2025-09,100055,10993,89062
슬로베니아,2025-10-01,2025-10,63241,13480,49761
슬로베니아,2025-11-01,2025-11,60373,10157,50216
슬로베니아,2025-12-01,2025-12,67598,12466,55133
슬로베니아,2026-01-01,2026-01,95854,18015,77839
슬로베니아,2026-02-01,2026-02,65731,12758,52973
슬로베니아,2026-03-01,2026-03,86671,9861,76811
슬로베니아,2026-04-01,2026-04,74833,18521,56312
슬로베니아,2026-05-01,2026-05,90221,10592,79629
슬로베니아,2026-06-01,2026-06,70492,18026,52466
슬로베니아,2026-07-01,2026-07,77016,7777,69240
시리아,2024-01-01,2024-01,684,12,672
시리아,2024-02-01,2024-02,1261,227,1035
시리아,2024-03-01,2024-03,850,8,842
시리아,2024-04-01,2024-04,469,0,469
시리아,2024-05-01,2024-05,984,22,962
시리아,2024-06-01,2024-06,1644,40,1604
시리아,2024-07-01,2024-07,1234,6,1228
시리아,2024-08-01,2024-08,710,6,704
시리아,2024-09-01,2024-09,1569,25,1544
시리아,2024-10-01,2024-10,2314,38,2276
시리아,2024-11-01,2024-11,2206,0,2206
시리아,2024-12-01,2024-12,631,3,629
시리아,2025-01-01,2025-01,2043,6,2037
시리아,2025-02-01,2025-02,8966,5,8961
시리아,2025-03-01,2025-03,17010,36,16975
시리아,2025-04-01,2025-04,16688,12,16675
시리아,2025-05-01,2025-05,18568,0,18568
시리아,2025-06-01,2025-06,25752,11,25741
시리아,2025-07-01,2025-07,28501,19,28482
시리아,2025-08-01,2025-08,15871,46,15825
시리아,2025-09-01,2025-09,17956,46,17910
시리아,2025-10-01,2025-10,14066,3,14063
시리아,2025-11-01,2025-11,18805,31,18774
시리아,2025-12-01,2025-12,22749,3,22746
시리아,2026-01-01,2026-01,27114,24,27090
시리아,2026-02-01,2026-02,19949,0,19949
시리아,2026-03-01,2026-03,37249,10,37240
시리아,2026-04-01,2026-04,50252,15,50236
시리아,2026-05-01,2026-05,25624,2,25623
시리아,2026-06-01,2026-06,22447,29,22419
시리아,2026-07-01,2026-07,16231,17,16214
시에라 리온,2024-01-01,2024-01,194,819,-625
시에라 리온,2024-02-01,2024-02,505,1501,-996
시에라 리온,2024-03-01,2024-03,561,1845,-1284
시에라 리온,2024-04-01,2024-04,929,1291,-362
시에라 리온,2024-05-01,2024-05,11629,684,10945
시에라 리온,2024-06-01,2024-06,631,1438,-807
시에라 리온,2024-07-01,2024-07,211,1481,-1270
시에라 리온,2024-08-01,2024-08,527,596,-69
시에라 리온,2024-09-01,2024-09,340,703,-363
시에라 리온,2024-10-01,2024-10,898,1084,-185
시에라 리온,2024-11-01,2024-11,480,365,116
시에라 리온,2024-12-01,2024-12,1537,958,579
시에라 리온,2025-01-01,2025-01,12106,1362,10744
시에라 리온,2025-02-01,2025-02,707,1116,-409
시에라 리온,2025-03-01,2025-03,626,1263,-637
시에라 리온,2025-04-01,2025-04,1366,694,672
시에라 리온,2025-05-01,2025-05,277,709,-431
시에라 리온,2025-06-01,2025-06,396,729,-333
시에라 리온,2025-07-01,2025-07,748,1324,-576
시에라 리온,2025-08-01,2025-08,1133,757,376
시에라 리온,2025-09-01,2025-09,525,988,-462
시에라 리온,2025-10-01,2025-10,1146,613,533
시에라 리온,2025-11-01,2025-11,360,478,-118
시에라 리온,2025-12-01,2025-12,786,994,-209
시에라 리온,2026-01-01,2026-01,591,1538,-948
시에라 리온,2026-02-01,2026-02,298,412,-113
시에라 리온,2026-03-01,2026-03,597,1138,-541
시에라 리온,2026-04-01,2026-04,307,1905,-1598
시에라 리온,2026-05-01,2026-05,387,1091,-703
시에라 리온,2026-06-01,2026-06,444,894,-450
시에라 리온,2026-07-01,2026-07,750,1273,-524
싱가포르,2024-01-01,2024-01,1757142,986295,770847
싱가포르,2024-02-01,2024-02,1116630,796749,319881
싱가포르,2024-03-01,2024-03,1950908,883606,1067303
싱가포르,2024-04-01,2024-04,1355784,861347,494437
싱가포르,2024-05-01,2024-05,1776947,887799,889148
싱가포르,2024-06-01,2024-06,1419483,671151,748332
싱가포르,2024-07-01,2024-07,1443110,907389,535721
싱가포르,2024-08-01,2024-08,1397637,911315,486322
싱가포르,2024-09-01,2024-09,1297264,816093,481172
싱가포르,2024-10-01,2024-10,1397107,1057251,339856
싱가포르,2024-11-01,2024-11,1565073,732737,832336
싱가포르,2024-12-01,2024-12,1747126,1048732,698395
싱가포르,2025-01-01,2025-01,1162020,1027832,134187
싱가포르,2025-02-01,2025-02,1629460,867679,761780
싱가포르,2025-03-01,2025-03,1894030,938967,955063
싱가포르,2025-04-01,2025-04,1449396,978755,470640
싱가포르,2025-05-01,2025-05,1587493,861460,726033
싱가포르,2025-06-01,2025-06,1529376,849317,680060
싱가포르,2025-07-01,2025-07,1795829,927559,868270
싱가포르,2025-08-01,2025-08,2164627,835297,1329329
싱가포르,2025-09-01,2025-09,1510021,833656,676364
싱가포르,2025-10-01,2025-10,1483016,1203757,279259
싱가포르,2025-11-01,2025-11,1278337,1014330,264006
싱가포르,2025-12-01,2025-12,2069321,1036219,1033101
싱가포르,2026-01-01,2026-01,1702991,1223711,479281
싱가포르,2026-02-01,2026-02,2492959,1150177,1342782
싱가포르,2026-03-01,2026-03,2075543,1334552,740992
싱가포르,2026-04-01,2026-04,2194531,1562828,631703
싱가포르,2026-05-01,2026-05,2304935,1337718,967217
싱가포르,2026-06-01,2026-06,3148227,1586265,1561962
싱가포르,2026-07-01,2026-07,2441077,1335845,1105232
아랍에미리트 연합,2024-01-01,2024-01,498255,1881176,-1382921
아랍에미리트 연합,2024-02-01,2024-02,410379,1379498,-969119
아랍에미리트 연합,2024-03-01,2024-03,430757,1809469,-1378713
아랍에미리트 연합,2024-04-01,2024-04,451815,1995492,-1543676
아랍에미리트 연합,2024-05-01,2024-05,395644,1267426,-871783
아랍에미리트 연합,2024-06-01,2024-06,447899,1632577,-1184677
아랍에미리트 연합,2024-07-01,2024-07,530001,1256010,-726009
아랍에미리트 연합,2024-08-01,2024-08,328175,1471818,-1143643
아랍에미리트 연합,2024-09-01,2024-09,348645,1325343,-976698
아랍에미리트 연합,2024-10-01,2024-10,353563,1496760,-1143197
아랍에미리트 연합,2024-11-01,2024-11,465304,1435526,-970222
아랍에미리트 연합,2024-12-01,2024-12,406276,979744,-573468
아랍에미리트 연합,2025-01-01,2025-01,329442,1456901,-1127459
아랍에미리트 연합,2025-02-01,2025-02,501214,1379017,-877803
아랍에미리트 연합,2025-03-01,2025-03,440866,1620546,-1179680
아랍에미리트 연합,2025-04-01,2025-04,493853,920934,-427081
아랍에미리트 연합,2025-05-01,2025-05,410029,790575,-380545
아랍에미리트 연합,2025-06-01,2025-06,527053,1215952,-688899
아랍에미리트 연합,2025-07-01,2025-07,390360,1459655,-1069295
아랍에미리트 연합,2025-08-01,2025-08,356822,1748694,-1391872
아랍에미리트 연합,2025-09-01,2025-09,476234,1118033,-641799
아랍에미리트 연합,2025-10-01,2025-10,386330,1021176,-634846
아랍에미리트 연합,2025-11-01,2025-11,711304,735565,-24261
아랍에미리트 연합,2025-12-01,2025-12,639532,649531,-9999
아랍에미리트 연합,2026-01-01,2026-01,465642,1256074,-790432
아랍에미리트 연합,2026-02-01,2026-02,602520,1151776,-549256
아랍에미리트 연합,2026-03-01,2026-03,171398,1194716,-1023317
아랍에미리트 연합,2026-04-01,2026-04,231755,1401669,-1169915
아랍에미리트 연합,2026-05-01,2026-05,336767,1784355,-1447588
아랍에미리트 연합,2026-06-01,2026-06,492491,1610157,-1117666
아랍에미리트 연합,2026-07-01,2026-07,388389,1626954,-1238565
아루바,2024-01-01,2024-01,2227,0,2227
아루바,2024-02-01,2024-02,2280,19,2261
아루바,2024-03-01,2024-03,3354,6,3348
아루바,2024-04-01,2024-04,2053,0,2053
아루바,2024-05-01,2024-05,3340,12,3328
아루바,2024-06-01,2024-06,3444,190,3255
아루바,2024-07-01,2024-07,3199,0,3199
아루바,2024-08-01,2024-08,2763,20,2743
아루바,2024-09-01,2024-09,4305,8,4298
아루바,2024-10-01,2024-10,3768,0,3768
아루바,2024-11-01,2024-11,4421,6,4415
아루바,2024-12-01,2024-12,2305,6,2299
아루바,2025-01-01,2025-01,2027,0,2027
아루바,2025-02-01,2025-02,2554,24,2530
아루바,2025-03-01,2025-03,1577,0,1577
아루바,2025-04-01,2025-04,1514,0,1514
아루바,2025-05-01,2025-05,1571,12,1558
아루바,2025-06-01,2025-06,2356,12,2344
아루바,2025-07-01,2025-07,2427,4,2423
아루바,2025-08-01,2025-08,1673,182,1491
아루바,2025-09-01,2025-09,1730,0,1730
아루바,2025-10-01,2025-10,966,0,966
아루바,2025-11-01,2025-11,1989,0,1989
아루바,2025-12-01,2025-12,1306,0,1306
아루바,2026-01-01,2026-01,501,0,501
아루바,2026-02-01,2026-02,1533,199,1334
아루바,2026-03-01,2026-03,1460,0,1460
아루바,2026-04-01,2026-04,1894,9,1885
아루바,2026-05-01,2026-05,1940,0,1939
아루바,2026-06-01,2026-06,4498,0,4498
아루바,2026-07-01,2026-07,1563,0,1563
아르메니아,2024-01-01,2024-01,1631,1671,-40
아르메니아,2024-02-01,2024-02,1897,2200,-303
아르메니아,2024-03-01,2024-03,1445,6356,-4911
아르메니아,2024-04-01,2024-04,2335,4460,-2125
아르메니아,2024-05-01,2024-05,2619,6876,-4257
아르메니아,2024-06-01,2024-06,2813,5370,-2558
아르메니아,2024-07-01,2024-07,2819,6828,-4010
아르메니아,2024-08-01,2024-08,3074,4527,-1453
아르메니아,2024-09-01,2024-09,1732,5030,-3297
아르메니아,2024-10-01,2024-10,2893,7531,-4638
아르메니아,2024-11-01,2024-11,1987,4478,-2492
아르메니아,2024-12-01,2024-12,1962,4614,-2652
아르메니아,2025-01-01,2025-01,1310,4791,-3481
아르메니아,2025-02-01,2025-02,1669,5229,-3561
아르메니아,2025-03-01,2025-03,3240,3949,-709
아르메니아,2025-04-01,2025-04,2547,2822,-275
아르메니아,2025-05-01,2025-05,1997,5671,-3673
아르메니아,2025-06-01,2025-06,2976,2882,94
아르메니아,2025-07-01,2025-07,4193,4599,-406
아르메니아,2025-08-01,2025-08,1607,5570,-3963
아르메니아,2025-09-01,2025-09,2127,6735,-4608
아르메니아,2025-10-01,2025-10,2392,6915,-4523
아르메니아,2025-11-01,2025-11,2768,5374,-2606
아르메니아,2025-12-01,2025-12,3570,6474,-2904
아르메니아,2026-01-01,2026-01,1954,2196,-243
아르메니아,2026-02-01,2026-02,3536,1811,1724
아르메니아,2026-03-01,2026-03,4186,1320,2867
아르메니아,2026-04-01,2026-04,2678,2046,633
아르메니아,2026-05-01,2026-05,3497,1757,1740
아르메니아,2026-06-01,2026-06,1974,3755,-1781
아르메니아,2026-07-01,2026-07,4688,5872,-1184
아르헨티나,2024-01-01,2024-01,18193,80481,-62288
아르헨티나,2024-02-01,2024-02,20133,79324,-59192
아르헨티나,2024-03-01,2024-03,31736,53839,-22103
아르헨티나,2024-04-01,2024-04,36874,117663,-80789
아르헨티나,2024-05-01,2024-05,38669,85559,-46890
아르헨티나,2024-06-01,2024-06,26488,151295,-124807
아르헨티나,2024-07-01,2024-07,32805,192340,-159535
아르헨티나,2024-08-01,2024-08,35465,147554,-112089
아르헨티나,2024-09-01,2024-09,24486,129648,-105162
아르헨티나,2024-10-01,2024-10,44067,129056,-84989
아르헨티나,2024-11-01,2024-11,41516,91611,-50095
아르헨티나,2024-12-01,2024-12,34452,126551,-92099
아르헨티나,2025-01-01,2025-01,27035,121718,-94683
아르헨티나,2025-02-01,2025-02,33455,77922,-44467
아르헨티나,2025-03-01,2025-03,44208,69002,-24793
아르헨티나,2025-04-01,2025-04,33540,63448,-29908
아르헨티나,2025-05-01,2025-05,45410,39652,5758
아르헨티나,2025-06-01,2025-06,49357,78611,-29254
아르헨티나,2025-07-01,2025-07,39334,54548,-15214
아르헨티나,2025-08-01,2025-08,97899,79851,18048
아르헨티나,2025-09-01,2025-09,63122,64184,-1063
아르헨티나,2025-10-01,2025-10,34690,102396,-67706
아르헨티나,2025-11-01,2025-11,70128,70250,-122
아르헨티나,2025-12-01,2025-12,32443,47030,-14587
아르헨티나,2026-01-01,2026-01,60109,44344,15764
아르헨티나,2026-02-01,2026-02,62382,20497,41885
아르헨티나,2026-03-01,2026-03,26154,90467,-64313
아르헨티나,2026-04-01,2026-04,38732,29038,9693
아르헨티나,2026-05-01,2026-05,28394,59214,-30820
아르헨티나,2026-06-01,2026-06,44588,67498,-22910
아르헨티나,2026-07-01,2026-07,37964,73132,-35168
아메리칸 사모아,2024-01-01,2024-01,897,593,305
아메리칸 사모아,2024-02-01,2024-02,614,0,614
아메리칸 사모아,2024-03-01,2024-03,409,408,1
아메리칸 사모아,2024-04-01,2024-04,1277,616,661
아메리칸 사모아,2024-05-01,2024-05,2857,293,2564
아메리칸 사모아,2024-06-01,2024-06,400,466,-67
아메리칸 사모아,2024-07-01,2024-07,529,790,-260
아메리칸 사모아,2024-08-01,2024-08,756,170,586
아메리칸 사모아,2024-09-01,2024-09,377,622,-245
아메리칸 사모아,2024-10-01,2024-10,2712,496,2217
아메리칸 사모아,2024-11-01,2024-11,1698,484,1213
아메리칸 사모아,2024-12-01,2024-12,1192,617,574
아메리칸 사모아,2025-01-01,2025-01,395,152,243
아메리칸 사모아,2025-02-01,2025-02,1688,352,1336
아메리칸 사모아,2025-03-01,2025-03,791,224,567
아메리칸 사모아,2025-04-01,2025-04,967,260,707
아메리칸 사모아,2025-05-01,2025-05,622,78,544
아메리칸 사모아,2025-06-01,2025-06,942,109,832
아메리칸 사모아,2025-07-01,2025-07,577,49,527
아메리칸 사모아,2025-08-01,2025-08,4169,444,3724
아메리칸 사모아,2025-09-01,2025-09,806,585,221
아메리칸 사모아,2025-10-01,2025-10,1552,122,1430
아메리칸 사모아,2025-11-01,2025-11,1321,111,1210
아메리칸 사모아,2025-12-01,2025-12,743,44,699
아메리칸 사모아,2026-01-01,2026-01,1154,34,1120
아메리칸 사모아,2026-02-01,2026-02,458,125,333
아메리칸 사모아,2026-03-01,2026-03,2694,1,2693
아메리칸 사모아,2026-04-01,2026-04,5044,145,4899
아메리칸 사모아,2026-05-01,2026-05,762,231,531
아메리칸 사모아,2026-06-01,2026-06,3537,27,3510
아메리칸 사모아,2026-07-01,2026-07,1135,46,1089
아이슬란드,2024-01-01,2024-01,2154,1621,533
아이슬란드,2024-02-01,2024-02,3517,2069,1448
아이슬란드,2024-03-01,2024-03,3706,1226,2480
아이슬란드,2024-04-01,2024-04,4487,988,3499
아이슬란드,2024-05-01,2024-05,741,1398,-657
아이슬란드,2024-06-01,2024-06,1953,3490,-1538
아이슬란드,2024-07-01,2024-07,1678,1252,427
아이슬란드,2024-08-01,2024-08,1857,1841,15
아이슬란드,2024-09-01,2024-09,1952,1579,373
아이슬란드,2024-10-01,2024-10,1939,1843,96
아이슬란드,2024-11-01,2024-11,1203,1446,-244
아이슬란드,2024-12-01,2024-12,3750,1301,2448
아이슬란드,2025-01-01,2025-01,4080,832,3248
아이슬란드,2025-02-01,2025-02,8051,765,7285
아이슬란드,2025-03-01,2025-03,8823,1335,7488
아이슬란드,2025-04-01,2025-04,4380,1277,3103
아이슬란드,2025-05-01,2025-05,1158,1539,-381
아이슬란드,2025-06-01,2025-06,2945,4164,-1219
아이슬란드,2025-07-01,2025-07,4162,2018,2145
아이슬란드,2025-08-01,2025-08,9300,1644,7656
아이슬란드,2025-09-01,2025-09,3598,2109,1489
아이슬란드,2025-10-01,2025-10,1011,1225,-213
아이슬란드,2025-11-01,2025-11,3776,3437,339
아이슬란드,2025-12-01,2025-12,6321,2007,4314
아이슬란드,2026-01-01,2026-01,6731,1538,5193
아이슬란드,2026-02-01,2026-02,4695,3901,794
아이슬란드,2026-03-01,2026-03,6258,3133,3125
아이슬란드,2026-04-01,2026-04,14632,889,13742
아이슬란드,2026-05-01,2026-05,4072,1256,2817
아이슬란드,2026-06-01,2026-06,2489,2688,-199
아이슬란드,2026-07-01,2026-07,2649,2187,462
아이티,2024-01-01,2024-01,3954,61,3892
아이티,2024-02-01,2024-02,2633,60,2573
아이티,2024-03-01,2024-03,1158,81,1077
아이티,2024-04-01,2024-04,143,92,51
아이티,2024-05-01,2024-05,600,86,514
아이티,2024-06-01,2024-06,1377,87,1290
아이티,2024-07-01,2024-07,1740,11,1729
아이티,2024-08-01,2024-08,2075,27,2048
아이티,2024-09-01,2024-09,1322,87,1235
아이티,2024-10-01,2024-10,194,28,166
아이티,2024-11-01,2024-11,1205,53,1152
아이티,2024-12-01,2024-12,1362,632,730
아이티,2025-01-01,2025-01,1273,2,1271
아이티,2025-02-01,2025-02,1309,36,1273
아이티,2025-03-01,2025-03,1008,2,1006
아이티,2025-04-01,2025-04,1219,6,1214
아이티,2025-05-01,2025-05,1465,95,1370
아이티,2025-06-01,2025-06,1258,147,1111
아이티,2025-07-01,2025-07,3072,74,2998
아이티,2025-08-01,2025-08,2093,19,2074
아이티,2025-09-01,2025-09,1965,105,1860
아이티,2025-10-01,2025-10,413,146,267
아이티,2025-11-01,2025-11,864,48,816
아이티,2025-12-01,2025-12,803,76,726
아이티,2026-01-01,2026-01,1364,37,1327
아이티,2026-02-01,2026-02,2040,167,1873
아이티,2026-03-01,2026-03,3122,59,3064
아이티,2026-04-01,2026-04,2102,67,2035
아이티,2026-05-01,2026-05,962,96,866
아이티,2026-06-01,2026-06,1400,80,1320
아이티,2026-07-01,2026-07,1028,64,964
아일랜드,2024-01-01,2024-01,71239,100763,-29524
아일랜드,2024-02-01,2024-02,48359,109556,-61196
아일랜드,2024-03-01,2024-03,75658,168747,-93090
아일랜드,2024-04-01,2024-04,81184,97905,-16721
아일랜드,2024-05-01,2024-05,92509,155087,-62578
아일랜드,2024-06-01,2024-06,94276,88074,6202
아일랜드,2024-07-01,2024-07,58565,115531,-56966
아일랜드,2024-08-01,2024-08,61687,157851,-96164
아일랜드,2024-09-01,2024-09,66643,123986,-57343
아일랜드,2024-10-01,2024-10,102980,149256,-46276
아일랜드,2024-11-01,2024-11,80116,84251,-4135
아일랜드,2024-12-01,2024-12,152995,90149,62846
아일랜드,2025-01-01,2025-01,76336,106542,-30206
아일랜드,2025-02-01,2025-02,88660,123581,-34921
아일랜드,2025-03-01,2025-03,113498,101820,11678
아일랜드,2025-04-01,2025-04,121003,155548,-34545
아일랜드,2025-05-01,2025-05,86904,140578,-53675
아일랜드,2025-06-01,2025-06,50927,83876,-32948
아일랜드,2025-07-01,2025-07,45103,96992,-51889
아일랜드,2025-08-01,2025-08,152666,123221,29445
아일랜드,2025-09-01,2025-09,206098,101923,104175
아일랜드,2025-10-01,2025-10,44209,113799,-69590
아일랜드,2025-11-01,2025-11,63991,109688,-45697
아일랜드,2025-12-01,2025-12,92870,154795,-61924
아일랜드,2026-01-01,2026-01,85476,101149,-15674
아일랜드,2026-02-01,2026-02,81523,92360,-10837
아일랜드,2026-03-01,2026-03,108114,120636,-12522
아일랜드,2026-04-01,2026-04,194575,102095,92480
아일랜드,2026-05-01,2026-05,212965,122845,90120
아일랜드,2026-06-01,2026-06,269594,125092,144501
아일랜드,2026-07-01,2026-07,215097,172281,42815
아제르바이잔,2024-01-01,2024-01,14809,65,14744
아제르바이잔,2024-02-01,2024-02,21536,442,21094
아제르바이잔,2024-03-01,2024-03,23838,27,23811
아제르바이잔,2024-04-01,2024-04,18795,645,18150
아제르바이잔,2024-05-01,2024-05,19111,44,19067
아제르바이잔,2024-06-01,2024-06,12983,20,12963
아제르바이잔,2024-07-01,2024-07,15913,26,15887
아제르바이잔,2024-08-01,2024-08,16163,117,16046
아제르바이잔,2024-09-01,2024-09,16263,19,16244
아제르바이잔,2024-10-01,2024-10,15087,13,15073
아제르바이잔,2024-11-01,2024-11,13956,248,13708
아제르바이잔,2024-12-01,2024-12,14291,6,14285
아제르바이잔,2025-01-01,2025-01,11040,394,10646
아제르바이잔,2025-02-01,2025-02,14456,27,14429
아제르바이잔,2025-03-01,2025-03,18367,3,18364
아제르바이잔,2025-04-01,2025-04,17776,140,17636
아제르바이잔,2025-05-01,2025-05,15469,152,15317
아제르바이잔,2025-06-01,2025-06,9484,9,9475
아제르바이잔,2025-07-01,2025-07,8963,26,8937
아제르바이잔,2025-08-01,2025-08,7762,102,7660
아제르바이잔,2025-09-01,2025-09,12900,2731,10169
아제르바이잔,2025-10-01,2025-10,8459,17,8441
아제르바이잔,2025-11-01,2025-11,9685,16,9669
아제르바이잔,2025-12-01,2025-12,11001,1761,9240
아제르바이잔,2026-01-01,2026-01,12655,2,12653
아제르바이잔,2026-02-01,2026-02,12666,36,12630
아제르바이잔,2026-03-01,2026-03,19271,6,19265
아제르바이잔,2026-04-01,2026-04,13760,46,13714
아제르바이잔,2026-05-01,2026-05,15583,289,15294
아제르바이잔,2026-06-01,2026-06,19949,210,19739
아제르바이잔,2026-07-01,2026-07,14543,145,14398
아프카니스탄,2024-01-01,2024-01,1309,178,1131
아프카니스탄,2024-02-01,2024-02,2159,3,2155
아프카니스탄,2024-03-01,2024-03,3020,70,2950
아프카니스탄,2024-04-01,2024-04,4040,42,3998
아프카니스탄,2024-05-01,2024-05,4155,6,4149
아프카니스탄,2024-06-01,2024-06,1843,5,1838
아프카니스탄,2024-07-01,2024-07,1894,6,1887
아프카니스탄,2024-08-01,2024-08,2392,115,2277
아프카니스탄,2024-09-01,2024-09,3102,23,3079
아프카니스탄,2024-10-01,2024-10,3220,192,3028
아프카니스탄,2024-11-01,2024-11,4558,97,4461
아프카니스탄,2024-12-01,2024-12,3980,3802,178
아프카니스탄,2025-01-01,2025-01,2427,98,2329
아프카니스탄,2025-02-01,2025-02,1533,96,1437
아프카니스탄,2025-03-01,2025-03,4936,98,4838
아프카니스탄,2025-04-01,2025-04,4129,229,3900
아프카니스탄,2025-05-01,2025-05,4099,143,3955
아프카니스탄,2025-06-01,2025-06,4917,31,4886
아프카니스탄,2025-07-01,2025-07,4253,190,4063
아프카니스탄,2025-08-01,2025-08,2403,3,2400
아프카니스탄,2025-09-01,2025-09,3923,130,3793
아프카니스탄,2025-10-01,2025-10,3535,126,3408
아프카니스탄,2025-11-01,2025-11,3220,2,3218
아프카니스탄,2025-12-01,2025-12,3261,268,2993
아프카니스탄,2026-01-01,2026-01,3510,257,3253
아프카니스탄,2026-02-01,2026-02,4166,4,4162
아프카니스탄,2026-03-01,2026-03,4187,223,3964
아프카니스탄,2026-04-01,2026-04,3687,13,3675
아프카니스탄,2026-05-01,2026-05,3024,4,3020
아프카니스탄,2026-06-01,2026-06,2334,27,2307
아프카니스탄,2026-07-01,2026-07,2926,3,2922
안도라,2024-01-01,2024-01,2,1,0
안도라,2024-02-01,2024-02,35,2,33
안도라,2024-03-01,2024-03,1,4,-3
안도라,2024-04-01,2024-04,6,4,2
안도라,2024-05-01,2024-05,3,48,-45
안도라,2024-06-01,2024-06,6,3,3
안도라,2024-07-01,2024-07,0,1,-1
안도라,2024-08-01,2024-08,0,2,-2
안도라,2024-09-01,2024-09,6,2,4
안도라,2024-10-01,2024-10,198,5,193
안도라,2024-11-01,2024-11,23,49,-26
안도라,2024-12-01,2024-12,2,3,-1
안도라,2025-01-01,2025-01,0,2,-2
안도라,2025-02-01,2025-02,32,4,27
안도라,2025-03-01,2025-03,1,1,0
안도라,2025-04-01,2025-04,5,1,4
안도라,2025-05-01,2025-05,7,6,1
안도라,2025-06-01,2025-06,4,382,-379
안도라,2025-07-01,2025-07,0,11,-11
안도라,2025-08-01,2025-08,57,16,41
안도라,2025-09-01,2025-09,13,11,2
안도라,2025-10-01,2025-10,1,19,-18
안도라,2025-11-01,2025-11,9,31,-22
안도라,2025-12-01,2025-12,22,27,-5
안도라,2026-01-01,2026-01,4,15,-11
안도라,2026-02-01,2026-02,2,8,-6
안도라,2026-03-01,2026-03,149,72,77
안도라,2026-04-01,2026-04,5,113,-107
안도라,2026-05-01,2026-05,2,26,-24
안도라,2026-06-01,2026-06,8,204,-196
안도라,2026-07-01,2026-07,14,10,4
안타티카,2024-01-01,2024-01,42,0,42
안타티카,2024-02-01,2024-02,1,0,1
안타티카,2024-03-01,2024-03,0,1,-1
안타티카,2024-04-01,2024-04,0,6,-6
안타티카,2024-05-01,2024-05,0,7,-7
안타티카,2024-06-01,2024-06,0,2,-2
안타티카,2024-07-01,2024-07,3559,0,3559
안타티카,2024-08-01,2024-08,92,0,92
안타티카,2024-09-01,2024-09,798,1,797
안타티카,2024-10-01,2024-10,1144,0,1144
안타티카,2024-11-01,2024-11,0,0,0
안타티카,2024-12-01,2024-12,0,0,0
안타티카,2025-01-01,2025-01,0,0,0
안타티카,2025-02-01,2025-02,0,0,0
안타티카,2025-03-01,2025-03,0,0,0
안타티카,2025-04-01,2025-04,0,487,-487
안타티카,2025-05-01,2025-05,0,0,0
안타티카,2025-06-01,2025-06,0,0,0
안타티카,2025-07-01,2025-07,0,0,0
안타티카,2025-08-01,2025-08,0,0,0
안타티카,2025-09-01,2025-09,0,0,0
안타티카,2025-10-01,2025-10,1503,3,1500
안타티카,2025-11-01,2025-11,0,0,0
안타티카,2025-12-01,2025-12,0,0,0
안타티카,2026-01-01,2026-01,89,0,89
안타티카,2026-02-01,2026-02,0,0,0
안타티카,2026-03-01,2026-03,0,1,-1
안타티카,2026-04-01,2026-04,0,20,-20
안타티카,2026-05-01,2026-05,0,0,0
안타티카,2026-06-01,2026-06,0,2,-2
안타티카,2026-07-01,2026-07,0,0,0
안티가 바부다,2024-01-01,2024-01,643,202,442
안티가 바부다,2024-02-01,2024-02,557,11,546
안티가 바부다,2024-03-01,2024-03,389,0,389
안티가 바부다,2024-04-01,2024-04,800,0,800
안티가 바부다,2024-05-01,2024-05,105,11,95
안티가 바부다,2024-06-01,2024-06,426,0,426
안티가 바부다,2024-07-01,2024-07,1043,218,826
안티가 바부다,2024-08-01,2024-08,247,0,247
안티가 바부다,2024-09-01,2024-09,217,0,217
안티가 바부다,2024-10-01,2024-10,45,0,45
안티가 바부다,2024-11-01,2024-11,585,0,585
안티가 바부다,2024-12-01,2024-12,1035,0,1035
안티가 바부다,2025-01-01,2025-01,275,0,275
안티가 바부다,2025-02-01,2025-02,513,0,513
안티가 바부다,2025-03-01,2025-03,492,0,492
안티가 바부다,2025-04-01,2025-04,556,0,556
안티가 바부다,2025-05-01,2025-05,102,44,58
안티가 바부다,2025-06-01,2025-06,567,0,567
안티가 바부다,2025-07-01,2025-07,23,0,23
안티가 바부다,2025-08-01,2025-08,19,0,19
안티가 바부다,2025-09-01,2025-09,13,0,13
안티가 바부다,2025-10-01,2025-10,222,0,222
안티가 바부다,2025-11-01,2025-11,83,0,83
안티가 바부다,2025-12-01,2025-12,1,1,0
안티가 바부다,2026-01-01,2026-01,23,0,23
안티가 바부다,2026-02-01,2026-02,47,0,47
안티가 바부다,2026-03-01,2026-03,53,1,52
안티가 바부다,2026-04-01,2026-04,133,0,133
안티가 바부다,2026-05-01,2026-05,578,0,578
안티가 바부다,2026-06-01,2026-06,71,0,71
안티가 바부다,2026-07-01,2026-07,276,1,274
알랜드 군도,2024-01-01,2024-01,0,0,0
알랜드 군도,2024-02-01,2024-02,0,0,0
알랜드 군도,2024-03-01,2024-03,0,0,0
알랜드 군도,2024-04-01,2024-04,0,0,0
알랜드 군도,2024-05-01,2024-05,0,0,0
알랜드 군도,2024-06-01,2024-06,0,5,-5
알랜드 군도,2024-07-01,2024-07,0,0,0
알랜드 군도,2024-08-01,2024-08,0,0,0
알랜드 군도,2024-09-01,2024-09,0,0,0
알랜드 군도,2024-10-01,2024-10,0,0,0
알랜드 군도,2024-11-01,2024-11,0,0,0
알랜드 군도,2024-12-01,2024-12,4,0,4
알랜드 군도,2025-01-01,2025-01,0,0,0
알랜드 군도,2025-02-01,2025-02,0,0,0
알랜드 군도,2025-03-01,2025-03,0,0,0
알랜드 군도,2025-04-01,2025-04,0,0,0
알랜드 군도,2025-05-01,2025-05,0,0,0
알랜드 군도,2025-06-01,2025-06,0,0,0
알랜드 군도,2025-07-01,2025-07,0,0,0
알랜드 군도,2025-08-01,2025-08,0,0,0
알랜드 군도,2025-09-01,2025-09,0,0,0
알랜드 군도,2025-10-01,2025-10,0,0,0
알랜드 군도,2025-11-01,2025-11,0,0,0
알랜드 군도,2025-12-01,2025-12,0,0,0
알랜드 군도,2026-01-01,2026-01,0,0,0
알랜드 군도,2026-02-01,2026-02,0,0,0
알랜드 군도,2026-03-01,2026-03,0,0,0
알랜드 군도,2026-04-01,2026-04,0,0,0
알랜드 군도,2026-05-01,2026-05,0,0,0
알랜드 군도,2026-06-01,2026-06,0,0,0
알랜드 군도,2026-07-01,2026-07,0,0,0
알바니아,2024-01-01,2024-01,11993,632,11361
알바니아,2024-02-01,2024-02,20858,663,20194
알바니아,2024-03-01,2024-03,13896,1111,12785
알바니아,2024-04-01,2024-04,18590,621,17969
알바니아,2024-05-01,2024-05,19934,587,19347
알바니아,2024-06-01,2024-06,17837,499,17338
알바니아,2024-07-01,2024-07,16317,758,15559
알바니아,2024-08-01,2024-08,17041,780,16261
알바니아,2024-09-01,2024-09,21447,694,20753
알바니아,2024-10-01,2024-10,23182,1346,21837
알바니아,2024-11-01,2024-11,19364,903,18461
알바니아,2024-12-01,2024-12,17528,581,16947
알바니아,2025-01-01,2025-01,14911,866,14045
알바니아,2025-02-01,2025-02,22216,583,21633
알바니아,2025-03-01,2025-03,21354,518,20836
알바니아,2025-04-01,2025-04,31176,1008,30169
알바니아,2025-05-01,2025-05,31868,337,31531
알바니아,2025-06-01,2025-06,27452,497,26955
알바니아,2025-07-01,2025-07,31835,1242,30593
알바니아,2025-08-01,2025-08,31412,654,30758
알바니아,2025-09-01,2025-09,37433,670,36763
알바니아,2025-10-01,2025-10,38479,858,37621
알바니아,2025-11-01,2025-11,34452,800,33652
알바니아,2025-12-01,2025-12,34950,769,34181
알바니아,2026-01-01,2026-01,34061,740,33321
알바니아,2026-02-01,2026-02,32810,551,32260
알바니아,2026-03-01,2026-03,40882,1002,39880
알바니아,2026-04-01,2026-04,43476,529,42948
알바니아,2026-05-01,2026-05,34672,716,33955
알바니아,2026-06-01,2026-06,37691,557,37134
알바니아,2026-07-01,2026-07,41842,918,40924
알제리,2024-01-01,2024-01,21279,365381,-344101
알제리,2024-02-01,2024-02,20224,277730,-257507
알제리,2024-03-01,2024-03,41740,383483,-341743
알제리,2024-04-01,2024-04,30760,227551,-196790
알제리,2024-05-01,2024-05,16563,338967,-322404
알제리,2024-06-01,2024-06,29418,251735,-222317
알제리,2024-07-01,2024-07,17839,205358,-187519
알제리,2024-08-01,2024-08,17046,364059,-347013
알제리,2024-09-01,2024-09,22866,237065,-214198
알제리,2024-10-01,2024-10,18840,226449,-207609
알제리,2024-11-01,2024-11,24566,467572,-443006
알제리,2024-12-01,2024-12,30331,287916,-257585
알제리,2025-01-01,2025-01,20216,455392,-435177
알제리,2025-02-01,2025-02,33669,295860,-262191
알제리,2025-03-01,2025-03,29263,285843,-256580
알제리,2025-04-01,2025-04,54755,229343,-174588
알제리,2025-05-01,2025-05,23792,452098,-428307
알제리,2025-06-01,2025-06,38286,117468,-79182
알제리,2025-07-01,2025-07,37282,441214,-403932
알제리,2025-08-01,2025-08,20043,184598,-164555
알제리,2025-09-01,2025-09,36015,380844,-344829
알제리,2025-10-01,2025-10,22887,212930,-190043
알제리,2025-11-01,2025-11,37422,388716,-351294
알제리,2025-12-01,2025-12,30040,238394,-208354
알제리,2026-01-01,2026-01,36659,250363,-213704
알제리,2026-02-01,2026-02,29298,403490,-374192
알제리,2026-03-01,2026-03,33091,204012,-170922
알제리,2026-04-01,2026-04,42503,324075,-281572
알제리,2026-05-01,2026-05,35376,936942,-901566
알제리,2026-06-01,2026-06,40320,475540,-435220
알제리,2026-07-01,2026-07,52237,247578,-195341
앙골라,2024-01-01,2024-01,158336,4,158332
앙골라,2024-02-01,2024-02,5896,0,5896
앙골라,2024-03-01,2024-03,12505,0,12505
앙골라,2024-04-01,2024-04,78294,0,78294
앙골라,2024-05-01,2024-05,104882,11,104871
앙골라,2024-06-01,2024-06,99970,38,99932
앙골라,2024-07-01,2024-07,87840,3,87837
앙골라,2024-08-01,2024-08,8186,1,8185
앙골라,2024-09-01,2024-09,76150,5,76145
앙골라,2024-10-01,2024-10,67107,0,67107
앙골라,2024-11-01,2024-11,5762,2,5760
앙골라,2024-12-01,2024-12,4629,0,4629
앙골라,2025-01-01,2025-01,78320,31,78289
앙골라,2025-02-01,2025-02,3354,0,3354
앙골라,2025-03-01,2025-03,67259,14,67245
앙골라,2025-04-01,2025-04,69071,0,69071
앙골라,2025-05-01,2025-05,62442,0,62442
앙골라,2025-06-01,2025-06,69568,2,69565
앙골라,2025-07-01,2025-07,70659,82,70577
앙골라,2025-08-01,2025-08,78036,0,78036
앙골라,2025-09-01,2025-09,68150,3,68148
앙골라,2025-10-01,2025-10,29425,0,29425
앙골라,2025-11-01,2025-11,2627,0,2627
앙골라,2025-12-01,2025-12,4723,0,4723
앙골라,2026-01-01,2026-01,64617,0,64617
앙골라,2026-02-01,2026-02,68723,0,68723
앙골라,2026-03-01,2026-03,4150,0,4150
앙골라,2026-04-01,2026-04,11121,8,11113
앙골라,2026-05-01,2026-05,10720,49964,-39244
앙골라,2026-06-01,2026-06,3584,68,3515
앙골라,2026-07-01,2026-07,109589,1,109589
앙귈라,2024-01-01,2024-01,0,0,0
앙귈라,2024-02-01,2024-02,0,4,-4
앙귈라,2024-03-01,2024-03,1,0,0
앙귈라,2024-04-01,2024-04,4,0,4
앙귈라,2024-05-01,2024-05,1,0,1
앙귈라,2024-06-01,2024-06,3,0,3
앙귈라,2024-07-01,2024-07,7,0,7
앙귈라,2024-08-01,2024-08,4,3,1
앙귈라,2024-09-01,2024-09,12,0,12
앙귈라,2024-10-01,2024-10,0,0,0
앙귈라,2024-11-01,2024-11,0,0,0
앙귈라,2024-12-01,2024-12,0,0,0
앙귈라,2025-01-01,2025-01,1,0,1
앙귈라,2025-02-01,2025-02,7,0,7
앙귈라,2025-03-01,2025-03,25,0,25
앙귈라,2025-04-01,2025-04,235,0,235
앙귈라,2025-05-01,2025-05,2,0,2
앙귈라,2025-06-01,2025-06,0,0,0
앙귈라,2025-07-01,2025-07,0,0,0
앙귈라,2025-08-01,2025-08,0,0,0
앙귈라,2025-09-01,2025-09,3,0,3
앙귈라,2025-10-01,2025-10,938,0,938
앙귈라,2025-11-01,2025-11,0,0,0
앙귈라,2025-12-01,2025-12,7,0,7
앙귈라,2026-01-01,2026-01,37,0,37
앙귈라,2026-02-01,2026-02,1,0,0
앙귈라,2026-03-01,2026-03,47,1,47
앙귈라,2026-04-01,2026-04,3,0,3
앙귈라,2026-05-01,2026-05,5,0,5
앙귈라,2026-06-01,2026-06,9,0,9
앙귈라,2026-07-01,2026-07,6,0,6
에리트리아,2024-01-01,2024-01,10,0,10
에리트리아,2024-02-01,2024-02,0,0,0
에리트리아,2024-03-01,2024-03,28,53,-25
에리트리아,2024-04-01,2024-04,0,9751,-9751
에리트리아,2024-05-01,2024-05,57,0,57
에리트리아,2024-06-01,2024-06,707,0,707
에리트리아,2024-07-01,2024-07,157,1,156
에리트리아,2024-08-01,2024-08,260,11807,-11547
에리트리아,2024-09-01,2024-09,175,28097,-27923
에리트리아,2024-10-01,2024-10,124,21297,-21173
에리트리아,2024-11-01,2024-11,0,13871,-13871
에리트리아,2024-12-01,2024-12,503,12961,-12457
에리트리아,2025-01-01,2025-01,1,0,1
에리트리아,2025-02-01,2025-02,0,0,0
에리트리아,2025-03-01,2025-03,0,0,0
에리트리아,2025-04-01,2025-04,30,1,30
에리트리아,2025-05-01,2025-05,64,0,64
에리트리아,2025-06-01,2025-06,6070,0,6070
에리트리아,2025-07-01,2025-07,35,9959,-9924
에리트리아,2025-08-01,2025-08,0,4,-4
에리트리아,2025-09-01,2025-09,285,0,285
에리트리아,2025-10-01,2025-10,2,0,2
에리트리아,2025-11-01,2025-11,757,1,757
에리트리아,2025-12-01,2025-12,1629,0,1629
에리트리아,2026-01-01,2026-01,0,0,0
에리트리아,2026-02-01,2026-02,25,0,25
에리트리아,2026-03-01,2026-03,0,0,0
에리트리아,2026-04-01,2026-04,6051,0,6051
에리트리아,2026-05-01,2026-05,462,0,462
에리트리아,2026-06-01,2026-06,16,0,16
에리트리아,2026-07-01,2026-07,0,0,0
에스토니아,2024-01-01,2024-01,3835,6036,-2201
에스토니아,2024-02-01,2024-02,6704,5550,1154
에스토니아,2024-03-01,2024-03,5756,14283,-8528
에스토니아,2024-04-01,2024-04,8073,19967,-11894
에스토니아,2024-05-01,2024-05,6711,9339,-2628
에스토니아,2024-06-01,2024-06,19324,13495,5830
에스토니아,2024-07-01,2024-07,8983,6678,2305
에스토니아,2024-08-01,2024-08,10601,6469,4132
에스토니아,2024-09-01,2024-09,10142,5632,4511
에스토니아,2024-10-01,2024-10,7358,7711,-353
에스토니아,2024-11-01,2024-11,7843,3687,4156
에스토니아,2024-12-01,2024-12,5944,7091,-1147
에스토니아,2025-01-01,2025-01,7673,7483,189
에스토니아,2025-02-01,2025-02,7526,8931,-1406
에스토니아,2025-03-01,2025-03,9676,5876,3800
에스토니아,2025-04-01,2025-04,10506,7455,3051
에스토니아,2025-05-01,2025-05,12515,7435,5079
에스토니아,2025-06-01,2025-06,16758,11733,5025
에스토니아,2025-07-01,2025-07,16525,9085,7440
에스토니아,2025-08-01,2025-08,9342,8462,879
에스토니아,2025-09-01,2025-09,31419,9236,22183
에스토니아,2025-10-01,2025-10,10759,6904,3855
에스토니아,2025-11-01,2025-11,9731,5612,4119
에스토니아,2025-12-01,2025-12,15595,7387,8208
에스토니아,2026-01-01,2026-01,16885,8958,7927
에스토니아,2026-02-01,2026-02,16869,4308,12561
에스토니아,2026-03-01,2026-03,18483,5548,12935
에스토니아,2026-04-01,2026-04,18438,9518,8920
에스토니아,2026-05-01,2026-05,29702,5996,23706
에스토니아,2026-06-01,2026-06,28552,10426,18127
에스토니아,2026-07-01,2026-07,28929,7402,21528
에쿠아도르,2024-01-01,2024-01,53468,4880,48588
에쿠아도르,2024-02-01,2024-02,89908,91637,-1729
에쿠아도르,2024-03-01,2024-03,92608,8103,84506
에쿠아도르,2024-04-01,2024-04,46779,8855,37923
에쿠아도르,2024-05-01,2024-05,47889,12020,35869
에쿠아도르,2024-06-01,2024-06,29455,13765,15691
에쿠아도르,2024-07-01,2024-07,29025,13758,15267
에쿠아도르,2024-08-01,2024-08,25807,97854,-72047
에쿠아도르,2024-09-01,2024-09,30530,8349,22181
에쿠아도르,2024-10-01,2024-10,24142,5981,18161
에쿠아도르,2024-11-01,2024-11,18200,9547,8654
에쿠아도르,2024-12-01,2024-12,28750,10214,18536
에쿠아도르,2025-01-01,2025-01,20630,11810,8820
에쿠아도르,2025-02-01,2025-02,32767,6755,26011
에쿠아도르,2025-03-01,2025-03,28437,7570,20867
에쿠아도르,2025-04-01,2025-04,32935,57396,-24461
에쿠아도르,2025-05-01,2025-05,25397,8261,17136
에쿠아도르,2025-06-01,2025-06,29372,9737,19635
에쿠아도르,2025-07-01,2025-07,68376,12656,55720
에쿠아도르,2025-08-01,2025-08,42467,13221,29246
에쿠아도르,2025-09-01,2025-09,47115,15620,31496
에쿠아도르,2025-10-01,2025-10,33649,16404,17244
에쿠아도르,2025-11-01,2025-11,47592,7101,40491
에쿠아도르,2025-12-01,2025-12,44223,12951,31271
에쿠아도르,2026-01-01,2026-01,32164,13111,19053
에쿠아도르,2026-02-01,2026-02,34401,7112,27290
에쿠아도르,2026-03-01,2026-03,42489,167680,-125191
에쿠아도르,2026-04-01,2026-04,23934,15187,8747
에쿠아도르,2026-05-01,2026-05,22831,144999,-122167
에쿠아도르,2026-06-01,2026-06,54281,14669,39613
에쿠아도르,2026-07-01,2026-07,49779,44926,4853
엘살바도르,2024-01-01,2024-01,20642,2433,18209
엘살바도르,2024-02-01,2024-02,14239,1582,12657
엘살바도르,2024-03-01,2024-03,21855,1758,20097
엘살바도르,2024-04-01,2024-04,15290,1658,13632
엘살바도르,2024-05-01,2024-05,21615,9724,11891
엘살바도르,2024-06-01,2024-06,14929,24424,-9495
엘살바도르,2024-07-01,2024-07,19603,2047,17556
엘살바도르,2024-08-01,2024-08,13025,2968,10058
엘살바도르,2024-09-01,2024-09,17045,3321,13724
엘살바도르,2024-10-01,2024-10,21269,4084,17185
엘살바도르,2024-11-01,2024-11,22538,3190,19348
엘살바도르,2024-12-01,2024-12,22199,3296,18903
엘살바도르,2025-01-01,2025-01,21023,3380,17643
엘살바도르,2025-02-01,2025-02,17895,2939,14956
엘살바도르,2025-03-01,2025-03,20122,5630,14492
엘살바도르,2025-04-01,2025-04,21358,10046,11312
엘살바도르,2025-05-01,2025-05,21146,4841,16305
엘살바도르,2025-06-01,2025-06,14380,4391,9989
엘살바도르,2025-07-01,2025-07,20945,3815,17130
엘살바도르,2025-08-01,2025-08,23269,3264,20006
엘살바도르,2025-09-01,2025-09,26206,3393,22813
엘살바도르,2025-10-01,2025-10,21217,3065,18153
엘살바도르,2025-11-01,2025-11,25785,3905,21880
엘살바도르,2025-12-01,2025-12,29743,2949,26794
엘살바도르,2026-01-01,2026-01,28979,2697,26282
엘살바도르,2026-02-01,2026-02,24257,1995,22261
엘살바도르,2026-03-01,2026-03,28271,2837,25435
엘살바도르,2026-04-01,2026-04,24399,2882,21516
엘살바도르,2026-05-01,2026-05,23512,2778,20734
엘살바도르,2026-06-01,2026-06,25768,3367,22400
엘살바도르,2026-07-01,2026-07,33294,3518,29776
영국,2024-01-01,2024-01,864312,258495,605816
영국,2024-02-01,2024-02,531684,540493,-8810
영국,2024-03-01,2024-03,540519,467188,73332
영국,2024-04-01,2024-04,468387,369953,98434
영국,2024-05-01,2024-05,540368,272515,267853
영국,2024-06-01,2024-06,517007,413638,103370
영국,2024-07-01,2024-07,498012,381854,116158
영국,2024-08-01,2024-08,509512,350891,158621
영국,2024-09-01,2024-09,519977,482666,37311
영국,2024-10-01,2024-10,668609,331396,337213
영국,2024-11-01,2024-11,492372,305740,186631
영국,2024-12-01,2024-12,491197,397433,93764
영국,2025-01-01,2025-01,556947,332881,224066
영국,2025-02-01,2025-02,481863,358048,123815
영국,2025-03-01,2025-03,504707,371529,133178
영국,2025-04-01,2025-04,588905,522425,66479
영국,2025-05-01,2025-05,605684,341631,264053
영국,2025-06-01,2025-06,608661,415130,193531
영국,2025-07-01,2025-07,719584,381185,338399
영국,2025-08-01,2025-08,644021,343206,300815
영국,2025-09-01,2025-09,758366,421730,336636
영국,2025-10-01,2025-10,483668,271176,212491
영국,2025-11-01,2025-11,618440,354012,264428
영국,2025-12-01,2025-12,598291,430526,167765
영국,2026-01-01,2026-01,736186,248054,488132
영국,2026-02-01,2026-02,574861,417527,157334
영국,2026-03-01,2026-03,665551,367204,298347
영국,2026-04-01,2026-04,732061,422565,309497
영국,2026-05-01,2026-05,568289,379555,188734
영국,2026-06-01,2026-06,735552,422554,312998
영국,2026-07-01,2026-07,902381,376463,525918
영령 버진군도,2024-01-01,2024-01,1109,0,1109
영령 버진군도,2024-02-01,2024-02,231,0,231
영령 버진군도,2024-03-01,2024-03,233,0,233
영령 버진군도,2024-04-01,2024-04,256,7,249
영령 버진군도,2024-05-01,2024-05,280,0,280
영령 버진군도,2024-06-01,2024-06,403,0,403
영령 버진군도,2024-07-01,2024-07,268,2,266
영령 버진군도,2024-08-01,2024-08,0,0,0
영령 버진군도,2024-09-01,2024-09,194,0,194
영령 버진군도,2024-10-01,2024-10,271,0,271
영령 버진군도,2024-11-01,2024-11,31,0,31
영령 버진군도,2024-12-01,2024-12,216,0,216
영령 버진군도,2025-01-01,2025-01,162,0,162
영령 버진군도,2025-02-01,2025-02,426,0,426
영령 버진군도,2025-03-01,2025-03,223,0,223
영령 버진군도,2025-04-01,2025-04,311,0,311
영령 버진군도,2025-05-01,2025-05,296,0,296
영령 버진군도,2025-06-01,2025-06,387,0,387
영령 버진군도,2025-07-01,2025-07,49,0,49
영령 버진군도,2025-08-01,2025-08,226,0,226
영령 버진군도,2025-09-01,2025-09,470,0,470
영령 버진군도,2025-10-01,2025-10,593,0,593
영령 버진군도,2025-11-01,2025-11,151,0,151
영령 버진군도,2025-12-01,2025-12,344,0,344
영령 버진군도,2026-01-01,2026-01,88,0,88
영령 버진군도,2026-02-01,2026-02,87,0,87
영령 버진군도,2026-03-01,2026-03,104,0,104
영령 버진군도,2026-04-01,2026-04,347,0,347
영령 버진군도,2026-05-01,2026-05,271,1,269
영령 버진군도,2026-06-01,2026-06,40,0,40
영령 버진군도,2026-07-01,2026-07,187,0,187
영령 인도양,2024-01-01,2024-01,0,0,0
영령 인도양,2024-02-01,2024-02,0,2,-2
영령 인도양,2024-03-01,2024-03,0,0,0
영령 인도양,2024-04-01,2024-04,0,2,-2
영령 인도양,2024-05-01,2024-05,0,0,0
영령 인도양,2024-06-01,2024-06,0,0,0
영령 인도양,2024-07-01,2024-07,0,0,0
영령 인도양,2024-08-01,2024-08,0,0,0
영령 인도양,2024-09-01,2024-09,0,0,0
영령 인도양,2024-10-01,2024-10,0,0,0
영령 인도양,2024-11-01,2024-11,0,0,0
영령 인도양,2024-12-01,2024-12,0,0,0
영령 인도양,2025-01-01,2025-01,0,0,0
영령 인도양,2025-02-01,2025-02,0,1,-1
영령 인도양,2025-03-01,2025-03,0,0,0
영령 인도양,2025-04-01,2025-04,0,0,0
영령 인도양,2025-05-01,2025-05,0,0,0
영령 인도양,2025-06-01,2025-06,0,0,0
영령 인도양,2025-07-01,2025-07,0,0,0
영령 인도양,2025-08-01,2025-08,0,0,0
영령 인도양,2025-09-01,2025-09,0,0,0
영령 인도양,2025-10-01,2025-10,0,0,0
영령 인도양,2025-11-01,2025-11,0,0,0
영령 인도양,2025-12-01,2025-12,0,0,0
영령 인도양,2026-01-01,2026-01,0,0,0
영령 인도양,2026-02-01,2026-02,0,0,0
영령 인도양,2026-03-01,2026-03,0,0,0
영령 인도양,2026-04-01,2026-04,0,0,0
영령 인도양,2026-05-01,2026-05,0,0,0
영령 인도양,2026-06-01,2026-06,0,0,0
영령 인도양,2026-07-01,2026-07,0,0,0
영령 캐이맨 군도,2024-01-01,2024-01,539,0,538
영령 캐이맨 군도,2024-02-01,2024-02,440,0,440
영령 캐이맨 군도,2024-03-01,2024-03,474,30,443
영령 캐이맨 군도,2024-04-01,2024-04,1173,3,1170
영령 캐이맨 군도,2024-05-01,2024-05,393,4,390
영령 캐이맨 군도,2024-06-01,2024-06,678,0,678
영령 캐이맨 군도,2024-07-01,2024-07,76,0,76
영령 캐이맨 군도,2024-08-01,2024-08,894,0,893
영령 캐이맨 군도,2024-09-01,2024-09,539,0,539
영령 캐이맨 군도,2024-10-01,2024-10,425,0,425
영령 캐이맨 군도,2024-11-01,2024-11,592,0,592
영령 캐이맨 군도,2024-12-01,2024-12,249,0,248
영령 캐이맨 군도,2025-01-01,2025-01,241,0,241
영령 캐이맨 군도,2025-02-01,2025-02,719,2,717
영령 캐이맨 군도,2025-03-01,2025-03,617,4,613
영령 캐이맨 군도,2025-04-01,2025-04,290,2,288
영령 캐이맨 군도,2025-05-01,2025-05,549,1,548
영령 캐이맨 군도,2025-06-01,2025-06,1007,7,1001
영령 캐이맨 군도,2025-07-01,2025-07,1009,0,1009
영령 캐이맨 군도,2025-08-01,2025-08,1376,2,1374
영령 캐이맨 군도,2025-09-01,2025-09,637,1,636
영령 캐이맨 군도,2025-10-01,2025-10,481,0,481
영령 캐이맨 군도,2025-11-01,2025-11,1075,1,1074
영령 캐이맨 군도,2025-12-01,2025-12,369,0,368
영령 캐이맨 군도,2026-01-01,2026-01,866,0,866
영령 캐이맨 군도,2026-02-01,2026-02,487,0,487
영령 캐이맨 군도,2026-03-01,2026-03,497,0,497
영령 캐이맨 군도,2026-04-01,2026-04,712,0,712
영령 캐이맨 군도,2026-05-01,2026-05,824,7,817
영령 캐이맨 군도,2026-06-01,2026-06,96,0,96
영령 캐이맨 군도,2026-07-01,2026-07,1448,0,1448
예맨,2024-01-01,2024-01,1766,1982,-215
예맨,2024-02-01,2024-02,2675,4157,-1483
예맨,2024-03-01,2024-03,5374,1678,3696
예맨,2024-04-01,2024-04,6367,2008,4359
예맨,2024-05-01,2024-05,10074,6270,3805
예맨,2024-06-01,2024-06,4027,3013,1014
예맨,2024-07-01,2024-07,4017,3516,501
예맨,2024-08-01,2024-08,5268,3524,1744
예맨,2024-09-01,2024-09,10971,5075,5896
예맨,2024-10-01,2024-10,4416,2936,1480
예맨,2024-11-01,2024-11,3814,765,3050
예맨,2024-12-01,2024-12,5748,2078,3670
예맨,2025-01-01,2025-01,3125,6429,-3304
예맨,2025-02-01,2025-02,5210,8810,-3600
예맨,2025-03-01,2025-03,4892,2193,2700
예맨,2025-04-01,2025-04,3740,2907,833
예맨,2025-05-01,2025-05,3572,2109,1464
예맨,2025-06-01,2025-06,4997,675,4322
예맨,2025-07-01,2025-07,3344,475,2868
예맨,2025-08-01,2025-08,2799,1170,1628
예맨,2025-09-01,2025-09,14947,330,14618
예맨,2025-10-01,2025-10,4152,299,3854
예맨,2025-11-01,2025-11,7360,2703,4657
예맨,2025-12-01,2025-12,6221,1733,4487
예맨,2026-01-01,2026-01,3246,1666,1580
예맨,2026-02-01,2026-02,2909,2530,379
예맨,2026-03-01,2026-03,2049,3037,-988
예맨,2026-04-01,2026-04,4250,1677,2573
예맨,2026-05-01,2026-05,7984,67,7917
예맨,2026-06-01,2026-06,4535,614,3921
예맨,2026-07-01,2026-07,3506,627,2879
오만,2024-01-01,2024-01,53361,472469,-419109
오만,2024-02-01,2024-02,31077,518814,-487737
오만,2024-03-01,2024-03,113664,392124,-278461
오만,2024-04-01,2024-04,67369,604562,-537192
오만,2024-05-01,2024-05,30387,506990,-476603
오만,2024-06-01,2024-06,26389,373641,-347251
오만,2024-07-01,2024-07,22017,362362,-340345
오만,2024-08-01,2024-08,20528,506465,-485936
오만,2024-09-01,2024-09,80066,511692,-431626
오만,2024-10-01,2024-10,76562,437907,-361345
오만,2024-11-01,2024-11,21572,522308,-500736
오만,2024-12-01,2024-12,88168,449793,-361624
오만,2025-01-01,2025-01,65013,499520,-434507
오만,2025-02-01,2025-02,21100,199234,-178134
오만,2025-03-01,2025-03,75519,350984,-275465
오만,2025-04-01,2025-04,33993,359525,-325531
오만,2025-05-01,2025-05,50621,102160,-51539
오만,2025-06-01,2025-06,63096,202583,-139487
오만,2025-07-01,2025-07,37808,144284,-106476
오만,2025-08-01,2025-08,50748,232701,-181954
오만,2025-09-01,2025-09,101451,232093,-130641
오만,2025-10-01,2025-10,48770,104689,-55919
오만,2025-11-01,2025-11,53316,128061,-74745
오만,2025-12-01,2025-12,58642,233144,-174502
오만,2026-01-01,2026-01,41838,218716,-176878
오만,2026-02-01,2026-02,26677,205963,-179285
오만,2026-03-01,2026-03,10051,221759,-211708
오만,2026-04-01,2026-04,30356,116377,-86021
오만,2026-05-01,2026-05,37303,540553,-503250
오만,2026-06-01,2026-06,38591,845455,-806864
오만,2026-07-01,2026-07,87896,688744,-600847
오스트리아,2024-01-01,2024-01,80705,77798,2907
오스트리아,2024-02-01,2024-02,92178,77505,14673
오스트리아,2024-03-01,2024-03,91252,145371,-54118
오스트리아,2024-04-01,2024-04,99873,144326,-44452
오스트리아,2024-05-01,2024-05,125404,152970,-27566
오스트리아,2024-06-01,2024-06,100665,153161,-52496
오스트리아,2024-07-01,2024-07,115546,97879,17667
오스트리아,2024-08-01,2024-08,138816,140375,-1559
오스트리아,2024-09-01,2024-09,130696,124857,5839
오스트리아,2024-10-01,2024-10,189095,153450,35645
오스트리아,2024-11-01,2024-11,184254,187896,-3642
오스트리아,2024-12-01,2024-12,71327,173667,-102340
오스트리아,2025-01-01,2025-01,62082,112986,-50904
오스트리아,2025-02-01,2025-02,80399,116531,-36132
오스트리아,2025-03-01,2025-03,97353,133220,-35867
오스트리아,2025-04-01,2025-04,110208,131048,-20840
오스트리아,2025-05-01,2025-05,90307,150361,-60054
오스트리아,2025-06-01,2025-06,94039,161403,-67365
오스트리아,2025-07-01,2025-07,98144,157872,-59728
오스트리아,2025-08-01,2025-08,102678,136401,-33723
오스트리아,2025-09-01,2025-09,118950,129691,-10741
오스트리아,2025-10-01,2025-10,107532,121581,-14048
오스트리아,2025-11-01,2025-11,87947,106829,-18882
오스트리아,2025-12-01,2025-12,73046,146276,-73230
오스트리아,2026-01-01,2026-01,90828,95985,-5156
오스트리아,2026-02-01,2026-02,94732,141696,-46964
오스트리아,2026-03-01,2026-03,110239,114917,-4678
오스트리아,2026-04-01,2026-04,84556,158283,-73727
오스트리아,2026-05-01,2026-05,87263,141997,-54733
오스트리아,2026-06-01,2026-06,119869,155981,-36112
오스트리아,2026-07-01,2026-07,171927,150884,21043
온두라스,2024-01-01,2024-01,20446,2640,17805
온두라스,2024-02-01,2024-02,14695,24194,-9498
온두라스,2024-03-01,2024-03,28126,2968,25158
온두라스,2024-04-01,2024-04,15471,15442,28
온두라스,2024-05-01,2024-05,14166,7079,7087
온두라스,2024-06-01,2024-06,15649,7188,8460
온두라스,2024-07-01,2024-07,12062,5145,6917
온두라스,2024-08-01,2024-08,13126,3380,9746
온두라스,2024-09-01,2024-09,13934,3602,10332
온두라스,2024-10-01,2024-10,12609,2416,10194
온두라스,2024-11-01,2024-11,12311,1495,10816
온두라스,2024-12-01,2024-12,13103,1553,11550
온두라스,2025-01-01,2025-01,11512,1740,9772
온두라스,2025-02-01,2025-02,9707,4468,5238
온두라스,2025-03-01,2025-03,9482,5786,3695
온두라스,2025-04-01,2025-04,13689,16954,-3265
온두라스,2025-05-01,2025-05,11789,9395,2393
온두라스,2025-06-01,2025-06,12219,9475,2744
온두라스,2025-07-01,2025-07,13269,7533,5736
온두라스,2025-08-01,2025-08,12396,5417,6979
온두라스,2025-09-01,2025-09,12877,6104,6773
온두라스,2025-10-01,2025-10,10977,24259,-13281
온두라스,2025-11-01,2025-11,13765,529,13236
온두라스,2025-12-01,2025-12,13676,1701,11974
온두라스,2026-01-01,2026-01,16771,1779,14992
온두라스,2026-02-01,2026-02,11196,3208,7988
온두라스,2026-03-01,2026-03,16491,4704,11788
온두라스,2026-04-01,2026-04,13489,8846,4643
온두라스,2026-05-01,2026-05,11139,16640,-5502
온두라스,2026-06-01,2026-06,14723,5589,9133
온두라스,2026-07-01,2026-07,13946,6384,7562
왈라스 & 퓨투나 군도,2024-01-01,2024-01,0,0,0
왈라스 & 퓨투나 군도,2024-02-01,2024-02,0,0,0
왈라스 & 퓨투나 군도,2024-03-01,2024-03,0,0,0
왈라스 & 퓨투나 군도,2024-04-01,2024-04,10,0,10
왈라스 & 퓨투나 군도,2024-05-01,2024-05,0,0,0
왈라스 & 퓨투나 군도,2024-06-01,2024-06,0,1,-1
왈라스 & 퓨투나 군도,2024-07-01,2024-07,0,0,0
왈라스 & 퓨투나 군도,2024-08-01,2024-08,0,0,0
왈라스 & 퓨투나 군도,2024-09-01,2024-09,0,0,0
왈라스 & 퓨투나 군도,2024-10-01,2024-10,0,0,0
왈라스 & 퓨투나 군도,2024-11-01,2024-11,0,0,0
왈라스 & 퓨투나 군도,2024-12-01,2024-12,1,0,1
왈라스 & 퓨투나 군도,2025-01-01,2025-01,0,0,0
왈라스 & 퓨투나 군도,2025-02-01,2025-02,0,0,0
왈라스 & 퓨투나 군도,2025-03-01,2025-03,13,0,13
왈라스 & 퓨투나 군도,2025-04-01,2025-04,0,0,0
왈라스 & 퓨투나 군도,2025-05-01,2025-05,0,0,0
왈라스 & 퓨투나 군도,2025-06-01,2025-06,0,0,0
왈라스 & 퓨투나 군도,2025-07-01,2025-07,0,0,0
왈라스 & 퓨투나 군도,2025-08-01,2025-08,0,0,0
왈라스 & 퓨투나 군도,2025-09-01,2025-09,0,0,0
왈라스 & 퓨투나 군도,2025-10-01,2025-10,0,0,0
왈라스 & 퓨투나 군도,2025-11-01,2025-11,0,0,0
왈라스 & 퓨투나 군도,2025-12-01,2025-12,0,0,0
왈라스 & 퓨투나 군도,2026-01-01,2026-01,0,0,0
왈라스 & 퓨투나 군도,2026-02-01,2026-02,0,0,0
왈라스 & 퓨투나 군도,2026-03-01,2026-03,0,0,0
왈라스 & 퓨투나 군도,2026-04-01,2026-04,0,0,0
왈라스 & 퓨투나 군도,2026-05-01,2026-05,0,0,0
왈라스 & 퓨투나 군도,2026-06-01,2026-06,0,0,0
왈라스 & 퓨투나 군도,2026-07-01,2026-07,0,0,0
요르단,2024-01-01,2024-01,52110,3175,48936
요르단,2024-02-01,2024-02,47459,1130,46329
요르단,2024-03-01,2024-03,39069,8356,30713
요르단,2024-04-01,2024-04,46292,6786,39506
요르단,2024-05-01,2024-05,36620,9474,27146
요르단,2024-06-01,2024-06,46592,10014,36578
요르단,2024-07-01,2024-07,48630,6817,41814
요르단,2024-08-01,2024-08,41238,8123,33115
요르단,2024-09-01,2024-09,46969,5253,41716
요르단,2024-10-01,2024-10,47524,5780,41743
요르단,2024-11-01,2024-11,40801,8890,31912
요르단,2024-12-01,2024-12,53541,4132,49409
요르단,2025-01-01,2025-01,55723,4693,51030
요르단,2025-02-01,2025-02,60293,2114,58179
요르단,2025-03-01,2025-03,47877,2673,45204
요르단,2025-04-01,2025-04,71251,1974,69277
요르단,2025-05-01,2025-05,43232,7752,35480
요르단,2025-06-01,2025-06,42921,3808,39113
요르단,2025-07-01,2025-07,53857,5184,48674
요르단,2025-08-01,2025-08,46869,5051,41818
요르단,2025-09-01,2025-09,39486,7405,32081
요르단,2025-10-01,2025-10,22992,8121,14871
요르단,2025-11-01,2025-11,33679,4763,28915
요르단,2025-12-01,2025-12,43432,3749,39683
요르단,2026-01-01,2026-01,55069,5851,49218
요르단,2026-02-01,2026-02,39072,3980,35092
요르단,2026-03-01,2026-03,28605,3587,25019
요르단,2026-04-01,2026-04,41515,5356,36159
요르단,2026-05-01,2026-05,51711,7783,43928
요르단,2026-06-01,2026-06,59593,3554,56040
요르단,2026-07-01,2026-07,50192,3194,46998
우간다,2024-01-01,2024-01,1772,1323,448
우간다,2024-02-01,2024-02,6015,3793,2222
우간다,2024-03-01,2024-03,1823,1166,657
우간다,2024-04-01,2024-04,7300,863,6438
우간다,2024-05-01,2024-05,1569,659,910
우간다,2024-06-01,2024-06,2294,657,1637
우간다,2024-07-01,2024-07,3146,918,2228
우간다,2024-08-01,2024-08,3058,714,2344
우간다,2024-09-01,2024-09,2529,1230,1299
우간다,2024-10-01,2024-10,2370,2237,133
우간다,2024-11-01,2024-11,3882,1322,2559
우간다,2024-12-01,2024-12,877,88,789
우간다,2025-01-01,2025-01,623,763,-140
우간다,2025-02-01,2025-02,2064,3275,-1212
우간다,2025-03-01,2025-03,1269,2606,-1337
우간다,2025-04-01,2025-04,1769,703,1066
우간다,2025-05-01,2025-05,3145,578,2567
우간다,2025-06-01,2025-06,3428,1486,1942
우간다,2025-07-01,2025-07,2314,868,1446
우간다,2025-08-01,2025-08,3838,577,3261
우간다,2025-09-01,2025-09,3221,2125,1096
우간다,2025-10-01,2025-10,2573,554,2019
우간다,2025-11-01,2025-11,1183,4727,-3543
우간다,2025-12-01,2025-12,1578,1712,-134
우간다,2026-01-01,2026-01,930,393,537
우간다,2026-02-01,2026-02,1548,3024,-1476
우간다,2026-03-01,2026-03,2733,3650,-917
우간다,2026-04-01,2026-04,1386,2634,-1247
우간다,2026-05-01,2026-05,5211,688,4523
우간다,2026-06-01,2026-06,1449,1664,-215
우간다,2026-07-01,2026-07,1179,3920,-2741
우루과이,2024-01-01,2024-01,11261,8580,2681
우루과이,2024-02-01,2024-02,9923,14042,-4119
우루과이,2024-03-01,2024-03,10806,29296,-18490
우루과이,2024-04-01,2024-04,11263,7224,4039
우루과이,2024-05-01,2024-05,15399,17028,-1629
우루과이,2024-06-01,2024-06,13632,26691,-13058
우루과이,2024-07-01,2024-07,18399,15971,2427
우루과이,2024-08-01,2024-08,17707,18231,-524
우루과이,2024-09-01,2024-09,17134,16465,669
우루과이,2024-10-01,2024-10,12487,13054,-567
우루과이,2024-11-01,2024-11,11119,10427,691
우루과이,2024-12-01,2024-12,14806,8759,6047
우루과이,2025-01-01,2025-01,10208,20243,-10034
우루과이,2025-02-01,2025-02,11740,4824,6915
우루과이,2025-03-01,2025-03,10581,11123,-541
우루과이,2025-04-01,2025-04,12262,14574,-2311
우루과이,2025-05-01,2025-05,12222,12471,-249
우루과이,2025-06-01,2025-06,11791,10998,793
우루과이,2025-07-01,2025-07,18630,42758,-24128
우루과이,2025-08-01,2025-08,8699,10513,-1814
우루과이,2025-09-01,2025-09,13169,8176,4992
우루과이,2025-10-01,2025-10,16547,4998,11548
우루과이,2025-11-01,2025-11,11289,10314,975
우루과이,2025-12-01,2025-12,13047,12107,940
우루과이,2026-01-01,2026-01,11401,10812,588
우루과이,2026-02-01,2026-02,11985,12461,-476
우루과이,2026-03-01,2026-03,14056,32711,-18655
우루과이,2026-04-01,2026-04,14439,39580,-25141
우루과이,2026-05-01,2026-05,14034,56328,-42295
우루과이,2026-06-01,2026-06,17311,15198,2113
우루과이,2026-07-01,2026-07,20038,29850,-9812
우즈베크,2024-01-01,2024-01,141818,1749,140069
우즈베크,2024-02-01,2024-02,149347,621,148727
우즈베크,2024-03-01,2024-03,133745,1016,132729
우즈베크,2024-04-01,2024-04,144055,542,143513
우즈베크,2024-05-01,2024-05,146461,1255,145206
우즈베크,2024-06-01,2024-06,169266,1661,167606
우즈베크,2024-07-01,2024-07,141807,1236,140571
우즈베크,2024-08-01,2024-08,123211,1676,121535
우즈베크,2024-09-01,2024-09,141075,1449,139627
우즈베크,2024-10-01,2024-10,151599,1639,149960
우즈베크,2024-11-01,2024-11,143197,1899,141298
우즈베크,2024-12-01,2024-12,134280,878,133402
우즈베크,2025-01-01,2025-01,110091,1166,108925
우즈베크,2025-02-01,2025-02,144964,2297,142667
우즈베크,2025-03-01,2025-03,130199,666,129533
우즈베크,2025-04-01,2025-04,142419,2676,139743
우즈베크,2025-05-01,2025-05,122760,1049,121711
우즈베크,2025-06-01,2025-06,134090,1487,132603
우즈베크,2025-07-01,2025-07,131457,3086,128371
우즈베크,2025-08-01,2025-08,142990,1296,141694
우즈베크,2025-09-01,2025-09,190937,1935,189002
우즈베크,2025-10-01,2025-10,138120,2264,135856
우즈베크,2025-11-01,2025-11,203170,1565,201605
우즈베크,2025-12-01,2025-12,195681,2710,192970
우즈베크,2026-01-01,2026-01,148465,1412,147053
우즈베크,2026-02-01,2026-02,151871,1511,150360
우즈베크,2026-03-01,2026-03,166950,2098,164852
우즈베크,2026-04-01,2026-04,181029,2695,178334
우즈베크,2026-05-01,2026-05,158862,1884,156978
우즈베크,2026-06-01,2026-06,149854,2205,147649
우즈베크,2026-07-01,2026-07,182239,7060,175179
우크라이나,2024-01-01,2024-01,25583,41027,-15444
우크라이나,2024-02-01,2024-02,29850,49544,-19694
우크라이나,2024-03-01,2024-03,34422,64540,-30118
우크라이나,2024-04-01,2024-04,28662,40985,-12324
우크라이나,2024-05-01,2024-05,31849,86410,-54562
우크라이나,2024-06-01,2024-06,35842,41335,-5493
우크라이나,2024-07-01,2024-07,32855,37136,-4281
우크라이나,2024-08-01,2024-08,36094,35487,608
우크라이나,2024-09-01,2024-09,35214,23096,12117
우크라이나,2024-10-01,2024-10,21063,14015,7047
우크라이나,2024-11-01,2024-11,35156,22128,13028
우크라이나,2024-12-01,2024-12,27622,36682,-9059
우크라이나,2025-01-01,2025-01,33060,31661,1399
우크라이나,2025-02-01,2025-02,44990,8527,36463
우크라이나,2025-03-01,2025-03,44417,48254,-3838
우크라이나,2025-04-01,2025-04,48766,49679,-912
우크라이나,2025-05-01,2025-05,56256,14173,42083
우크라이나,2025-06-01,2025-06,48224,18277,29947
우크라이나,2025-07-01,2025-07,43126,17747,25379
우크라이나,2025-08-01,2025-08,32215,13480,18734
우크라이나,2025-09-01,2025-09,45571,24877,20694
우크라이나,2025-10-01,2025-10,30820,13271,17549
우크라이나,2025-11-01,2025-11,42103,10004,32099
우크라이나,2025-12-01,2025-12,51047,37351,13696
우크라이나,2026-01-01,2026-01,29476,21791,7685
우크라이나,2026-02-01,2026-02,29448,17637,11811
우크라이나,2026-03-01,2026-03,52923,30479,22444
우크라이나,2026-04-01,2026-04,60257,15948,44309
우크라이나,2026-05-01,2026-05,48157,24080,24077
우크라이나,2026-06-01,2026-06,68739,26842,41897
우크라이나,2026-07-01,2026-07,83574,27250,56323
웨이크 아일랜드,2024-01-01,2024-01,0,0,0
웨이크 아일랜드,2024-02-01,2024-02,0,0,0
웨이크 아일랜드,2024-03-01,2024-03,0,0,0
웨이크 아일랜드,2024-04-01,2024-04,0,0,0
웨이크 아일랜드,2024-05-01,2024-05,0,0,0
웨이크 아일랜드,2024-06-01,2024-06,0,0,0
웨이크 아일랜드,2024-07-01,2024-07,0,0,0
웨이크 아일랜드,2024-08-01,2024-08,0,0,0
웨이크 아일랜드,2024-09-01,2024-09,0,0,0
웨이크 아일랜드,2024-10-01,2024-10,0,0,0
웨이크 아일랜드,2024-11-01,2024-11,0,0,0
웨이크 아일랜드,2024-12-01,2024-12,0,0,0
웨이크 아일랜드,2025-01-01,2025-01,0,0,0
웨이크 아일랜드,2025-02-01,2025-02,0,0,0
웨이크 아일랜드,2025-03-01,2025-03,0,0,0
웨이크 아일랜드,2025-04-01,2025-04,0,0,0
웨이크 아일랜드,2025-05-01,2025-05,0,0,0
웨이크 아일랜드,2025-06-01,2025-06,0,0,0
웨이크 아일랜드,2025-07-01,2025-07,0,0,0
웨이크 아일랜드,2025-08-01,2025-08,0,0,0
웨이크 아일랜드,2025-09-01,2025-09,0,0,0
웨이크 아일랜드,2025-10-01,2025-10,0,0,0
웨이크 아일랜드,2025-11-01,2025-11,0,0,0
웨이크 아일랜드,2025-12-01,2025-12,0,0,0
웨이크 아일랜드,2026-01-01,2026-01,0,0,0
웨이크 아일랜드,2026-02-01,2026-02,0,0,0
웨이크 아일랜드,2026-03-01,2026-03,0,0,0
웨이크 아일랜드,2026-04-01,2026-04,0,0,0
웨이크 아일랜드,2026-05-01,2026-05,0,0,0
웨이크 아일랜드,2026-06-01,2026-06,0,0,0
웨이크 아일랜드,2026-07-01,2026-07,0,0,0
유고,2024-01-01,2024-01,0,0,0
유고,2024-02-01,2024-02,0,0,0
유고,2024-03-01,2024-03,0,0,0
유고,2024-04-01,2024-04,0,0,0
유고,2024-05-01,2024-05,0,0,0
유고,2024-06-01,2024-06,0,0,0
유고,2024-07-01,2024-07,0,0,0
유고,2024-08-01,2024-08,0,0,0
유고,2024-09-01,2024-09,0,0,0
유고,2024-10-01,2024-10,0,0,0
유고,2024-11-01,2024-11,0,0,0
유고,2024-12-01,2024-12,0,0,0
유고,2025-01-01,2025-01,0,0,0
유고,2025-02-01,2025-02,0,0,0
유고,2025-03-01,2025-03,0,0,0
유고,2025-04-01,2025-04,0,0,0
유고,2025-05-01,2025-05,0,0,0
유고,2025-06-01,2025-06,0,0,0
유고,2025-07-01,2025-07,0,0,0
유고,2025-08-01,2025-08,0,0,0
유고,2025-09-01,2025-09,0,0,0
유고,2025-10-01,2025-10,0,0,0
유고,2025-11-01,2025-11,0,0,0
유고,2025-12-01,2025-12,0,0,0
유고,2026-01-01,2026-01,0,0,0
유고,2026-02-01,2026-02,0,0,0
유고,2026-03-01,2026-03,0,0,0
유고,2026-04-01,2026-04,0,0,0
유고,2026-05-01,2026-05,0,0,0
유고,2026-06-01,2026-06,0,0,0
유고,2026-07-01,2026-07,0,0,0
이디오피아,2024-01-01,2024-01,1602,6567,-4965
이디오피아,2024-02-01,2024-02,11715,4917,6798
이디오피아,2024-03-01,2024-03,35672,6400,29272
이디오피아,2024-04-01,2024-04,22249,9010,13238
이디오피아,2024-05-01,2024-05,8280,6775,1506
이디오피아,2024-06-01,2024-06,2302,11065,-8763
이디오피아,2024-07-01,2024-07,14021,17257,-3236
이디오피아,2024-08-01,2024-08,8635,16789,-8154
이디오피아,2024-09-01,2024-09,6094,9285,-3191
이디오피아,2024-10-01,2024-10,11819,17237,-5417
이디오피아,2024-11-01,2024-11,14925,6424,8501
이디오피아,2024-12-01,2024-12,10418,14176,-3758
이디오피아,2025-01-01,2025-01,8577,7518,1059
이디오피아,2025-02-01,2025-02,8676,8811,-135
이디오피아,2025-03-01,2025-03,9960,5787,4173
이디오피아,2025-04-01,2025-04,13883,14210,-327
이디오피아,2025-05-01,2025-05,8330,12237,-3908
이디오피아,2025-06-01,2025-06,13292,15083,-1790
이디오피아,2025-07-01,2025-07,22947,20946,2001
이디오피아,2025-08-01,2025-08,14819,19044,-4225
이디오피아,2025-09-01,2025-09,18267,24242,-5974
이디오피아,2025-10-01,2025-10,17251,17525,-274
이디오피아,2025-11-01,2025-11,21936,12784,9153
이디오피아,2025-12-01,2025-12,19372,12956,6415
이디오피아,2026-01-01,2026-01,9606,11812,-2206
이디오피아,2026-02-01,2026-02,20431,7918,12513
이디오피아,2026-03-01,2026-03,32208,11669,20539
이디오피아,2026-04-01,2026-04,15484,12211,3274
이디오피아,2026-05-01,2026-05,22407,13423,8984
이디오피아,2026-06-01,2026-06,14630,14715,-86
이디오피아,2026-07-01,2026-07,5775,27572,-21796
이라크,2024-01-01,2024-01,132069,615718,-483650
이라크,2024-02-01,2024-02,122128,699083,-576955
이라크,2024-03-01,2024-03,111260,839448,-728188
이라크,2024-04-01,2024-04,115682,576986,-461304
이라크,2024-05-01,2024-05,94251,870389,-776138
이라크,2024-06-01,2024-06,109536,923107,-813572
이라크,2024-07-01,2024-07,109924,695860,-585936
이라크,2024-08-01,2024-08,91353,834025,-742673
이라크,2024-09-01,2024-09,81165,643141,-561976
이라크,2024-10-01,2024-10,93109,692115,-599006
이라크,2024-11-01,2024-11,83182,698062,-614880
이라크,2024-12-01,2024-12,105141,940531,-835390
이라크,2025-01-01,2025-01,99545,792000,-692455
이라크,2025-02-01,2025-02,125244,929492,-804249
이라크,2025-03-01,2025-03,120878,741159,-620281
이라크,2025-04-01,2025-04,99916,918052,-818136
이라크,2025-05-01,2025-05,97966,802670,-704704
이라크,2025-06-01,2025-06,126616,469173,-342557
이라크,2025-07-01,2025-07,119784,703712,-583928
이라크,2025-08-01,2025-08,86824,833480,-746656
이라크,2025-09-01,2025-09,93055,894860,-801805
이라크,2025-10-01,2025-10,178326,746043,-567717
이라크,2025-11-01,2025-11,101512,557804,-456292
이라크,2025-12-01,2025-12,129106,718773,-589666
이라크,2026-01-01,2026-01,105248,623728,-518480
이라크,2026-02-01,2026-02,90539,605816,-515276
이라크,2026-03-01,2026-03,42724,503535,-460811
이라크,2026-04-01,2026-04,54641,611867,-557225
이라크,2026-05-01,2026-05,66203,158805,-92602
이라크,2026-06-01,2026-06,86311,297082,-210771
이라크,2026-07-01,2026-07,94218,98048,-3830
이란,2024-01-01,2024-01,13570,757,12812
이란,2024-02-01,2024-02,12413,421,11992
이란,2024-03-01,2024-03,11101,722,10379
이란,2024-04-01,2024-04,9107,426,8681
이란,2024-05-01,2024-05,17444,941,16503
이란,2024-06-01,2024-06,13880,255,13625
이란,2024-07-01,2024-07,14674,1209,13465
이란,2024-08-01,2024-08,11358,1224,10134
이란,2024-09-01,2024-09,13752,1560,12192
이란,2024-10-01,2024-10,13806,961,12845
이란,2024-11-01,2024-11,11411,132,11279
이란,2024-12-01,2024-12,15108,267,14841
이란,2025-01-01,2025-01,8821,217,8605
이란,2025-02-01,2025-02,11882,44,11837
이란,2025-03-01,2025-03,26599,124,26475
이란,2025-04-01,2025-04,8315,119,8196
이란,2025-05-01,2025-05,13821,234,13587
이란,2025-06-01,2025-06,5368,146,5222
이란,2025-07-01,2025-07,10241,67,10174
이란,2025-08-01,2025-08,9908,128,9779
이란,2025-09-01,2025-09,11429,260,11169
이란,2025-10-01,2025-10,13309,59,13250
이란,2025-11-01,2025-11,8804,206,8598
이란,2025-12-01,2025-12,20344,86,20257
이란,2026-01-01,2026-01,8039,2065,5975
이란,2026-02-01,2026-02,8191,800,7390
이란,2026-03-01,2026-03,998,126,872
이란,2026-04-01,2026-04,1089,146,943
이란,2026-05-01,2026-05,4224,13,4211
이란,2026-06-01,2026-06,4625,126,4499
이란,2026-07-01,2026-07,8298,148,8150
이스라엘,2024-01-01,2024-01,110913,120357,-9444
이스라엘,2024-02-01,2024-02,109878,110476,-598
이스라엘,2024-03-01,2024-03,137781,89920,47861
이스라엘,2024-04-01,2024-04,131532,108918,22614
이스라엘,2024-05-01,2024-05,124317,102777,21539
이스라엘,2024-06-01,2024-06,147343,95799,51543
이스라엘,2024-07-01,2024-07,139225,89241,49984
이스라엘,2024-08-01,2024-08,161394,118846,42549
이스라엘,2024-09-01,2024-09,168301,96931,71370
이스라엘,2024-10-01,2024-10,180141,81758,98383
이스라엘,2024-11-01,2024-11,209558,130282,79276
이스라엘,2024-12-01,2024-12,200704,121441,79263
이스라엘,2025-01-01,2025-01,175268,136296,38973
이스라엘,2025-02-01,2025-02,218570,102612,115957
이스라엘,2025-03-01,2025-03,211388,155700,55689
이스라엘,2025-04-01,2025-04,193196,147817,45379
이스라엘,2025-05-01,2025-05,140594,149157,-8563
이스라엘,2025-06-01,2025-06,151189,83455,67734
이스라엘,2025-07-01,2025-07,100571,119386,-18815
이스라엘,2025-08-01,2025-08,127709,130909,-3199
이스라엘,2025-09-01,2025-09,144817,99355,45462
이스라엘,2025-10-01,2025-10,168537,93178,75359
이스라엘,2025-11-01,2025-11,145745,132396,13349
이스라엘,2025-12-01,2025-12,153889,178435,-24546
이스라엘,2026-01-01,2026-01,157248,122865,34383
이스라엘,2026-02-01,2026-02,121938,126832,-4894
이스라엘,2026-03-01,2026-03,157823,123868,33955
이스라엘,2026-04-01,2026-04,141175,215929,-74754
이스라엘,2026-05-01,2026-05,146860,132789,14071
이스라엘,2026-06-01,2026-06,174166,161465,12701
이스라엘,2026-07-01,2026-07,164077,171752,-7675
이집트,2024-01-01,2024-01,108292,58400,49892
이집트,2024-02-01,2024-02,111399,88467,22932
이집트,2024-03-01,2024-03,119653,4967,114686
이집트,2024-04-01,2024-04,113592,5961,107631
이집트,2024-05-01,2024-05,110507,4666,105841
이집트,2024-06-01,2024-06,87010,4360,82650
이집트,2024-07-01,2024-07,109043,6932,102111
이집트,2024-08-01,2024-08,95880,5127,90754
이집트,2024-09-01,2024-09,147914,5466,142448
이집트,2024-10-01,2024-10,151429,6302,145127
이집트,2024-11-01,2024-11,89506,3879,85627
이집트,2024-12-01,2024-12,122180,7077,115103
이집트,2025-01-01,2025-01,91578,5990,85587
이집트,2025-02-01,2025-02,117239,5045,112194
이집트,2025-03-01,2025-03,129732,5113,124619
이집트,2025-04-01,2025-04,102423,11996,90427
이집트,2025-05-01,2025-05,87295,4849,82446
이집트,2025-06-01,2025-06,182463,3900,178563
이집트,2025-07-01,2025-07,95748,6010,89738
이집트,2025-08-01,2025-08,150177,4796,145381
이집트,2025-09-01,2025-09,175761,5634,170128
이집트,2025-10-01,2025-10,98488,7016,91472
이집트,2025-11-01,2025-11,311929,5974,305955
이집트,2025-12-01,2025-12,125315,5365,119949
이집트,2026-01-01,2026-01,126402,8483,117918
이집트,2026-02-01,2026-02,274132,4396,269736
이집트,2026-03-01,2026-03,142420,47876,94544
이집트,2026-04-01,2026-04,275987,18850,257137
이집트,2026-05-01,2026-05,147656,83314,64342
이집트,2026-06-01,2026-06,152815,5085,147730
이집트,2026-07-01,2026-07,272662,10763,261898
이탈리아,2024-01-01,2024-01,374975,665370,-290394
이탈리아,2024-02-01,2024-02,397850,602866,-205016
이탈리아,2024-03-01,2024-03,412695,735552,-322858
이탈리아,2024-04-01,2024-04,492779,688898,-196119
이탈리아,2024-05-01,2024-05,403686,632275,-228589
이탈리아,2024-06-01,2024-06,353808,659887,-306079
이탈리아,2024-07-01,2024-07,429985,701332,-271347
이탈리아,2024-08-01,2024-08,468926,583947,-115021
이탈리아,2024-09-01,2024-09,355046,599688,-244642
이탈리아,2024-10-01,2024-10,366221,685088,-318867
이탈리아,2024-11-01,2024-11,415595,547245,-131649
이탈리아,2024-12-01,2024-12,500559,622574,-122015
이탈리아,2025-01-01,2025-01,336927,461177,-124250
이탈리아,2025-02-01,2025-02,375760,588205,-212445
이탈리아,2025-03-01,2025-03,393476,564306,-170830
이탈리아,2025-04-01,2025-04,419834,544067,-124233
이탈리아,2025-05-01,2025-05,388095,579325,-191231
이탈리아,2025-06-01,2025-06,356274,903353,-547078
이탈리아,2025-07-01,2025-07,419840,677368,-257528
이탈리아,2025-08-01,2025-08,340169,580726,-240557
이탈리아,2025-09-01,2025-09,431980,774986,-343006
이탈리아,2025-10-01,2025-10,311360,708841,-397482
이탈리아,2025-11-01,2025-11,301986,771408,-469422
이탈리아,2025-12-01,2025-12,429905,746056,-316150
이탈리아,2026-01-01,2026-01,407644,624977,-217333
이탈리아,2026-02-01,2026-02,393665,636400,-242734
이탈리아,2026-03-01,2026-03,492570,885304,-392734
이탈리아,2026-04-01,2026-04,468192,692920,-224728
이탈리아,2026-05-01,2026-05,433549,720147,-286598
이탈리아,2026-06-01,2026-06,422331,761530,-339200
이탈리아,2026-07-01,2026-07,427570,734768,-307199
인도,2024-01-01,2024-01,1538078,543856,994222
인도,2024-02-01,2024-02,1474545,557306,917240
인도,2024-03-01,2024-03,1512489,497623,1014865
인도,2024-04-01,2024-04,1568004,520352,1047652
인도,2024-05-01,2024-05,1678333,478547,1199786
인도,2024-06-01,2024-06,1554083,517580,1036503
인도,2024-07-01,2024-07,1616303,570074,1046229
인도,2024-08-01,2024-08,1636206,584789,1051417
인도,2024-09-01,2024-09,1469018,427293,1041725
인도,2024-10-01,2024-10,1511925,544731,967193
인도,2024-11-01,2024-11,1452203,554599,897604
인도,2024-12-01,2024-12,1684867,634573,1050293
인도,2025-01-01,2025-01,1463921,535824,928097
인도,2025-02-01,2025-02,1595804,539825,1055979
인도,2025-03-01,2025-03,1502347,592525,909822
인도,2025-04-01,2025-04,1702787,504824,1197963
인도,2025-05-01,2025-05,1615438,628280,987158
인도,2025-06-01,2025-06,1582585,480172,1102413
인도,2025-07-01,2025-07,1781514,505445,1276069
인도,2025-08-01,2025-08,1591153,538802,1052351
인도,2025-09-01,2025-09,1721596,626758,1094837
인도,2025-10-01,2025-10,1477351,519715,957636
인도,2025-11-01,2025-11,1477040,430629,1046411
인도,2025-12-01,2025-12,1719210,518728,1200482
인도,2026-01-01,2026-01,1684688,525074,1159614
인도,2026-02-01,2026-02,1739790,453648,1286142
인도,2026-03-01,2026-03,1966478,634089,1332389
인도,2026-04-01,2026-04,2416741,698212,1718529
인도,2026-05-01,2026-05,1955195,652952,1302243
인도,2026-06-01,2026-06,2104346,774957,1329389
인도,2026-07-01,2026-07,2583451,728278,1855173
인도네시아,2024-01-01,2024-01,614796,1337315,-722519
인도네시아,2024-02-01,2024-02,681344,1066665,-385321
인도네시아,2024-03-01,2024-03,495931,1028617,-532686
인도네시아,2024-04-01,2024-04,650345,1077470,-427124
인도네시아,2024-05-01,2024-05,679128,1084435,-405307
인도네시아,2024-06-01,2024-06,715609,814901,-99292
인도네시아,2024-07-01,2024-07,758552,954830,-196278
인도네시아,2024-08-01,2024-08,755965,1203242,-447277
인도네시아,2024-09-01,2024-09,593777,1108703,-514926
인도네시아,2024-10-01,2024-10,717415,987644,-270229
인도네시아,2024-11-01,2024-11,655072,1031879,-376807
인도네시아,2024-12-01,2024-12,630316,868623,-238307
인도네시아,2025-01-01,2025-01,551655,1114629,-562974
인도네시아,2025-02-01,2025-02,674768,985494,-310726
인도네시아,2025-03-01,2025-03,537114,802101,-264987
인도네시아,2025-04-01,2025-04,708664,881235,-172571
인도네시아,2025-05-01,2025-05,567590,863718,-296128
인도네시아,2025-06-01,2025-06,531999,958923,-426924
인도네시아,2025-07-01,2025-07,603202,940986,-337784
인도네시아,2025-08-01,2025-08,526704,911237,-384533
인도네시아,2025-09-01,2025-09,599882,1026768,-426886
인도네시아,2025-10-01,2025-10,554478,815030,-260552
인도네시아,2025-11-01,2025-11,552242,812708,-260466
인도네시아,2025-12-01,2025-12,586435,1191102,-604666
인도네시아,2026-01-01,2026-01,662361,1105099,-442738
인도네시아,2026-02-01,2026-02,547352,916517,-369165
인도네시아,2026-03-01,2026-03,668531,992613,-324081
인도네시아,2026-04-01,2026-04,909174,855425,53749
인도네시아,2026-05-01,2026-05,912941,887287,25654
인도네시아,2026-06-01,2026-06,846839,949493,-102654
인도네시아,2026-07-01,2026-07,843850,1147470,-303619
일본,2024-01-01,2024-01,2542909,3755031,-1212122
일본,2024-02-01,2024-02,2374211,3722298,-1348087
일본,2024-03-01,2024-03,2127249,4080885,-1953637
일본,2024-04-01,2024-04,2438708,4130443,-1691736
일본,2024-05-01,2024-05,2606050,3443526,-837476
일본,2024-06-01,2024-06,2382041,3507948,-1125908
일본,2024-07-01,2024-07,2597690,4107365,-1509675
일본,2024-08-01,2024-08,2500141,3914421,-1414279
일본,2024-09-01,2024-09,2478851,4085613,-1606762
일본,2024-10-01,2024-10,2423573,4378339,-1954765
일본,2024-11-01,2024-11,2491515,3991867,-1500352
일본,2024-12-01,2024-12,2644228,4476095,-1831867
일본,2025-01-01,2025-01,2363797,3587345,-1223548
일본,2025-02-01,2025-02,2265014,4192448,-1927434
일본,2025-03-01,2025-03,2158842,4579729,-2420888
일본,2025-04-01,2025-04,2304321,4477625,-2173303
일본,2025-05-01,2025-05,2372099,3558731,-1186633
일본,2025-06-01,2025-06,2440273,4054965,-1614693
일본,2025-07-01,2025-07,2483646,4103441,-1619795
일본,2025-08-01,2025-08,2376746,3626223,-1249477
일본,2025-09-01,2025-09,2560674,4266280,-1705607
일본,2025-10-01,2025-10,2219360,3853664,-1634304
일본,2025-11-01,2025-11,2306195,3934707,-1628512
일본,2025-12-01,2025-12,2456896,4673371,-2216475
일본,2026-01-01,2026-01,2245851,3900671,-1654820
일본,2026-02-01,2026-02,2392260,3980504,-1588244
일본,2026-03-01,2026-03,2918759,5111054,-2192296
일본,2026-04-01,2026-04,2981619,4496152,-1514533
일본,2026-05-01,2026-05,2640922,4292956,-1652034
일본,2026-06-01,2026-06,2797701,4987562,-2189861
일본,2026-07-01,2026-07,2753565,4904968,-2151403
자마이카,2024-01-01,2024-01,3334,7,3328
자마이카,2024-02-01,2024-02,4804,1,4803
자마이카,2024-03-01,2024-03,2567,121,2446
자마이카,2024-04-01,2024-04,3158,32,3126
자마이카,2024-05-01,2024-05,3226,172,3053
자마이카,2024-06-01,2024-06,2769,124,2645
자마이카,2024-07-01,2024-07,3573,103,3470
자마이카,2024-08-01,2024-08,7726,0,7726
자마이카,2024-09-01,2024-09,2250,2,2248
자마이카,2024-10-01,2024-10,2322,1,2321
자마이카,2024-11-01,2024-11,2460,39803,-37343
자마이카,2024-12-01,2024-12,2585,1,2585
자마이카,2025-01-01,2025-01,2841,77,2764
자마이카,2025-02-01,2025-02,3055,448,2607
자마이카,2025-03-01,2025-03,3381,238,3143
자마이카,2025-04-01,2025-04,2311,117,2194
자마이카,2025-05-01,2025-05,2348,1047,1301
자마이카,2025-06-01,2025-06,3337,1042,2295
자마이카,2025-07-01,2025-07,3718,1370,2347
자마이카,2025-08-01,2025-08,2608,549,2059
자마이카,2025-09-01,2025-09,2216,523,1694
자마이카,2025-10-01,2025-10,2012,724,1289
자마이카,2025-11-01,2025-11,1233,883,350
자마이카,2025-12-01,2025-12,2158,23,2135
자마이카,2026-01-01,2026-01,1243,1959,-716
자마이카,2026-02-01,2026-02,680,1615,-935
자마이카,2026-03-01,2026-03,1709,3,1706
자마이카,2026-04-01,2026-04,2202,1023,1179
자마이카,2026-05-01,2026-05,2118,986,1132
자마이카,2026-06-01,2026-06,1673,660,1013
자마이카,2026-07-01,2026-07,2105,580,1525
자이르,2024-01-01,2024-01,0,0,0
자이르,2024-02-01,2024-02,0,0,0
자이르,2024-03-01,2024-03,0,0,0
자이르,2024-04-01,2024-04,0,0,0
자이르,2024-05-01,2024-05,0,0,0
자이르,2024-06-01,2024-06,0,0,0
자이르,2024-07-01,2024-07,0,0,0
자이르,2024-08-01,2024-08,0,0,0
자이르,2024-09-01,2024-09,0,0,0
자이르,2024-10-01,2024-10,0,0,0
자이르,2024-11-01,2024-11,0,0,0
자이르,2024-12-01,2024-12,0,0,0
자이르,2025-01-01,2025-01,0,0,0
자이르,2025-02-01,2025-02,0,0,0
자이르,2025-03-01,2025-03,0,0,0
자이르,2025-04-01,2025-04,0,0,0
자이르,2025-05-01,2025-05,0,0,0
자이르,2025-06-01,2025-06,0,0,0
자이르,2025-07-01,2025-07,0,0,0
자이르,2025-08-01,2025-08,0,0,0
자이르,2025-09-01,2025-09,0,0,0
자이르,2025-10-01,2025-10,0,0,0
자이르,2025-11-01,2025-11,0,0,0
자이르,2025-12-01,2025-12,0,0,0
자이르,2026-01-01,2026-01,0,0,0
자이르,2026-02-01,2026-02,0,0,0
자이르,2026-03-01,2026-03,0,0,0
자이르,2026-04-01,2026-04,0,0,0
자이르,2026-05-01,2026-05,0,0,0
자이르,2026-06-01,2026-06,0,0,0
자이르,2026-07-01,2026-07,0,0,0
잠비아,2024-01-01,2024-01,1932,4078,-2147
잠비아,2024-02-01,2024-02,1721,4083,-2361
잠비아,2024-03-01,2024-03,5644,2931,2713
잠비아,2024-04-01,2024-04,2340,30,2310
잠비아,2024-05-01,2024-05,884,968,-83
잠비아,2024-06-01,2024-06,1177,2401,-1224
잠비아,2024-07-01,2024-07,1142,103,1039
잠비아,2024-08-01,2024-08,1428,1903,-475
잠비아,2024-09-01,2024-09,2538,3144,-605
잠비아,2024-10-01,2024-10,1581,2373,-792
잠비아,2024-11-01,2024-11,1932,1627,304
잠비아,2024-12-01,2024-12,1946,4070,-2124
잠비아,2025-01-01,2025-01,1168,4441,-3273
잠비아,2025-02-01,2025-02,1711,6476,-4764
잠비아,2025-03-01,2025-03,1556,32642,-31086
잠비아,2025-04-01,2025-04,2076,6637,-4561
잠비아,2025-05-01,2025-05,1306,10533,-9227
잠비아,2025-06-01,2025-06,2190,3653,-1463
잠비아,2025-07-01,2025-07,2256,13406,-11149
잠비아,2025-08-01,2025-08,1279,5016,-3737
잠비아,2025-09-01,2025-09,8025,1605,6420
잠비아,2025-10-01,2025-10,3760,3995,-235
잠비아,2025-11-01,2025-11,2686,15570,-12884
잠비아,2025-12-01,2025-12,1970,16975,-15005
잠비아,2026-01-01,2026-01,1796,26766,-24971
잠비아,2026-02-01,2026-02,4811,21895,-17084
잠비아,2026-03-01,2026-03,2422,26339,-23917
잠비아,2026-04-01,2026-04,1057,15367,-14310
잠비아,2026-05-01,2026-05,1067,12724,-11657
잠비아,2026-06-01,2026-06,1273,13810,-12538
잠비아,2026-07-01,2026-07,4617,11814,-7197
저어지,2024-01-01,2024-01,0,0,0
저어지,2024-02-01,2024-02,1,0,1
저어지,2024-03-01,2024-03,0,0,0
저어지,2024-04-01,2024-04,0,0,0
저어지,2024-05-01,2024-05,42,2,40
저어지,2024-06-01,2024-06,1,0,0
저어지,2024-07-01,2024-07,0,0,0
저어지,2024-08-01,2024-08,0,0,0
저어지,2024-09-01,2024-09,0,0,0
저어지,2024-10-01,2024-10,0,0,0
저어지,2024-11-01,2024-11,0,0,0
저어지,2024-12-01,2024-12,1,1,0
저어지,2025-01-01,2025-01,0,0,0
저어지,2025-02-01,2025-02,0,0,0
저어지,2025-03-01,2025-03,0,0,0
저어지,2025-04-01,2025-04,0,0,0
저어지,2025-05-01,2025-05,0,0,0
저어지,2025-06-01,2025-06,0,0,0
저어지,2025-07-01,2025-07,1,2,0
저어지,2025-08-01,2025-08,0,0,0
저어지,2025-09-01,2025-09,0,0,0
저어지,2025-10-01,2025-10,0,0,0
저어지,2025-11-01,2025-11,0,1,-1
저어지,2025-12-01,2025-12,0,0,0
저어지,2026-01-01,2026-01,0,0,0
저어지,2026-02-01,2026-02,0,0,0
저어지,2026-03-01,2026-03,0,2,-1
저어지,2026-04-01,2026-04,0,1,-1
저어지,2026-05-01,2026-05,0,0,0
저어지,2026-06-01,2026-06,0,0,0
저어지,2026-07-01,2026-07,1,4,-3
적도 기니,2024-01-01,2024-01,276,77929,-77652
적도 기니,2024-02-01,2024-02,12,35118,-35106
적도 기니,2024-03-01,2024-03,601,0,601
적도 기니,2024-04-01,2024-04,71,0,71
적도 기니,2024-05-01,2024-05,249,0,249
적도 기니,2024-06-01,2024-06,418,0,418
적도 기니,2024-07-01,2024-07,569,0,569
적도 기니,2024-08-01,2024-08,632,38702,-38071
적도 기니,2024-09-01,2024-09,879,0,879
적도 기니,2024-10-01,2024-10,929,37232,-36303
적도 기니,2024-11-01,2024-11,781,0,781
적도 기니,2024-12-01,2024-12,1660,0,1660
적도 기니,2025-01-01,2025-01,237,82,155
적도 기니,2025-02-01,2025-02,2020,0,2020
적도 기니,2025-03-01,2025-03,136,46,90
적도 기니,2025-04-01,2025-04,749,95852,-95103
적도 기니,2025-05-01,2025-05,778,18,759
적도 기니,2025-06-01,2025-06,134,32542,-32408
적도 기니,2025-07-01,2025-07,872,78398,-77526
적도 기니,2025-08-01,2025-08,768,86783,-86015
적도 기니,2025-09-01,2025-09,382,0,381
적도 기니,2025-10-01,2025-10,223,36030,-35807
적도 기니,2025-11-01,2025-11,1609,3,1607
적도 기니,2025-12-01,2025-12,1322,0,1322
적도 기니,2026-01-01,2026-01,720,1,719
적도 기니,2026-02-01,2026-02,894,35763,-34869
적도 기니,2026-03-01,2026-03,386,35085,-34699
적도 기니,2026-04-01,2026-04,519,53205,-52686
적도 기니,2026-05-01,2026-05,165,69083,-68918
적도 기니,2026-06-01,2026-06,731,54039,-53307
적도 기니,2026-07-01,2026-07,496,124094,-123597
조지아,2024-01-01,2024-01,9864,2119,7746
조지아,2024-02-01,2024-02,13821,2190,11631
조지아,2024-03-01,2024-03,15269,2595,12674
조지아,2024-04-01,2024-04,12504,1155,11350
조지아,2024-05-01,2024-05,12686,2959,9727
조지아,2024-06-01,2024-06,13308,653,12655
조지아,2024-07-01,2024-07,12040,1062,10978
조지아,2024-08-01,2024-08,12176,1818,10357
조지아,2024-09-01,2024-09,8982,315,8667
조지아,2024-10-01,2024-10,12328,566,11763
조지아,2024-11-01,2024-11,11055,779,10275
조지아,2024-12-01,2024-12,9694,1309,8384
조지아,2025-01-01,2025-01,9883,615,9268
조지아,2025-02-01,2025-02,13380,524,12856
조지아,2025-03-01,2025-03,11170,1038,10131
조지아,2025-04-01,2025-04,11826,977,10848
조지아,2025-05-01,2025-05,11096,506,10590
조지아,2025-06-01,2025-06,11595,1012,10583
조지아,2025-07-01,2025-07,14223,1655,12568
조지아,2025-08-01,2025-08,9990,319,9671
조지아,2025-09-01,2025-09,11107,2096,9011
조지아,2025-10-01,2025-10,9183,393,8790
조지아,2025-11-01,2025-11,7337,2180,5157
조지아,2025-12-01,2025-12,12606,1110,11496
조지아,2026-01-01,2026-01,8213,467,7746
조지아,2026-02-01,2026-02,11575,2548,9027
조지아,2026-03-01,2026-03,21247,1336,19910
조지아,2026-04-01,2026-04,14378,2064,12314
조지아,2026-05-01,2026-05,14868,16994,-2126
조지아,2026-06-01,2026-06,13085,7513,5572
조지아,2026-07-01,2026-07,15296,26102,-10806
존스톤 아일랜드,2024-01-01,2024-01,0,0,0
존스톤 아일랜드,2024-02-01,2024-02,0,0,0
존스톤 아일랜드,2024-03-01,2024-03,0,0,0
존스톤 아일랜드,2024-04-01,2024-04,0,0,0
존스톤 아일랜드,2024-05-01,2024-05,0,0,0
존스톤 아일랜드,2024-06-01,2024-06,0,0,0
존스톤 아일랜드,2024-07-01,2024-07,0,0,0
존스톤 아일랜드,2024-08-01,2024-08,0,0,0
존스톤 아일랜드,2024-09-01,2024-09,0,0,0
존스톤 아일랜드,2024-10-01,2024-10,0,0,0
존스톤 아일랜드,2024-11-01,2024-11,0,0,0
존스톤 아일랜드,2024-12-01,2024-12,0,0,0
존스톤 아일랜드,2025-01-01,2025-01,0,0,0
존스톤 아일랜드,2025-02-01,2025-02,0,0,0
존스톤 아일랜드,2025-03-01,2025-03,0,0,0
존스톤 아일랜드,2025-04-01,2025-04,0,0,0
존스톤 아일랜드,2025-05-01,2025-05,0,0,0
존스톤 아일랜드,2025-06-01,2025-06,0,0,0
존스톤 아일랜드,2025-07-01,2025-07,0,0,0
존스톤 아일랜드,2025-08-01,2025-08,0,0,0
존스톤 아일랜드,2025-09-01,2025-09,0,0,0
존스톤 아일랜드,2025-10-01,2025-10,0,0,0
존스톤 아일랜드,2025-11-01,2025-11,0,0,0
존스톤 아일랜드,2025-12-01,2025-12,0,0,0
존스톤 아일랜드,2026-01-01,2026-01,0,0,0
존스톤 아일랜드,2026-02-01,2026-02,0,0,0
존스톤 아일랜드,2026-03-01,2026-03,0,0,0
존스톤 아일랜드,2026-04-01,2026-04,0,0,0
존스톤 아일랜드,2026-05-01,2026-05,0,0,0
존스톤 아일랜드,2026-06-01,2026-06,0,0,0
존스톤 아일랜드,2026-07-01,2026-07,0,0,0
중국,2024-01-01,2024-01,10695827,12396980,-1701153
중국,2024-02-01,2024-02,9644037,9429123,214914
중국,2024-03-01,2024-03,10520355,11409748,-889393
중국,2024-04-01,2024-04,10475410,12425106,-1949696
중국,2024-05-01,2024-05,11378217,12287459,-909242
중국,2024-06-01,2024-06,10706131,10941026,-234895
중국,2024-07-01,2024-07,11388071,11942846,-554775
중국,2024-08-01,2024-08,11340799,11482791,-141992
중국,2024-09-01,2024-09,11626573,11221400,405173
중국,2024-10-01,2024-10,12172811,12513916,-341105
중국,2024-11-01,2024-11,11290362,11445747,-155385
중국,2024-12-01,2024-12,11772793,12382340,-609547
중국,2025-01-01,2025-01,9204172,11208793,-2004621
중국,2025-02-01,2025-02,9505605,9485141,20464
중국,2025-03-01,2025-03,10057086,11377002,-1319916
중국,2025-04-01,2025-04,10870289,12504100,-1633812
중국,2025-05-01,2025-05,10446428,11339130,-892702
중국,2025-06-01,2025-06,10424044,11498332,-1074288
중국,2025-07-01,2025-07,11047812,12422355,-1374543
중국,2025-08-01,2025-08,10990269,11556618,-566349
중국,2025-09-01,2025-09,11679519,13508598,-1829079
중국,2025-10-01,2025-10,11551156,11359093,192064
중국,2025-11-01,2025-11,12040141,11962698,77443
중국,2025-12-01,2025-12,12964961,13729115,-764154
중국,2026-01-01,2026-01,13527393,13189580,337812
중국,2026-02-01,2026-02,12778487,11634017,1144469
중국,2026-03-01,2026-03,16685519,14126113,2559406
중국,2026-04-01,2026-04,17665775,15590891,2074884
중국,2026-05-01,2026-05,18883274,15097201,3786072
중국,2026-06-01,2026-06,20002319,16422805,3579514
중국,2026-07-01,2026-07,21681184,16317852,5363331
중립지대,2024-01-01,2024-01,0,0,0
중립지대,2024-02-01,2024-02,0,0,0
중립지대,2024-03-01,2024-03,0,0,0
중립지대,2024-04-01,2024-04,0,0,0
중립지대,2024-05-01,2024-05,0,0,0
중립지대,2024-06-01,2024-06,0,0,0
중립지대,2024-07-01,2024-07,0,0,0
중립지대,2024-08-01,2024-08,0,0,0
중립지대,2024-09-01,2024-09,0,0,0
중립지대,2024-10-01,2024-10,0,0,0
중립지대,2024-11-01,2024-11,0,0,0
중립지대,2024-12-01,2024-12,0,0,0
중립지대,2025-01-01,2025-01,0,0,0
중립지대,2025-02-01,2025-02,0,0,0
중립지대,2025-03-01,2025-03,0,0,0
중립지대,2025-04-01,2025-04,0,0,0
중립지대,2025-05-01,2025-05,0,0,0
중립지대,2025-06-01,2025-06,0,0,0
중립지대,2025-07-01,2025-07,0,0,0
중립지대,2025-08-01,2025-08,0,0,0
중립지대,2025-09-01,2025-09,0,0,0
중립지대,2025-10-01,2025-10,0,0,0
중립지대,2025-11-01,2025-11,0,0,0
중립지대,2025-12-01,2025-12,0,0,0
중립지대,2026-01-01,2026-01,0,0,0
중립지대,2026-02-01,2026-02,0,0,0
중립지대,2026-03-01,2026-03,0,0,0
중립지대,2026-04-01,2026-04,0,0,0
중립지대,2026-05-01,2026-05,0,0,0
중립지대,2026-06-01,2026-06,0,0,0
중립지대,2026-07-01,2026-07,0,0,0
중앙아프리카공화국,2024-01-01,2024-01,1,0,1
중앙아프리카공화국,2024-02-01,2024-02,2,0,2
중앙아프리카공화국,2024-03-01,2024-03,9,0,9
중앙아프리카공화국,2024-04-01,2024-04,156,3,153
중앙아프리카공화국,2024-05-01,2024-05,73,0,73
중앙아프리카공화국,2024-06-01,2024-06,15,0,15
중앙아프리카공화국,2024-07-01,2024-07,282,0,282
중앙아프리카공화국,2024-08-01,2024-08,0,0,0
중앙아프리카공화국,2024-09-01,2024-09,1,15,-14
중앙아프리카공화국,2024-10-01,2024-10,210,2,208
중앙아프리카공화국,2024-11-01,2024-11,0,1,-1
중앙아프리카공화국,2024-12-01,2024-12,0,0,0
중앙아프리카공화국,2025-01-01,2025-01,20,28,-8
중앙아프리카공화국,2025-02-01,2025-02,552,0,552
중앙아프리카공화국,2025-03-01,2025-03,0,0,0
중앙아프리카공화국,2025-04-01,2025-04,1,0,1
중앙아프리카공화국,2025-05-01,2025-05,248,1,247
중앙아프리카공화국,2025-06-01,2025-06,14,0,14
중앙아프리카공화국,2025-07-01,2025-07,1,0,1
중앙아프리카공화국,2025-08-01,2025-08,366,0,366
중앙아프리카공화국,2025-09-01,2025-09,41,0,41
중앙아프리카공화국,2025-10-01,2025-10,0,0,0
중앙아프리카공화국,2025-11-01,2025-11,116,0,116
중앙아프리카공화국,2025-12-01,2025-12,3,0,3
중앙아프리카공화국,2026-01-01,2026-01,0,0,0
중앙아프리카공화국,2026-02-01,2026-02,0,0,0
중앙아프리카공화국,2026-03-01,2026-03,0,0,0
중앙아프리카공화국,2026-04-01,2026-04,83,0,83
중앙아프리카공화국,2026-05-01,2026-05,0,0,0
중앙아프리카공화국,2026-06-01,2026-06,0,64,-64
중앙아프리카공화국,2026-07-01,2026-07,0,0,0
지부티,2024-01-01,2024-01,1357,7,1350
지부티,2024-02-01,2024-02,1473,0,1473
지부티,2024-03-01,2024-03,4030,0,4030
지부티,2024-04-01,2024-04,3139,5,3133
지부티,2024-05-01,2024-05,3335,0,3335
지부티,2024-06-01,2024-06,3752,0,3752
지부티,2024-07-01,2024-07,1817,248,1569
지부티,2024-08-01,2024-08,2830,0,2830
지부티,2024-09-01,2024-09,2283,4,2279
지부티,2024-10-01,2024-10,5522,0,5522
지부티,2024-11-01,2024-11,3696,0,3696
지부티,2024-12-01,2024-12,6117,0,6117
지부티,2025-01-01,2025-01,8239,41,8198
지부티,2025-02-01,2025-02,2347,0,2347
지부티,2025-03-01,2025-03,1327,697,630
지부티,2025-04-01,2025-04,3496,684,2813
지부티,2025-05-01,2025-05,12402,707,11695
지부티,2025-06-01,2025-06,10374,3,10371
지부티,2025-07-01,2025-07,10700,181,10520
지부티,2025-08-01,2025-08,14712,3,14709
지부티,2025-09-01,2025-09,20564,5,20559
지부티,2025-10-01,2025-10,13494,3,13491
지부티,2025-11-01,2025-11,17842,2,17840
지부티,2025-12-01,2025-12,20542,255,20286
지부티,2026-01-01,2026-01,33469,4,33466
지부티,2026-02-01,2026-02,17460,323,17137
지부티,2026-03-01,2026-03,15415,7,15408
지부티,2026-04-01,2026-04,25512,0,25512
지부티,2026-05-01,2026-05,22191,4,22188
지부티,2026-06-01,2026-06,20247,196,20052
지부티,2026-07-01,2026-07,10502,0,10502
지브랄타,2024-01-01,2024-01,169,1,168
지브랄타,2024-02-01,2024-02,33,0,33
지브랄타,2024-03-01,2024-03,67,0,67
지브랄타,2024-04-01,2024-04,5,0,5
지브랄타,2024-05-01,2024-05,77350,1,77349
지브랄타,2024-06-01,2024-06,77527,108,77419
지브랄타,2024-07-01,2024-07,768,0,767
지브랄타,2024-08-01,2024-08,44541,1,44540
지브랄타,2024-09-01,2024-09,39,301,-262
지브랄타,2024-10-01,2024-10,436,1,435
지브랄타,2024-11-01,2024-11,390,1,390
지브랄타,2024-12-01,2024-12,430,0,430
지브랄타,2025-01-01,2025-01,16,0,16
지브랄타,2025-02-01,2025-02,33,0,33
지브랄타,2025-03-01,2025-03,230,0,230
지브랄타,2025-04-01,2025-04,2,0,2
지브랄타,2025-05-01,2025-05,179,0,179
지브랄타,2025-06-01,2025-06,734,0,734
지브랄타,2025-07-01,2025-07,443,0,443
지브랄타,2025-08-01,2025-08,286,0,286
지브랄타,2025-09-01,2025-09,278,55,223
지브랄타,2025-10-01,2025-10,202,0,202
지브랄타,2025-11-01,2025-11,345,1,344
지브랄타,2025-12-01,2025-12,313,0,313
지브랄타,2026-01-01,2026-01,73,0,73
지브랄타,2026-02-01,2026-02,7,1,6
지브랄타,2026-03-01,2026-03,302,1,301
지브랄타,2026-04-01,2026-04,219,2,216
지브랄타,2026-05-01,2026-05,76,4,72
지브랄타,2026-06-01,2026-06,7,0,7
지브랄타,2026-07-01,2026-07,293,0,293
짐바브웨,2024-01-01,2024-01,4311,8559,-4248
짐바브웨,2024-02-01,2024-02,2361,347,2014
짐바브웨,2024-03-01,2024-03,1460,2251,-792
짐바브웨,2024-04-01,2024-04,1785,2955,-1170
짐바브웨,2024-05-01,2024-05,1653,677,976
짐바브웨,2024-06-01,2024-06,1973,675,1298
짐바브웨,2024-07-01,2024-07,3201,1153,2048
짐바브웨,2024-08-01,2024-08,1731,973,758
짐바브웨,2024-09-01,2024-09,2721,626,2094
짐바브웨,2024-10-01,2024-10,2221,1256,965
짐바브웨,2024-11-01,2024-11,2385,734,1650
짐바브웨,2024-12-01,2024-12,2701,57,2644
짐바브웨,2025-01-01,2025-01,1056,673,383
짐바브웨,2025-02-01,2025-02,1469,3966,-2496
짐바브웨,2025-03-01,2025-03,2276,4512,-2236
짐바브웨,2025-04-01,2025-04,2540,3611,-1071
짐바브웨,2025-05-01,2025-05,2283,652,1630
짐바브웨,2025-06-01,2025-06,1996,137,1858
짐바브웨,2025-07-01,2025-07,2049,1916,132
짐바브웨,2025-08-01,2025-08,2640,1485,1155
짐바브웨,2025-09-01,2025-09,2601,306,2295
짐바브웨,2025-10-01,2025-10,2560,195,2365
짐바브웨,2025-11-01,2025-11,2217,822,1395
짐바브웨,2025-12-01,2025-12,4143,1022,3120
짐바브웨,2026-01-01,2026-01,3756,1334,2421
짐바브웨,2026-02-01,2026-02,4756,716,4040
짐바브웨,2026-03-01,2026-03,4204,2483,1721
짐바브웨,2026-04-01,2026-04,2586,492,2094
짐바브웨,2026-05-01,2026-05,4166,2159,2007
짐바브웨,2026-06-01,2026-06,4100,294,3806
짐바브웨,2026-07-01,2026-07,2827,1160,1668
챠드,2024-01-01,2024-01,316,0,316
챠드,2024-02-01,2024-02,45,0,44
챠드,2024-03-01,2024-03,0,0,0
챠드,2024-04-01,2024-04,893,0,893
챠드,2024-05-01,2024-05,71,0,71
챠드,2024-06-01,2024-06,92,0,92
챠드,2024-07-01,2024-07,164,0,164
챠드,2024-08-01,2024-08,164,393,-229
챠드,2024-09-01,2024-09,265,0,265
챠드,2024-10-01,2024-10,860,0,860
챠드,2024-11-01,2024-11,0,0,0
챠드,2024-12-01,2024-12,496,0,496
챠드,2025-01-01,2025-01,18,0,18
챠드,2025-02-01,2025-02,41,0,41
챠드,2025-03-01,2025-03,5,0,5
챠드,2025-04-01,2025-04,397,0,397
챠드,2025-05-01,2025-05,1142,0,1142
챠드,2025-06-01,2025-06,315,0,315
챠드,2025-07-01,2025-07,245,0,245
챠드,2025-08-01,2025-08,1941,0,1941
챠드,2025-09-01,2025-09,1009,5,1003
챠드,2025-10-01,2025-10,28,1,27
챠드,2025-11-01,2025-11,744,0,744
챠드,2025-12-01,2025-12,572,0,572
챠드,2026-01-01,2026-01,79,0,79
챠드,2026-02-01,2026-02,1321,0,1321
챠드,2026-03-01,2026-03,56,0,55
챠드,2026-04-01,2026-04,631,0,631
챠드,2026-05-01,2026-05,623,0,623
챠드,2026-06-01,2026-06,1009,0,1008
챠드,2026-07-01,2026-07,34,0,34
체코공화국,2024-01-01,2024-01,275674,85034,190639
체코공화국,2024-02-01,2024-02,294309,101608,192700
체코공화국,2024-03-01,2024-03,303005,102089,200916
체코공화국,2024-04-01,2024-04,276636,122089,154547
체코공화국,2024-05-01,2024-05,288015,86719,201296
체코공화국,2024-06-01,2024-06,218006,94193,123813
체코공화국,2024-07-01,2024-07,292363,137741,154622
체코공화국,2024-08-01,2024-08,283773,91132,192641
체코공화국,2024-09-01,2024-09,295627,139151,156476
체코공화국,2024-10-01,2024-10,280971,141584,139387
체코공화국,2024-11-01,2024-11,251713,117725,133988
체코공화국,2024-12-01,2024-12,269489,145699,123790
체코공화국,2025-01-01,2025-01,281161,78232,202929
체코공화국,2025-02-01,2025-02,304913,90350,214564
체코공화국,2025-03-01,2025-03,295076,92163,202913
체코공화국,2025-04-01,2025-04,340865,131787,209078
체코공화국,2025-05-01,2025-05,231881,97173,134707
체코공화국,2025-06-01,2025-06,274760,129231,145528
체코공화국,2025-07-01,2025-07,351975,105271,246704
체코공화국,2025-08-01,2025-08,294339,79484,214855
체코공화국,2025-09-01,2025-09,291441,120365,171076
체코공화국,2025-10-01,2025-10,255131,84637,170494
체코공화국,2025-11-01,2025-11,319006,71004,248003
체코공화국,2025-12-01,2025-12,265350,197165,68186
체코공화국,2026-01-01,2026-01,217817,95031,122786
체코공화국,2026-02-01,2026-02,257316,232636,24680
체코공화국,2026-03-01,2026-03,361029,158905,202124
체코공화국,2026-04-01,2026-04,371277,145425,225852
체코공화국,2026-05-01,2026-05,379222,136354,242868
체코공화국,2026-06-01,2026-06,370566,104260,266306
체코공화국,2026-07-01,2026-07,363607,118187,245420
칠레,2024-01-01,2024-01,167814,280609,-112795
칠레,2024-02-01,2024-02,177127,552800,-375673
칠레,2024-03-01,2024-03,107911,464697,-356786
칠레,2024-04-01,2024-04,114374,413111,-298738
칠레,2024-05-01,2024-05,80003,576656,-496652
칠레,2024-06-01,2024-06,78542,414570,-336028
칠레,2024-07-01,2024-07,89706,420023,-330317
칠레,2024-08-01,2024-08,145693,357046,-211353
칠레,2024-09-01,2024-09,164516,488236,-323720
칠레,2024-10-01,2024-10,127961,370215,-242255
칠레,2024-11-01,2024-11,124504,258610,-134106
칠레,2024-12-01,2024-12,102205,360750,-258545
칠레,2025-01-01,2025-01,123920,366209,-242289
칠레,2025-02-01,2025-02,119174,260064,-140890
칠레,2025-03-01,2025-03,157369,475593,-318224
칠레,2025-04-01,2025-04,136729,546553,-409823
칠레,2025-05-01,2025-05,107525,362960,-255436
칠레,2025-06-01,2025-06,95302,367184,-271881
칠레,2025-07-01,2025-07,182472,426377,-243905
칠레,2025-08-01,2025-08,156573,266548,-109975
칠레,2025-09-01,2025-09,256668,433210,-176543
칠레,2025-10-01,2025-10,86957,377734,-290777
칠레,2025-11-01,2025-11,91770,470653,-378882
칠레,2025-12-01,2025-12,166842,387970,-221127
칠레,2026-01-01,2026-01,115154,358156,-243002
칠레,2026-02-01,2026-02,109888,363829,-253941
칠레,2026-03-01,2026-03,108502,695698,-587196
칠레,2026-04-01,2026-04,110266,534568,-424302
칠레,2026-05-01,2026-05,86772,520294,-433523
칠레,2026-06-01,2026-06,120890,767975,-647085
칠레,2026-07-01,2026-07,200040,569500,-369460
카메룬,2024-01-01,2024-01,3934,301,3633
카메룬,2024-02-01,2024-02,3356,360,2996
카메룬,2024-03-01,2024-03,2674,310,2364
카메룬,2024-04-01,2024-04,3199,26451,-23252
카메룬,2024-05-01,2024-05,2385,32371,-29985
카메룬,2024-06-01,2024-06,1429,1530,-100
카메룬,2024-07-01,2024-07,3452,2857,595
카메룬,2024-08-01,2024-08,2334,39518,-37184
카메룬,2024-09-01,2024-09,2421,538,1882
카메룬,2024-10-01,2024-10,2419,53862,-51443
카메룬,2024-11-01,2024-11,2132,4586,-2454
카메룬,2024-12-01,2024-12,3766,2227,1539
카메룬,2025-01-01,2025-01,1651,481,1170
카메룬,2025-02-01,2025-02,2352,3491,-1139
카메룬,2025-03-01,2025-03,2238,108,2129
카메룬,2025-04-01,2025-04,1538,3,1535
카메룬,2025-05-01,2025-05,712,124,588
카메룬,2025-06-01,2025-06,1645,35962,-34317
카메룬,2025-07-01,2025-07,1913,2246,-333
카메룬,2025-08-01,2025-08,1707,589,1118
카메룬,2025-09-01,2025-09,1929,2069,-139
카메룬,2025-10-01,2025-10,1792,124,1668
카메룬,2025-11-01,2025-11,2714,131,2582
카메룬,2025-12-01,2025-12,1428,134,1294
카메룬,2026-01-01,2026-01,1524,2,1523
카메룬,2026-02-01,2026-02,2070,653,1417
카메룬,2026-03-01,2026-03,2641,14,2627
카메룬,2026-04-01,2026-04,1981,194,1787
카메룬,2026-05-01,2026-05,2048,165,1884
카메룬,2026-06-01,2026-06,1433,120,1313
카메룬,2026-07-01,2026-07,4596,13,4582
카보 베르데,2024-01-01,2024-01,146,0,146
카보 베르데,2024-02-01,2024-02,173,3,170
카보 베르데,2024-03-01,2024-03,553,0,553
카보 베르데,2024-04-01,2024-04,22,0,22
카보 베르데,2024-05-01,2024-05,256,0,256
카보 베르데,2024-06-01,2024-06,112,0,112
카보 베르데,2024-07-01,2024-07,392,0,392
카보 베르데,2024-08-01,2024-08,42,0,42
카보 베르데,2024-09-01,2024-09,73,0,73
카보 베르데,2024-10-01,2024-10,422,0,422
카보 베르데,2024-11-01,2024-11,483,0,483
카보 베르데,2024-12-01,2024-12,383,0,383
카보 베르데,2025-01-01,2025-01,317,0,317
카보 베르데,2025-02-01,2025-02,83,0,83
카보 베르데,2025-03-01,2025-03,72,0,72
카보 베르데,2025-04-01,2025-04,741,0,741
카보 베르데,2025-05-01,2025-05,184,0,184
카보 베르데,2025-06-01,2025-06,405,0,405
카보 베르데,2025-07-01,2025-07,193,0,193
카보 베르데,2025-08-01,2025-08,78,1,77
카보 베르데,2025-09-01,2025-09,696,0,696
카보 베르데,2025-10-01,2025-10,387,0,387
카보 베르데,2025-11-01,2025-11,206,0,206
카보 베르데,2025-12-01,2025-12,123,1,122
카보 베르데,2026-01-01,2026-01,166,0,166
카보 베르데,2026-02-01,2026-02,17,0,17
카보 베르데,2026-03-01,2026-03,68,0,68
카보 베르데,2026-04-01,2026-04,175,4,171
카보 베르데,2026-05-01,2026-05,62,0,62
카보 베르데,2026-06-01,2026-06,210,2,209
카보 베르데,2026-07-01,2026-07,384,1,384
카자흐스탄,2024-01-01,2024-01,162570,274905,-112335
카자흐스탄,2024-02-01,2024-02,169480,19241,150239
카자흐스탄,2024-03-01,2024-03,171875,195258,-23383
카자흐스탄,2024-04-01,2024-04,174702,108499,66203
카자흐스탄,2024-05-01,2024-05,152758,251713,-98955
카자흐스탄,2024-06-01,2024-06,153585,16499,137086
카자흐스탄,2024-07-01,2024-07,187847,43838,144009
카자흐스탄,2024-08-01,2024-08,196865,240772,-43907
카자흐스탄,2024-09-01,2024-09,220602,64470,156132
카자흐스탄,2024-10-01,2024-10,229928,15459,214468
카자흐스탄,2024-11-01,2024-11,261341,15013,246328
카자흐스탄,2024-12-01,2024-12,263553,14356,249197
카자흐스탄,2025-01-01,2025-01,194104,12325,181779
카자흐스탄,2025-02-01,2025-02,247641,15414,232227
카자흐스탄,2025-03-01,2025-03,273992,13811,260181
카자흐스탄,2025-04-01,2025-04,255954,99846,156108
카자흐스탄,2025-05-01,2025-05,273139,319592,-46452
카자흐스탄,2025-06-01,2025-06,259895,215268,44627
카자흐스탄,2025-07-01,2025-07,274641,21999,252642
카자흐스탄,2025-08-01,2025-08,259853,16709,243144
카자흐스탄,2025-09-01,2025-09,305954,16011,289943
카자흐스탄,2025-10-01,2025-10,242638,317725,-75088
카자흐스탄,2025-11-01,2025-11,239835,86338,153496
카자흐스탄,2025-12-01,2025-12,163857,230182,-66325
카자흐스탄,2026-01-01,2026-01,110300,18547,91753
카자흐스탄,2026-02-01,2026-02,115233,5468,109765
카자흐스탄,2026-03-01,2026-03,156468,9607,146860
카자흐스탄,2026-04-01,2026-04,176108,134403,41706
카자흐스탄,2026-05-01,2026-05,159673,230667,-70994
카자흐스탄,2026-06-01,2026-06,170915,125249,45666
카자흐스탄,2026-07-01,2026-07,157738,141837,15901
카타르,2024-01-01,2024-01,56742,1195179,-1138437
카타르,2024-02-01,2024-02,48832,1147373,-1098542
카타르,2024-03-01,2024-03,47247,1081927,-1034680
카타르,2024-04-01,2024-04,79119,1495169,-1416050
카타르,2024-05-01,2024-05,50303,1153925,-1103622
카타르,2024-06-01,2024-06,72724,1255927,-1183203
카타르,2024-07-01,2024-07,795980,1174616,-378635
카타르,2024-08-01,2024-08,51448,1213079,-1161631
카타르,2024-09-01,2024-09,80226,1039281,-959056
카타르,2024-10-01,2024-10,71881,1288562,-1216681
카타르,2024-11-01,2024-11,64510,974279,-909769
카타르,2024-12-01,2024-12,71919,1189031,-1117112
카타르,2025-01-01,2025-01,73034,1414195,-1341161
카타르,2025-02-01,2025-02,77863,827630,-749767
카타르,2025-03-01,2025-03,70529,950365,-879836
카타르,2025-04-01,2025-04,66111,940102,-873991
카타르,2025-05-01,2025-05,28107,855805,-827699
카타르,2025-06-01,2025-06,119947,733490,-613544
카타르,2025-07-01,2025-07,48097,738587,-690491
카타르,2025-08-01,2025-08,37536,725970,-688434
카타르,2025-09-01,2025-09,105326,889013,-783686
카타르,2025-10-01,2025-10,53451,611752,-558301
카타르,2025-11-01,2025-11,83502,626924,-543422
카타르,2025-12-01,2025-12,69181,609640,-540459
카타르,2026-01-01,2026-01,66169,831805,-765636
카타르,2026-02-01,2026-02,34609,737733,-703123
카타르,2026-03-01,2026-03,5038,480703,-475664
카타르,2026-04-01,2026-04,9301,27513,-18212
카타르,2026-05-01,2026-05,8091,174510,-166419
카타르,2026-06-01,2026-06,17750,68019,-50269
카타르,2026-07-01,2026-07,37459,367402,-329943
캄보디아,2024-01-01,2024-01,55342,49339,6003
캄보디아,2024-02-01,2024-02,47338,49024,-1687
캄보디아,2024-03-01,2024-03,55403,41552,13851
캄보디아,2024-04-01,2024-04,54844,37044,17800
캄보디아,2024-05-01,2024-05,56510,38213,18297
캄보디아,2024-06-01,2024-06,54880,34702,20177
캄보디아,2024-07-01,2024-07,63980,51120,12859
캄보디아,2024-08-01,2024-08,52264,51309,955
캄보디아,2024-09-01,2024-09,48472,44487,3986
캄보디아,2024-10-01,2024-10,54714,36705,18009
캄보디아,2024-11-01,2024-11,57409,31622,25787
캄보디아,2024-12-01,2024-12,55734,40920,14815
캄보디아,2025-01-01,2025-01,49599,41984,7615
캄보디아,2025-02-01,2025-02,53393,40013,13380
캄보디아,2025-03-01,2025-03,53315,45414,7900
캄보디아,2025-04-01,2025-04,58666,40659,18007
캄보디아,2025-05-01,2025-05,49816,32400,17415
캄보디아,2025-06-01,2025-06,56339,36068,20271
캄보디아,2025-07-01,2025-07,58000,46221,11779
캄보디아,2025-08-01,2025-08,51238,49838,1400
캄보디아,2025-09-01,2025-09,70777,50511,20266
캄보디아,2025-10-01,2025-10,56025,38584,17441
캄보디아,2025-11-01,2025-11,61833,44335,17498
캄보디아,2025-12-01,2025-12,59906,52713,7193
캄보디아,2026-01-01,2026-01,54132,59832,-5700
캄보디아,2026-02-01,2026-02,58434,50862,7572
캄보디아,2026-03-01,2026-03,78296,56081,22215
캄보디아,2026-04-01,2026-04,66979,51840,15140
캄보디아,2026-05-01,2026-05,55713,46951,8762
캄보디아,2026-06-01,2026-06,62269,63399,-1130
캄보디아,2026-07-01,2026-07,59064,58043,1021
캐나다,2024-01-01,2024-01,905864,593573,312291
캐나다,2024-02-01,2024-02,771374,554626,216749
캐나다,2024-03-01,2024-03,868836,699638,169198
캐나다,2024-04-01,2024-04,972096,636775,335321
캐나다,2024-05-01,2024-05,942685,424967,517718
캐나다,2024-06-01,2024-06,892873,586267,306606
캐나다,2024-07-01,2024-07,941186,553694,387492
캐나다,2024-08-01,2024-08,782091,518528,263563
캐나다,2024-09-01,2024-09,792903,685894,107009
캐나다,2024-10-01,2024-10,913564,557349,356214
캐나다,2024-11-01,2024-11,702083,547839,154243
캐나다,2024-12-01,2024-12,865952,493383,372568
캐나다,2025-01-01,2025-01,734752,542674,192078
캐나다,2025-02-01,2025-02,816900,443163,373737
캐나다,2025-03-01,2025-03,895302,540413,354889
캐나다,2025-04-01,2025-04,888574,516845,371729
캐나다,2025-05-01,2025-05,959682,550473,409209
캐나다,2025-06-01,2025-06,936157,543683,392474
캐나다,2025-07-01,2025-07,802649,670765,131884
캐나다,2025-08-01,2025-08,782905,429508,353396
캐나다,2025-09-01,2025-09,825543,744999,80544
캐나다,2025-10-01,2025-10,751025,487576,263450
캐나다,2025-11-01,2025-11,874918,480302,394616
캐나다,2025-12-01,2025-12,939889,622498,317391
캐나다,2026-01-01,2026-01,1068190,713412,354777
캐나다,2026-02-01,2026-02,911587,787363,124223
캐나다,2026-03-01,2026-03,1124092,812839,311253
캐나다,2026-04-01,2026-04,1145190,1124027,21163
캐나다,2026-05-01,2026-05,1121829,1136033,-14204
캐나다,2026-06-01,2026-06,1167452,961946,205506
캐나다,2026-07-01,2026-07,1050798,941519,109279
캔톤아일랜드,2024-01-01,2024-01,0,0,0
캔톤아일랜드,2024-02-01,2024-02,0,0,0
캔톤아일랜드,2024-03-01,2024-03,0,0,0
캔톤아일랜드,2024-04-01,2024-04,0,0,0
캔톤아일랜드,2024-05-01,2024-05,0,0,0
캔톤아일랜드,2024-06-01,2024-06,0,0,0
캔톤아일랜드,2024-07-01,2024-07,0,0,0
캔톤아일랜드,2024-08-01,2024-08,0,0,0
캔톤아일랜드,2024-09-01,2024-09,0,0,0
캔톤아일랜드,2024-10-01,2024-10,0,0,0
캔톤아일랜드,2024-11-01,2024-11,0,0,0
캔톤아일랜드,2024-12-01,2024-12,0,0,0
캔톤아일랜드,2025-01-01,2025-01,0,0,0
캔톤아일랜드,2025-02-01,2025-02,0,0,0
캔톤아일랜드,2025-03-01,2025-03,0,0,0
캔톤아일랜드,2025-04-01,2025-04,0,0,0
캔톤아일랜드,2025-05-01,2025-05,0,0,0
캔톤아일랜드,2025-06-01,2025-06,0,0,0
캔톤아일랜드,2025-07-01,2025-07,0,0,0
캔톤아일랜드,2025-08-01,2025-08,0,0,0
캔톤아일랜드,2025-09-01,2025-09,0,0,0
캔톤아일랜드,2025-10-01,2025-10,0,0,0
캔톤아일랜드,2025-11-01,2025-11,0,0,0
캔톤아일랜드,2025-12-01,2025-12,0,0,0
캔톤아일랜드,2026-01-01,2026-01,0,0,0
캔톤아일랜드,2026-02-01,2026-02,0,0,0
캔톤아일랜드,2026-03-01,2026-03,0,0,0
캔톤아일랜드,2026-04-01,2026-04,0,0,0
캔톤아일랜드,2026-05-01,2026-05,0,0,0
캔톤아일랜드,2026-06-01,2026-06,0,0,0
캔톤아일랜드,2026-07-01,2026-07,0,0,0
케냐,2024-01-01,2024-01,24247,1549,22698
케냐,2024-02-01,2024-02,13933,2480,11454
케냐,2024-03-01,2024-03,13616,2613,11003
케냐,2024-04-01,2024-04,19859,3822,16037
케냐,2024-05-01,2024-05,15360,4460,10900
케냐,2024-06-01,2024-06,11714,1804,9910
케냐,2024-07-01,2024-07,9059,6045,3014
케냐,2024-08-01,2024-08,15731,2701,13030
케냐,2024-09-01,2024-09,12146,4225,7921
케냐,2024-10-01,2024-10,9791,2495,7296
케냐,2024-11-01,2024-11,9579,4449,5130
케냐,2024-12-01,2024-12,18107,3263,14844
케냐,2025-01-01,2025-01,10638,3423,7216
케냐,2025-02-01,2025-02,23598,3075,20523
케냐,2025-03-01,2025-03,15065,5097,9968
케냐,2025-04-01,2025-04,15350,5207,10144
케냐,2025-05-01,2025-05,21977,4333,17644
케냐,2025-06-01,2025-06,11602,3936,7665
케냐,2025-07-01,2025-07,20562,3617,16945
케냐,2025-08-01,2025-08,13043,2708,10335
케냐,2025-09-01,2025-09,16799,3067,13732
케냐,2025-10-01,2025-10,10617,1701,8916
케냐,2025-11-01,2025-11,9117,2341,6776
케냐,2025-12-01,2025-12,16370,2715,13655
케냐,2026-01-01,2026-01,12518,1010,11508
케냐,2026-02-01,2026-02,15480,1055,14425
케냐,2026-03-01,2026-03,16167,3004,13163
케냐,2026-04-01,2026-04,17422,3458,13964
케냐,2026-05-01,2026-05,19273,2285,16988
케냐,2026-06-01,2026-06,16555,4105,12450
케냐,2026-07-01,2026-07,19814,1980,17834
코모로스,2024-01-01,2024-01,4,3,1
코모로스,2024-02-01,2024-02,36,0,36
코모로스,2024-03-01,2024-03,39,0,39
코모로스,2024-04-01,2024-04,27,17,10
코모로스,2024-05-01,2024-05,1439,0,1439
코모로스,2024-06-01,2024-06,0,0,0
코모로스,2024-07-01,2024-07,85,4,80
코모로스,2024-08-01,2024-08,17,0,17
코모로스,2024-09-01,2024-09,12,0,12
코모로스,2024-10-01,2024-10,5,0,5
코모로스,2024-11-01,2024-11,22,0,22
코모로스,2024-12-01,2024-12,0,12,-12
코모로스,2025-01-01,2025-01,2,2,0
코모로스,2025-02-01,2025-02,129,19,111
코모로스,2025-03-01,2025-03,5,0,5
코모로스,2025-04-01,2025-04,6,0,6
코모로스,2025-05-01,2025-05,9,0,9
코모로스,2025-06-01,2025-06,1,12,-11
코모로스,2025-07-01,2025-07,19,7,12
코모로스,2025-08-01,2025-08,83,1,81
코모로스,2025-09-01,2025-09,10,2,8
코모로스,2025-10-01,2025-10,0,1,-1
코모로스,2025-11-01,2025-11,60,0,60
코모로스,2025-12-01,2025-12,19,0,19
코모로스,2026-01-01,2026-01,40,0,40
코모로스,2026-02-01,2026-02,0,0,0
코모로스,2026-03-01,2026-03,18,1,17
코모로스,2026-04-01,2026-04,2,0,2
코모로스,2026-05-01,2026-05,14,0,14
코모로스,2026-06-01,2026-06,32,0,32
코모로스,2026-07-01,2026-07,0,1,-1
코스 군도,2024-01-01,2024-01,0,0,0
코스 군도,2024-02-01,2024-02,0,0,0
코스 군도,2024-03-01,2024-03,0,0,0
코스 군도,2024-04-01,2024-04,0,0,0
코스 군도,2024-05-01,2024-05,0,0,0
코스 군도,2024-06-01,2024-06,3,0,3
코스 군도,2024-07-01,2024-07,0,0,0
코스 군도,2024-08-01,2024-08,0,0,0
코스 군도,2024-09-01,2024-09,0,0,0
코스 군도,2024-10-01,2024-10,0,1,-1
코스 군도,2024-11-01,2024-11,43,0,43
코스 군도,2024-12-01,2024-12,70,0,69
코스 군도,2025-01-01,2025-01,0,0,0
코스 군도,2025-02-01,2025-02,0,0,0
코스 군도,2025-03-01,2025-03,23,1,22
코스 군도,2025-04-01,2025-04,0,3,-3
코스 군도,2025-05-01,2025-05,0,1,-1
코스 군도,2025-06-01,2025-06,0,2,-2
코스 군도,2025-07-01,2025-07,0,28,-28
코스 군도,2025-08-01,2025-08,0,0,0
코스 군도,2025-09-01,2025-09,0,1,-1
코스 군도,2025-10-01,2025-10,0,0,0
코스 군도,2025-11-01,2025-11,0,0,0
코스 군도,2025-12-01,2025-12,0,0,0
코스 군도,2026-01-01,2026-01,0,0,0
코스 군도,2026-02-01,2026-02,0,0,0
코스 군도,2026-03-01,2026-03,0,0,0
코스 군도,2026-04-01,2026-04,0,0,0
코스 군도,2026-05-01,2026-05,0,0,0
코스 군도,2026-06-01,2026-06,0,1,-1
코스 군도,2026-07-01,2026-07,2,0,2
코스타리카,2024-01-01,2024-01,17852,14662,3190
코스타리카,2024-02-01,2024-02,19093,12928,6164
코스타리카,2024-03-01,2024-03,24506,14045,10461
코스타리카,2024-04-01,2024-04,27958,15361,12596
코스타리카,2024-05-01,2024-05,24208,13715,10493
코스타리카,2024-06-01,2024-06,26851,12917,13934
코스타리카,2024-07-01,2024-07,22131,16785,5346
코스타리카,2024-08-01,2024-08,27791,15015,12776
코스타리카,2024-09-01,2024-09,13453,13280,173
코스타리카,2024-10-01,2024-10,16585,14265,2320
코스타리카,2024-11-01,2024-11,13868,21544,-7676
코스타리카,2024-12-01,2024-12,17002,25498,-8496
코스타리카,2025-01-01,2025-01,13470,9121,4348
코스타리카,2025-02-01,2025-02,29745,22657,7088
코스타리카,2025-03-01,2025-03,17717,15802,1915
코스타리카,2025-04-01,2025-04,26587,14285,12302
코스타리카,2025-05-01,2025-05,23225,20862,2363
코스타리카,2025-06-01,2025-06,17791,18818,-1027
코스타리카,2025-07-01,2025-07,17136,20594,-3458
코스타리카,2025-08-01,2025-08,11581,19180,-7599
코스타리카,2025-09-01,2025-09,12414,20773,-8358
코스타리카,2025-10-01,2025-10,14645,20999,-6354
코스타리카,2025-11-01,2025-11,16621,20410,-3789
코스타리카,2025-12-01,2025-12,12616,16424,-3808
코스타리카,2026-01-01,2026-01,13221,18520,-5299
코스타리카,2026-02-01,2026-02,14388,15029,-641
코스타리카,2026-03-01,2026-03,18464,20134,-1670
코스타리카,2026-04-01,2026-04,17217,14551,2666
코스타리카,2026-05-01,2026-05,14148,18624,-4476
코스타리카,2026-06-01,2026-06,16809,19699,-2890
코스타리카,2026-07-01,2026-07,18604,21306,-2702
코트디부아르,2024-01-01,2024-01,13669,391,13279
코트디부아르,2024-02-01,2024-02,15285,584,14701
코트디부아르,2024-03-01,2024-03,15396,274,15122
코트디부아르,2024-04-01,2024-04,12527,43,12484
코트디부아르,2024-05-01,2024-05,14686,335,14351
코트디부아르,2024-06-01,2024-06,10085,218,9866
코트디부아르,2024-07-01,2024-07,12229,4299,7929
코트디부아르,2024-08-01,2024-08,13759,15004,-1245
코트디부아르,2024-09-01,2024-09,15008,15822,-813
코트디부아르,2024-10-01,2024-10,15716,17030,-1314
코트디부아르,2024-11-01,2024-11,13020,15646,-2627
코트디부아르,2024-12-01,2024-12,16024,19687,-3663
코트디부아르,2025-01-01,2025-01,10507,17355,-6848
코트디부아르,2025-02-01,2025-02,17717,14984,2733
코트디부아르,2025-03-01,2025-03,15900,17295,-1395
코트디부아르,2025-04-01,2025-04,13638,17166,-3528
코트디부아르,2025-05-01,2025-05,16961,26187,-9226
코트디부아르,2025-06-01,2025-06,15027,14449,578
코트디부아르,2025-07-01,2025-07,20778,6546,14233
코트디부아르,2025-08-01,2025-08,14830,5343,9487
코트디부아르,2025-09-01,2025-09,12190,14187,-1997
코트디부아르,2025-10-01,2025-10,21473,15114,6358
코트디부아르,2025-11-01,2025-11,13700,10894,2806
코트디부아르,2025-12-01,2025-12,24397,21606,2791
코트디부아르,2026-01-01,2026-01,18285,20819,-2535
코트디부아르,2026-02-01,2026-02,21062,8731,12331
코트디부아르,2026-03-01,2026-03,18741,11954,6786
코트디부아르,2026-04-01,2026-04,15174,21212,-6038
코트디부아르,2026-05-01,2026-05,12162,12534,-371
코트디부아르,2026-06-01,2026-06,16142,9020,7122
코트디부아르,2026-07-01,2026-07,18131,6713,11418
콜롬비아,2024-01-01,2024-01,61646,74031,-12385
콜롬비아,2024-02-01,2024-02,83384,49137,34248
콜롬비아,2024-03-01,2024-03,75743,68503,7240
콜롬비아,2024-04-01,2024-04,73085,75768,-2683
콜롬비아,2024-05-01,2024-05,80377,197196,-116820
콜롬비아,2024-06-01,2024-06,62486,107639,-45153
콜롬비아,2024-07-01,2024-07,69355,200160,-130805
콜롬비아,2024-08-01,2024-08,74751,207092,-132341
콜롬비아,2024-09-01,2024-09,81496,158001,-76506
콜롬비아,2024-10-01,2024-10,91389,115395,-24006
콜롬비아,2024-11-01,2024-11,86516,147300,-60784
콜롬비아,2024-12-01,2024-12,97276,70214,27062
콜롬비아,2025-01-01,2025-01,66486,95564,-29079
콜롬비아,2025-02-01,2025-02,81119,158313,-77194
콜롬비아,2025-03-01,2025-03,108278,37482,70796
콜롬비아,2025-04-01,2025-04,109546,39817,69729
콜롬비아,2025-05-01,2025-05,127519,95433,32086
콜롬비아,2025-06-01,2025-06,143499,152989,-9490
콜롬비아,2025-07-01,2025-07,128276,93237,35039
콜롬비아,2025-08-01,2025-08,94544,83134,11411
콜롬비아,2025-09-01,2025-09,168606,55597,113008
콜롬비아,2025-10-01,2025-10,102650,102418,232
콜롬비아,2025-11-01,2025-11,116272,99394,16878
콜롬비아,2025-12-01,2025-12,137853,179247,-41394
콜롬비아,2026-01-01,2026-01,105169,114087,-8917
콜롬비아,2026-02-01,2026-02,113302,67937,45366
콜롬비아,2026-03-01,2026-03,136282,52071,84211
콜롬비아,2026-04-01,2026-04,157410,105509,51901
콜롬비아,2026-05-01,2026-05,158015,72251,85764
콜롬비아,2026-06-01,2026-06,139706,53835,85870
콜롬비아,2026-07-01,2026-07,133374,155428,-22054
콩고,2024-01-01,2024-01,1967,94,1873
콩고,2024-02-01,2024-02,1459,27,1432
콩고,2024-03-01,2024-03,1824,22,1802
콩고,2024-04-01,2024-04,1529,303,1226
콩고,2024-05-01,2024-05,1309,13,1296
콩고,2024-06-01,2024-06,880,441,439
콩고,2024-07-01,2024-07,2007,214,1793
콩고,2024-08-01,2024-08,1677,238,1439
콩고,2024-09-01,2024-09,1582,115,1467
콩고,2024-10-01,2024-10,1268,104,1164
콩고,2024-11-01,2024-11,1393,170,1223
콩고,2024-12-01,2024-12,2948,2,2945
콩고,2025-01-01,2025-01,3367,614,2754
콩고,2025-02-01,2025-02,5543,301,5242
콩고,2025-03-01,2025-03,867,646,221
콩고,2025-04-01,2025-04,1129,25,1104
콩고,2025-05-01,2025-05,4200,375,3825
콩고,2025-06-01,2025-06,1384,340,1044
콩고,2025-07-01,2025-07,1077,290,788
콩고,2025-08-01,2025-08,10242,41577,-31335
콩고,2025-09-01,2025-09,2384,611,1774
콩고,2025-10-01,2025-10,1850,1078,771
콩고,2025-11-01,2025-11,810,0,810
콩고,2025-12-01,2025-12,7119,313,6805
콩고,2026-01-01,2026-01,1959,349,1610
콩고,2026-02-01,2026-02,5071,230,4841
콩고,2026-03-01,2026-03,1759,131,1628
콩고,2026-04-01,2026-04,1666,0,1666
콩고,2026-05-01,2026-05,1963,730,1232
콩고,2026-06-01,2026-06,2340,9,2331
콩고,2026-07-01,2026-07,5949,411,5538
콩고민주공화국,2024-01-01,2024-01,3549,64553,-61004
콩고민주공화국,2024-02-01,2024-02,3843,41603,-37760
콩고민주공화국,2024-03-01,2024-03,4071,56981,-52910
콩고민주공화국,2024-04-01,2024-04,4887,97795,-92908
콩고민주공화국,2024-05-01,2024-05,2205,86167,-83963
콩고민주공화국,2024-06-01,2024-06,6386,91141,-84755
콩고민주공화국,2024-07-01,2024-07,1236,147345,-146109
콩고민주공화국,2024-08-01,2024-08,5324,79806,-74482
콩고민주공화국,2024-09-01,2024-09,1974,61384,-59410
콩고민주공화국,2024-10-01,2024-10,2019,97679,-95661
콩고민주공화국,2024-11-01,2024-11,4262,55780,-51519
콩고민주공화국,2024-12-01,2024-12,2208,85738,-83529
콩고민주공화국,2025-01-01,2025-01,1037,87134,-86097
콩고민주공화국,2025-02-01,2025-02,779,72143,-71364
콩고민주공화국,2025-03-01,2025-03,2760,165791,-163031
콩고민주공화국,2025-04-01,2025-04,855,111812,-110958
콩고민주공화국,2025-05-01,2025-05,1705,112578,-110874
콩고민주공화국,2025-06-01,2025-06,3774,154359,-150585
콩고민주공화국,2025-07-01,2025-07,2401,130943,-128542
콩고민주공화국,2025-08-01,2025-08,4026,137861,-133835
콩고민주공화국,2025-09-01,2025-09,1165,147168,-146003
콩고민주공화국,2025-10-01,2025-10,2856,178652,-175797
콩고민주공화국,2025-11-01,2025-11,1272,119048,-117776
콩고민주공화국,2025-12-01,2025-12,4720,124585,-119865
콩고민주공화국,2026-01-01,2026-01,1582,160753,-159171
콩고민주공화국,2026-02-01,2026-02,1317,110134,-108817
콩고민주공화국,2026-03-01,2026-03,2139,205391,-203253
콩고민주공화국,2026-04-01,2026-04,1674,322487,-320813
콩고민주공화국,2026-05-01,2026-05,2270,324566,-322296
콩고민주공화국,2026-06-01,2026-06,5662,303905,-298243
콩고민주공화국,2026-07-01,2026-07,4589,173730,-169141
쿠바,2024-01-01,2024-01,765,1774,-1009
쿠바,2024-02-01,2024-02,538,367,172
쿠바,2024-03-01,2024-03,2559,117,2442
쿠바,2024-04-01,2024-04,247,349,-101
쿠바,2024-05-01,2024-05,530,810,-280
쿠바,2024-06-01,2024-06,8859,801,8058
쿠바,2024-07-01,2024-07,1319,323,996
쿠바,2024-08-01,2024-08,634,514,120
쿠바,2024-09-01,2024-09,1202,582,620
쿠바,2024-10-01,2024-10,500,452,48
쿠바,2024-11-01,2024-11,997,1209,-211
쿠바,2024-12-01,2024-12,2027,610,1417
쿠바,2025-01-01,2025-01,229,928,-699
쿠바,2025-02-01,2025-02,232,225,7
쿠바,2025-03-01,2025-03,1781,870,911
쿠바,2025-04-01,2025-04,2253,193,2060
쿠바,2025-05-01,2025-05,866,965,-99
쿠바,2025-06-01,2025-06,737,939,-202
쿠바,2025-07-01,2025-07,1295,795,500
쿠바,2025-08-01,2025-08,748,533,215
쿠바,2025-09-01,2025-09,9788,1197,8591
쿠바,2025-10-01,2025-10,666,10,656
쿠바,2025-11-01,2025-11,814,229,585
쿠바,2025-12-01,2025-12,1316,182,1134
쿠바,2026-01-01,2026-01,847,771,75
쿠바,2026-02-01,2026-02,508,535,-27
쿠바,2026-03-01,2026-03,307,972,-665
쿠바,2026-04-01,2026-04,411,910,-499
쿠바,2026-05-01,2026-05,362,114,248
쿠바,2026-06-01,2026-06,240,89,152
쿠바,2026-07-01,2026-07,531,110,421
쿠웨이트,2024-01-01,2024-01,26705,800381,-773676
쿠웨이트,2024-02-01,2024-02,32348,890079,-857731
쿠웨이트,2024-03-01,2024-03,26725,687220,-660495
쿠웨이트,2024-04-01,2024-04,29141,672284,-643143
쿠웨이트,2024-05-01,2024-05,36106,751548,-715443
쿠웨이트,2024-06-01,2024-06,55271,685241,-629970
쿠웨이트,2024-07-01,2024-07,45744,638363,-592619
쿠웨이트,2024-08-01,2024-08,26998,1020457,-993459
쿠웨이트,2024-09-01,2024-09,25045,661761,-636716
쿠웨이트,2024-10-01,2024-10,38771,781849,-743078
쿠웨이트,2024-11-01,2024-11,43277,660130,-616853
쿠웨이트,2024-12-01,2024-12,45065,600404,-555339
쿠웨이트,2025-01-01,2025-01,35753,802322,-766569
쿠웨이트,2025-02-01,2025-02,62742,575332,-512590
쿠웨이트,2025-03-01,2025-03,41046,678960,-637914
쿠웨이트,2025-04-01,2025-04,57077,578341,-521264
쿠웨이트,2025-05-01,2025-05,48410,799690,-751279
쿠웨이트,2025-06-01,2025-06,85661,526735,-441075
쿠웨이트,2025-07-01,2025-07,33005,594345,-561339
쿠웨이트,2025-08-01,2025-08,28363,795121,-766758
쿠웨이트,2025-09-01,2025-09,72350,528389,-456039
쿠웨이트,2025-10-01,2025-10,30337,827498,-797161
쿠웨이트,2025-11-01,2025-11,39307,422947,-383640
쿠웨이트,2025-12-01,2025-12,126665,794390,-667726
쿠웨이트,2026-01-01,2026-01,43307,655214,-611907
쿠웨이트,2026-02-01,2026-02,29596,658840,-629244
쿠웨이트,2026-03-01,2026-03,10957,396680,-385723
쿠웨이트,2026-04-01,2026-04,7691,15293,-7602
쿠웨이트,2026-05-01,2026-05,20374,2,20372
쿠웨이트,2026-06-01,2026-06,58061,254887,-196826
쿠웨이트,2026-07-01,2026-07,24115,435048,-410933
쿡 아일랜드,2024-01-01,2024-01,0,1,-1
쿡 아일랜드,2024-02-01,2024-02,1,0,1
쿡 아일랜드,2024-03-01,2024-03,0,0,0
쿡 아일랜드,2024-04-01,2024-04,0,0,0
쿡 아일랜드,2024-05-01,2024-05,15,6,9
쿡 아일랜드,2024-06-01,2024-06,0,0,0
쿡 아일랜드,2024-07-01,2024-07,0,0,0
쿡 아일랜드,2024-08-01,2024-08,0,0,0
쿡 아일랜드,2024-09-01,2024-09,0,0,0
쿡 아일랜드,2024-10-01,2024-10,0,0,0
쿡 아일랜드,2024-11-01,2024-11,0,0,0
쿡 아일랜드,2024-12-01,2024-12,0,0,0
쿡 아일랜드,2025-01-01,2025-01,0,1,-1
쿡 아일랜드,2025-02-01,2025-02,0,0,0
쿡 아일랜드,2025-03-01,2025-03,0,0,0
쿡 아일랜드,2025-04-01,2025-04,0,0,0
쿡 아일랜드,2025-05-01,2025-05,0,0,0
쿡 아일랜드,2025-06-01,2025-06,0,0,0
쿡 아일랜드,2025-07-01,2025-07,0,0,0
쿡 아일랜드,2025-08-01,2025-08,0,0,0
쿡 아일랜드,2025-09-01,2025-09,0,1,-1
쿡 아일랜드,2025-10-01,2025-10,0,0,0
쿡 아일랜드,2025-11-01,2025-11,0,2,-2
쿡 아일랜드,2025-12-01,2025-12,27,3,24
쿡 아일랜드,2026-01-01,2026-01,0,5,-5
쿡 아일랜드,2026-02-01,2026-02,0,1,-1
쿡 아일랜드,2026-03-01,2026-03,0,1,-1
쿡 아일랜드,2026-04-01,2026-04,0,1,0
쿡 아일랜드,2026-05-01,2026-05,20,9,11
쿡 아일랜드,2026-06-01,2026-06,0,0,0
쿡 아일랜드,2026-07-01,2026-07,0,1,-1
큐라소,2024-01-01,2024-01,825,1,824
큐라소,2024-02-01,2024-02,1149,0,1149
큐라소,2024-03-01,2024-03,872,0,872
큐라소,2024-04-01,2024-04,1455,0,1455
큐라소,2024-05-01,2024-05,718,0,718
큐라소,2024-06-01,2024-06,1182,181,1001
큐라소,2024-07-01,2024-07,905,0,905
큐라소,2024-08-01,2024-08,386,0,386
큐라소,2024-09-01,2024-09,639,0,639
큐라소,2024-10-01,2024-10,711,0,711
큐라소,2024-11-01,2024-11,2195,37,2158
큐라소,2024-12-01,2024-12,864,201,663
큐라소,2025-01-01,2025-01,1026,18,1007
큐라소,2025-02-01,2025-02,1511,0,1511
큐라소,2025-03-01,2025-03,1459,36,1423
큐라소,2025-04-01,2025-04,997,0,997
큐라소,2025-05-01,2025-05,1038,356,682
큐라소,2025-06-01,2025-06,853,0,853
큐라소,2025-07-01,2025-07,756,35,721
큐라소,2025-08-01,2025-08,672,35,637
큐라소,2025-09-01,2025-09,883,18,865
큐라소,2025-10-01,2025-10,1327,0,1327
큐라소,2025-11-01,2025-11,2009,17,1991
큐라소,2025-12-01,2025-12,500,35,465
큐라소,2026-01-01,2026-01,137,17,120
큐라소,2026-02-01,2026-02,203,18,185
큐라소,2026-03-01,2026-03,1561,18,1543
큐라소,2026-04-01,2026-04,389,18,372
큐라소,2026-05-01,2026-05,954,0,954
큐라소,2026-06-01,2026-06,892,18,874
큐라소,2026-07-01,2026-07,1404,0,1404
크로아티아,2024-01-01,2024-01,6708,5360,1348
크로아티아,2024-02-01,2024-02,6065,5564,501
크로아티아,2024-03-01,2024-03,7882,2203,5678
크로아티아,2024-04-01,2024-04,5458,2188,3269
크로아티아,2024-05-01,2024-05,5431,2044,3388
크로아티아,2024-06-01,2024-06,7974,2337,5637
크로아티아,2024-07-01,2024-07,8822,1981,6841
크로아티아,2024-08-01,2024-08,6595,2237,4359
크로아티아,2024-09-01,2024-09,6346,5666,680
크로아티아,2024-10-01,2024-10,7930,1889,6041
크로아티아,2024-11-01,2024-11,8845,1193,7651
크로아티아,2024-12-01,2024-12,12097,3953,8144
크로아티아,2025-01-01,2025-01,8313,1496,6817
크로아티아,2025-02-01,2025-02,9280,1264,8016
크로아티아,2025-03-01,2025-03,10476,906,9570
크로아티아,2025-04-01,2025-04,10500,2062,8438
크로아티아,2025-05-01,2025-05,13737,1573,12164
크로아티아,2025-06-01,2025-06,16629,1312,15317
크로아티아,2025-07-01,2025-07,12956,1349,11607
크로아티아,2025-08-01,2025-08,13725,1847,11878
크로아티아,2025-09-01,2025-09,11495,2659,8836
크로아티아,2025-10-01,2025-10,5324,1472,3852
크로아티아,2025-11-01,2025-11,5823,2348,3474
크로아티아,2025-12-01,2025-12,11087,2040,9047
크로아티아,2026-01-01,2026-01,8456,2110,6346
크로아티아,2026-02-01,2026-02,7530,2701,4828
크로아티아,2026-03-01,2026-03,7935,1534,6401
크로아티아,2026-04-01,2026-04,9895,3066,6829
크로아티아,2026-05-01,2026-05,18365,3442,14923
크로아티아,2026-06-01,2026-06,25260,4077,21183
크로아티아,2026-07-01,2026-07,13234,1487,11747
크리스마스 아일랜드,2024-01-01,2024-01,0,0,0
크리스마스 아일랜드,2024-02-01,2024-02,0,0,0
크리스마스 아일랜드,2024-03-01,2024-03,0,0,0
크리스마스 아일랜드,2024-04-01,2024-04,0,0,0
크리스마스 아일랜드,2024-05-01,2024-05,0,0,0
크리스마스 아일랜드,2024-06-01,2024-06,0,0,0
크리스마스 아일랜드,2024-07-01,2024-07,0,1,-1
크리스마스 아일랜드,2024-08-01,2024-08,0,1,-1
크리스마스 아일랜드,2024-09-01,2024-09,0,0,0
크리스마스 아일랜드,2024-10-01,2024-10,0,1,-1
크리스마스 아일랜드,2024-11-01,2024-11,0,1,-1
크리스마스 아일랜드,2024-12-01,2024-12,0,0,0
크리스마스 아일랜드,2025-01-01,2025-01,0,1,-1
크리스마스 아일랜드,2025-02-01,2025-02,0,0,0
크리스마스 아일랜드,2025-03-01,2025-03,0,0,0
크리스마스 아일랜드,2025-04-01,2025-04,0,0,0
크리스마스 아일랜드,2025-05-01,2025-05,0,64,-64
크리스마스 아일랜드,2025-06-01,2025-06,0,0,0
크리스마스 아일랜드,2025-07-01,2025-07,0,0,0
크리스마스 아일랜드,2025-08-01,2025-08,0,0,0
크리스마스 아일랜드,2025-09-01,2025-09,0,0,0
크리스마스 아일랜드,2025-10-01,2025-10,0,0,0
크리스마스 아일랜드,2025-11-01,2025-11,0,2,-2
크리스마스 아일랜드,2025-12-01,2025-12,0,0,0
크리스마스 아일랜드,2026-01-01,2026-01,0,0,0
크리스마스 아일랜드,2026-02-01,2026-02,0,1,-1
크리스마스 아일랜드,2026-03-01,2026-03,0,10,-10
크리스마스 아일랜드,2026-04-01,2026-04,0,0,0
크리스마스 아일랜드,2026-05-01,2026-05,0,5,-5
크리스마스 아일랜드,2026-06-01,2026-06,0,0,0
크리스마스 아일랜드,2026-07-01,2026-07,0,0,0
키르기스스탄,2024-01-01,2024-01,71096,669,70427
키르기스스탄,2024-02-01,2024-02,119715,12,119703
키르기스스탄,2024-03-01,2024-03,98893,7,98886
키르기스스탄,2024-04-01,2024-04,123571,18,123552
키르기스스탄,2024-05-01,2024-05,144763,29,144734
키르기스스탄,2024-06-01,2024-06,150404,1100,149304
키르기스스탄,2024-07-01,2024-07,199203,26,199177
키르기스스탄,2024-08-01,2024-08,220237,105,220131
키르기스스탄,2024-09-01,2024-09,174526,85,174440
키르기스스탄,2024-10-01,2024-10,187378,153,187224
키르기스스탄,2024-11-01,2024-11,169206,30,169176
키르기스스탄,2024-12-01,2024-12,126824,1189,125635
키르기스스탄,2025-01-01,2025-01,114484,1226,113258
키르기스스탄,2025-02-01,2025-02,211146,35,211110
키르기스스탄,2025-03-01,2025-03,253937,28,253909
키르기스스탄,2025-04-01,2025-04,286238,56,286182
키르기스스탄,2025-05-01,2025-05,264348,78,264270
키르기스스탄,2025-06-01,2025-06,254724,138,254586
키르기스스탄,2025-07-01,2025-07,318108,946,317162
키르기스스탄,2025-08-01,2025-08,292165,230,291935
키르기스스탄,2025-09-01,2025-09,467477,67,467409
키르기스스탄,2025-10-01,2025-10,461542,46,461496
키르기스스탄,2025-11-01,2025-11,388365,128,388237
키르기스스탄,2025-12-01,2025-12,164195,242,163953
키르기스스탄,2026-01-01,2026-01,126957,285,126673
키르기스스탄,2026-02-01,2026-02,184402,69,184333
키르기스스탄,2026-03-01,2026-03,183794,72,183722
키르기스스탄,2026-04-01,2026-04,208745,60,208685
키르기스스탄,2026-05-01,2026-05,203340,24,203316
키르기스스탄,2026-06-01,2026-06,253154,3,253151
키르기스스탄,2026-07-01,2026-07,214259,22,214237
키리바티,2024-01-01,2024-01,440,424,16
키리바티,2024-02-01,2024-02,1639,1843,-204
키리바티,2024-03-01,2024-03,994,0,994
키리바티,2024-04-01,2024-04,1091,21,1069
키리바티,2024-05-01,2024-05,583,23,560
키리바티,2024-06-01,2024-06,596,73,523
키리바티,2024-07-01,2024-07,516,0,516
키리바티,2024-08-01,2024-08,362,0,362
키리바티,2024-09-01,2024-09,710,47,663
키리바티,2024-10-01,2024-10,542,3,540
키리바티,2024-11-01,2024-11,437,77,360
키리바티,2024-12-01,2024-12,467,0,467
키리바티,2025-01-01,2025-01,538,0,538
키리바티,2025-02-01,2025-02,554,0,554
키리바티,2025-03-01,2025-03,985,52,932
키리바티,2025-04-01,2025-04,1392,18,1374
키리바티,2025-05-01,2025-05,664,1,662
키리바티,2025-06-01,2025-06,458,0,458
키리바티,2025-07-01,2025-07,333,0,333
키리바티,2025-08-01,2025-08,485,30,455
키리바티,2025-09-01,2025-09,222,0,222
키리바티,2025-10-01,2025-10,979,1113,-134
키리바티,2025-11-01,2025-11,525,697,-172
키리바티,2025-12-01,2025-12,429,54,375
키리바티,2026-01-01,2026-01,833,37,797
키리바티,2026-02-01,2026-02,826,40,785
키리바티,2026-03-01,2026-03,228,799,-571
키리바티,2026-04-01,2026-04,896,612,284
키리바티,2026-05-01,2026-05,30,62,-33
키리바티,2026-06-01,2026-06,370,46,324
키리바티,2026-07-01,2026-07,429,1272,-843
타지크,2024-01-01,2024-01,7341,2,7339
타지크,2024-02-01,2024-02,13926,1,13925
타지크,2024-03-01,2024-03,12036,2000,10036
타지크,2024-04-01,2024-04,12690,1894,10796
타지크,2024-05-01,2024-05,9993,2103,7891
타지크,2024-06-01,2024-06,11774,1,11773
타지크,2024-07-01,2024-07,16734,2,16733
타지크,2024-08-01,2024-08,19511,0,19511
타지크,2024-09-01,2024-09,21216,5,21211
타지크,2024-10-01,2024-10,24553,4,24549
타지크,2024-11-01,2024-11,20278,0,20278
타지크,2024-12-01,2024-12,18854,0,18854
타지크,2025-01-01,2025-01,15873,0,15873
타지크,2025-02-01,2025-02,26321,8,26313
타지크,2025-03-01,2025-03,19602,0,19602
타지크,2025-04-01,2025-04,22177,5,22172
타지크,2025-05-01,2025-05,19845,56,19789
타지크,2025-06-01,2025-06,21992,0,21992
타지크,2025-07-01,2025-07,31166,3,31163
타지크,2025-08-01,2025-08,29407,6,29401
타지크,2025-09-01,2025-09,47593,0,47593
타지크,2025-10-01,2025-10,48951,0,48951
타지크,2025-11-01,2025-11,46030,3,46026
타지크,2025-12-01,2025-12,24681,3,24678
타지크,2026-01-01,2026-01,23901,3080,20821
타지크,2026-02-01,2026-02,20179,15,20164
타지크,2026-03-01,2026-03,22025,0,22025
타지크,2026-04-01,2026-04,28500,1,28500
타지크,2026-05-01,2026-05,25891,0,25891
타지크,2026-06-01,2026-06,29789,0,29789
타지크,2026-07-01,2026-07,31561,0,31561
탄자니아,2024-01-01,2024-01,11386,12262,-876
탄자니아,2024-02-01,2024-02,60262,6664,53597
탄자니아,2024-03-01,2024-03,16098,6977,9121
탄자니아,2024-04-01,2024-04,14285,4671,9614
탄자니아,2024-05-01,2024-05,93806,2067,91739
탄자니아,2024-06-01,2024-06,9541,1464,8077
탄자니아,2024-07-01,2024-07,67055,341,66713
탄자니아,2024-08-01,2024-08,11448,1070,10378
탄자니아,2024-09-01,2024-09,12964,844,12120
탄자니아,2024-10-01,2024-10,49664,801,48863
탄자니아,2024-11-01,2024-11,10720,3726,6995
탄자니아,2024-12-01,2024-12,49940,2589,47351
탄자니아,2025-01-01,2025-01,11466,8240,3226
탄자니아,2025-02-01,2025-02,16584,4728,11855
탄자니아,2025-03-01,2025-03,17218,3594,13624
탄자니아,2025-04-01,2025-04,13088,7610,5478
탄자니아,2025-05-01,2025-05,15812,3240,12571
탄자니아,2025-06-01,2025-06,37738,38,37699
탄자니아,2025-07-01,2025-07,17848,313,17535
탄자니아,2025-08-01,2025-08,13555,1841,11714
탄자니아,2025-09-01,2025-09,16249,3307,12942
탄자니아,2025-10-01,2025-10,15122,2278,12844
탄자니아,2025-11-01,2025-11,14508,4433,10076
탄자니아,2025-12-01,2025-12,12453,13792,-1339
탄자니아,2026-01-01,2026-01,16138,5823,10315
탄자니아,2026-02-01,2026-02,22698,4115,18583
탄자니아,2026-03-01,2026-03,14148,2655,11492
탄자니아,2026-04-01,2026-04,17417,13411,4006
탄자니아,2026-05-01,2026-05,16450,9736,6714
탄자니아,2026-06-01,2026-06,14334,1879,12455
탄자니아,2026-07-01,2026-07,11773,1587,10186
태국,2024-01-01,2024-01,637271,551773,85498
태국,2024-02-01,2024-02,608839,554798,54041
태국,2024-03-01,2024-03,605607,601694,3912
태국,2024-04-01,2024-04,668783,635057,33726
태국,2024-05-01,2024-05,646806,608572,38234
태국,2024-06-01,2024-06,599051,620340,-21290
태국,2024-07-01,2024-07,773150,683555,89595
태국,2024-08-01,2024-08,638203,618702,19501
태국,2024-09-01,2024-09,622579,572102,50477
태국,2024-10-01,2024-10,622214,574888,47326
태국,2024-11-01,2024-11,642537,587618,54919
태국,2024-12-01,2024-12,613190,564965,48224
태국,2025-01-01,2025-01,624225,460643,163581
태국,2025-02-01,2025-02,668577,610306,58270
태국,2025-03-01,2025-03,658855,603818,55037
태국,2025-04-01,2025-04,695984,662585,33398
태국,2025-05-01,2025-05,636381,565187,71193
태국,2025-06-01,2025-06,648696,640720,7976
태국,2025-07-01,2025-07,690458,624229,66229
태국,2025-08-01,2025-08,640192,583837,56355
태국,2025-09-01,2025-09,708735,612170,96565
태국,2025-10-01,2025-10,637105,519433,117672
태국,2025-11-01,2025-11,725659,536837,188822
태국,2025-12-01,2025-12,675169,549420,125749
태국,2026-01-01,2026-01,870058,497130,372928
태국,2026-02-01,2026-02,720885,553283,167602
태국,2026-03-01,2026-03,917462,641047,276415
태국,2026-04-01,2026-04,1065299,686480,378819
태국,2026-05-01,2026-05,913773,636930,276842
태국,2026-06-01,2026-06,1051971,785028,266943
태국,2026-07-01,2026-07,1034388,689530,344858
토고,2024-01-01,2024-01,77228,841,76388
토고,2024-02-01,2024-02,75331,2187,73144
토고,2024-03-01,2024-03,2276,2477,-201
토고,2024-04-01,2024-04,3553,3409,143
토고,2024-05-01,2024-05,2163,1172,990
토고,2024-06-01,2024-06,1926,3389,-1463
토고,2024-07-01,2024-07,1612,10994,-9381
토고,2024-08-01,2024-08,1952,1001,951
토고,2024-09-01,2024-09,1860,3860,-2000
토고,2024-10-01,2024-10,3586,1126,2460
토고,2024-11-01,2024-11,1814,2446,-632
토고,2024-12-01,2024-12,2641,1196,1446
토고,2025-01-01,2025-01,1736,850,885
토고,2025-02-01,2025-02,2545,547,1997
토고,2025-03-01,2025-03,2237,279,1958
토고,2025-04-01,2025-04,1128,144,984
토고,2025-05-01,2025-05,2787,419,2368
토고,2025-06-01,2025-06,1204,567,636
토고,2025-07-01,2025-07,2432,945,1487
토고,2025-08-01,2025-08,2474,913,1561
토고,2025-09-01,2025-09,3933,540,3393
토고,2025-10-01,2025-10,2832,460,2372
토고,2025-11-01,2025-11,2586,9,2578
토고,2025-12-01,2025-12,4204,471,3734
토고,2026-01-01,2026-01,2505,966,1539
토고,2026-02-01,2026-02,2152,311,1841
토고,2026-03-01,2026-03,1861,824,1037
토고,2026-04-01,2026-04,1899,347,1552
토고,2026-05-01,2026-05,3159,784,2375
토고,2026-06-01,2026-06,4833,288,4545
토고,2026-07-01,2026-07,4509,345,4164
토켈라우,2024-01-01,2024-01,0,1,-1
토켈라우,2024-02-01,2024-02,0,0,0
토켈라우,2024-03-01,2024-03,0,1,-1
토켈라우,2024-04-01,2024-04,0,0,0
토켈라우,2024-05-01,2024-05,0,4,-4
토켈라우,2024-06-01,2024-06,47,1,46
토켈라우,2024-07-01,2024-07,0,0,0
토켈라우,2024-08-01,2024-08,0,49,-49
토켈라우,2024-09-01,2024-09,0,0,0
토켈라우,2024-10-01,2024-10,0,0,0
토켈라우,2024-11-01,2024-11,0,1,-1
토켈라우,2024-12-01,2024-12,0,1,-1
토켈라우,2025-01-01,2025-01,0,129,-129
토켈라우,2025-02-01,2025-02,0,1,-1
토켈라우,2025-03-01,2025-03,0,15,-15
토켈라우,2025-04-01,2025-04,0,14,-14
토켈라우,2025-05-01,2025-05,22,0,22
토켈라우,2025-06-01,2025-06,24,0,24
토켈라우,2025-07-01,2025-07,2,1,1
토켈라우,2025-08-01,2025-08,24,1,22
토켈라우,2025-09-01,2025-09,0,6,-6
토켈라우,2025-10-01,2025-10,0,2,-2
토켈라우,2025-11-01,2025-11,0,0,0
토켈라우,2025-12-01,2025-12,7,0,6
토켈라우,2026-01-01,2026-01,0,0,0
토켈라우,2026-02-01,2026-02,0,0,0
토켈라우,2026-03-01,2026-03,0,82,-82
토켈라우,2026-04-01,2026-04,0,5,-5
토켈라우,2026-05-01,2026-05,0,127,-127
토켈라우,2026-06-01,2026-06,0,3,-3
토켈라우,2026-07-01,2026-07,0,96,-96
통가,2024-01-01,2024-01,45,152,-107
통가,2024-02-01,2024-02,25,0,25
통가,2024-03-01,2024-03,15,0,15
통가,2024-04-01,2024-04,132,19,114
통가,2024-05-01,2024-05,45,13,32
통가,2024-06-01,2024-06,0,0,0
통가,2024-07-01,2024-07,17,6,11
통가,2024-08-01,2024-08,0,0,0
통가,2024-09-01,2024-09,0,15,-15
통가,2024-10-01,2024-10,23,15,9
통가,2024-11-01,2024-11,41,1,40
통가,2024-12-01,2024-12,48,16,32
통가,2025-01-01,2025-01,12,15,-3
통가,2025-02-01,2025-02,76,1,75
통가,2025-03-01,2025-03,0,0,0
통가,2025-04-01,2025-04,25,15,11
통가,2025-05-01,2025-05,0,15,-15
통가,2025-06-01,2025-06,26,15,11
통가,2025-07-01,2025-07,11,0,11
통가,2025-08-01,2025-08,0,0,0
통가,2025-09-01,2025-09,70,15,55
통가,2025-10-01,2025-10,45,0,45
통가,2025-11-01,2025-11,10,0,10
통가,2025-12-01,2025-12,15,15,0
통가,2026-01-01,2026-01,43,15,28
통가,2026-02-01,2026-02,58,0,58
통가,2026-03-01,2026-03,22,16,6
통가,2026-04-01,2026-04,12,15,-3
통가,2026-05-01,2026-05,34,44,-10
통가,2026-06-01,2026-06,31,14,17
통가,2026-07-01,2026-07,22,14,8
투르크 & 카이코스 군도,2024-01-01,2024-01,52,1,52
투르크 & 카이코스 군도,2024-02-01,2024-02,71,1,70
투르크 & 카이코스 군도,2024-03-01,2024-03,76,0,76
투르크 & 카이코스 군도,2024-04-01,2024-04,1,0,0
투르크 & 카이코스 군도,2024-05-01,2024-05,49,0,49
투르크 & 카이코스 군도,2024-06-01,2024-06,426,0,426
투르크 & 카이코스 군도,2024-07-01,2024-07,188,0,188
투르크 & 카이코스 군도,2024-08-01,2024-08,200,0,200
투르크 & 카이코스 군도,2024-09-01,2024-09,98,0,98
투르크 & 카이코스 군도,2024-10-01,2024-10,140,0,140
투르크 & 카이코스 군도,2024-11-01,2024-11,137,0,137
투르크 & 카이코스 군도,2024-12-01,2024-12,326,0,326
투르크 & 카이코스 군도,2025-01-01,2025-01,108,0,108
투르크 & 카이코스 군도,2025-02-01,2025-02,175,0,174
투르크 & 카이코스 군도,2025-03-01,2025-03,94,0,94
투르크 & 카이코스 군도,2025-04-01,2025-04,138,0,138
투르크 & 카이코스 군도,2025-05-01,2025-05,369,0,369
투르크 & 카이코스 군도,2025-06-01,2025-06,95,0,95
투르크 & 카이코스 군도,2025-07-01,2025-07,44,0,44
투르크 & 카이코스 군도,2025-08-01,2025-08,226,0,226
투르크 & 카이코스 군도,2025-09-01,2025-09,178,0,178
투르크 & 카이코스 군도,2025-10-01,2025-10,313,0,313
투르크 & 카이코스 군도,2025-11-01,2025-11,57,0,57
투르크 & 카이코스 군도,2025-12-01,2025-12,269,0,269
투르크 & 카이코스 군도,2026-01-01,2026-01,343,0,343
투르크 & 카이코스 군도,2026-02-01,2026-02,62,0,62
투르크 & 카이코스 군도,2026-03-01,2026-03,116,0,116
투르크 & 카이코스 군도,2026-04-01,2026-04,309,0,309
투르크 & 카이코스 군도,2026-05-01,2026-05,101,0,101
투르크 & 카이코스 군도,2026-06-01,2026-06,102,0,102
투르크 & 카이코스 군도,2026-07-01,2026-07,168,0,168
투르크멘,2024-01-01,2024-01,572,0,572
투르크멘,2024-02-01,2024-02,4154,1,4154
투르크멘,2024-03-01,2024-03,7785,3,7782
투르크멘,2024-04-01,2024-04,1713,0,1713
투르크멘,2024-05-01,2024-05,17351,2,17349
투르크멘,2024-06-01,2024-06,3091,2,3089
투르크멘,2024-07-01,2024-07,2276,0,2276
투르크멘,2024-08-01,2024-08,1054,0,1054
투르크멘,2024-09-01,2024-09,2995,0,2995
투르크멘,2024-10-01,2024-10,1736,1,1736
투르크멘,2024-11-01,2024-11,880,29,852
투르크멘,2024-12-01,2024-12,13216,0,13216
투르크멘,2025-01-01,2025-01,8049,0,8049
투르크멘,2025-02-01,2025-02,4220,0,4220
투르크멘,2025-03-01,2025-03,4583,1,4582
투르크멘,2025-04-01,2025-04,3803,0,3803
투르크멘,2025-05-01,2025-05,2522,0,2522
투르크멘,2025-06-01,2025-06,1419,0,1419
투르크멘,2025-07-01,2025-07,1885,0,1885
투르크멘,2025-08-01,2025-08,5472,4,5468
투르크멘,2025-09-01,2025-09,2963,0,2963
투르크멘,2025-10-01,2025-10,1155,1,1154
투르크멘,2025-11-01,2025-11,7959,0,7959
투르크멘,2025-12-01,2025-12,1168,28,1141
투르크멘,2026-01-01,2026-01,2397,128,2270
투르크멘,2026-02-01,2026-02,804,19,784
투르크멘,2026-03-01,2026-03,585,26,559
투르크멘,2026-04-01,2026-04,2551,0,2551
투르크멘,2026-05-01,2026-05,1550,0,1550
투르크멘,2026-06-01,2026-06,4427,0,4427
투르크멘,2026-07-01,2026-07,14255,0,14255
투발루,2024-01-01,2024-01,989,219,770
투발루,2024-02-01,2024-02,281,4,277
투발루,2024-03-01,2024-03,889,1187,-298
투발루,2024-04-01,2024-04,141,7,134
투발루,2024-05-01,2024-05,343,4,339
투발루,2024-06-01,2024-06,114,0,114
투발루,2024-07-01,2024-07,446,4,442
투발루,2024-08-01,2024-08,394,4,390
투발루,2024-09-01,2024-09,497,0,497
투발루,2024-10-01,2024-10,214,0,214
투발루,2024-11-01,2024-11,507,0,507
투발루,2024-12-01,2024-12,270,2,268
투발루,2025-01-01,2025-01,610,2,608
투발루,2025-02-01,2025-02,3,0,3
투발루,2025-03-01,2025-03,514,0,514
투발루,2025-04-01,2025-04,271,0,270
투발루,2025-05-01,2025-05,879,2,877
투발루,2025-06-01,2025-06,32,2,30
투발루,2025-07-01,2025-07,565,1329,-764
투발루,2025-08-01,2025-08,269,0,269
투발루,2025-09-01,2025-09,411,0,411
투발루,2025-10-01,2025-10,18,39,-21
투발루,2025-11-01,2025-11,401,22,379
투발루,2025-12-01,2025-12,741,1,740
투발루,2026-01-01,2026-01,141,2,139
투발루,2026-02-01,2026-02,125,556,-431
투발루,2026-03-01,2026-03,600,0,600
투발루,2026-04-01,2026-04,323,0,323
투발루,2026-05-01,2026-05,0,0,0
투발루,2026-06-01,2026-06,342,1649,-1307
투발루,2026-07-01,2026-07,147,0,147
튀니지,2024-01-01,2024-01,8441,11172,-2731
튀니지,2024-02-01,2024-02,8140,8902,-761
튀니지,2024-03-01,2024-03,10915,11303,-388
튀니지,2024-04-01,2024-04,7347,10203,-2856
튀니지,2024-05-01,2024-05,17753,7329,10424
튀니지,2024-06-01,2024-06,21765,8997,12769
튀니지,2024-07-01,2024-07,8860,10773,-1914
튀니지,2024-08-01,2024-08,5991,11213,-5222
튀니지,2024-09-01,2024-09,9240,10637,-1397
튀니지,2024-10-01,2024-10,12525,10769,1756
튀니지,2024-11-01,2024-11,9471,9740,-269
튀니지,2024-12-01,2024-12,18519,9946,8573
튀니지,2025-01-01,2025-01,9342,7355,1987
튀니지,2025-02-01,2025-02,15960,8729,7232
튀니지,2025-03-01,2025-03,10080,9004,1076
튀니지,2025-04-01,2025-04,10530,8409,2120
튀니지,2025-05-01,2025-05,16087,6547,9540
튀니지,2025-06-01,2025-06,16929,6599,10330
튀니지,2025-07-01,2025-07,25797,8777,17020
튀니지,2025-08-01,2025-08,14608,7705,6903
튀니지,2025-09-01,2025-09,16761,11432,5329
튀니지,2025-10-01,2025-10,18224,10228,7996
튀니지,2025-11-01,2025-11,18894,21803,-2909
튀니지,2025-12-01,2025-12,11769,23501,-11733
튀니지,2026-01-01,2026-01,15657,22429,-6771
튀니지,2026-02-01,2026-02,13947,9945,4002
튀니지,2026-03-01,2026-03,12950,13160,-210
튀니지,2026-04-01,2026-04,13436,8822,4614
튀니지,2026-05-01,2026-05,15573,7136,8437
튀니지,2026-06-01,2026-06,17642,10843,6800
튀니지,2026-07-01,2026-07,13441,9215,4226
튀르키예,2024-01-01,2024-01,795849,132783,663066
튀르키예,2024-02-01,2024-02,807827,82477,725351
튀르키예,2024-03-01,2024-03,919202,112623,806579
튀르키예,2024-04-01,2024-04,912615,135437,777178
튀르키예,2024-05-01,2024-05,750433,97090,653343
튀르키예,2024-06-01,2024-06,602249,118712,483537
튀르키예,2024-07-01,2024-07,717288,95632,621656
튀르키예,2024-08-01,2024-08,644288,122021,522267
튀르키예,2024-09-01,2024-09,673266,103926,569340
튀르키예,2024-10-01,2024-10,743945,92074,651871
튀르키예,2024-11-01,2024-11,704287,97459,606828
튀르키예,2024-12-01,2024-12,737591,86313,651279
튀르키예,2025-01-01,2025-01,662302,108219,554083
튀르키예,2025-02-01,2025-02,852895,84605,768290
튀르키예,2025-03-01,2025-03,833960,133352,700608
튀르키예,2025-04-01,2025-04,853685,127752,725933
튀르키예,2025-05-01,2025-05,682920,145076,537844
튀르키예,2025-06-01,2025-06,682947,94388,588559
튀르키예,2025-07-01,2025-07,884254,127509,756746
튀르키예,2025-08-01,2025-08,705256,102700,602556
튀르키예,2025-09-01,2025-09,1006036,188820,817216
튀르키예,2025-10-01,2025-10,562919,148992,413927
튀르키예,2025-11-01,2025-11,620469,157043,463426
튀르키예,2025-12-01,2025-12,744839,149904,594935
튀르키예,2026-01-01,2026-01,746032,167679,578353
튀르키예,2026-02-01,2026-02,795020,141385,653634
튀르키예,2026-03-01,2026-03,878440,133091,745349
튀르키예,2026-04-01,2026-04,835217,196481,638737
튀르키예,2026-05-01,2026-05,782801,134961,647841
튀르키예,2026-06-01,2026-06,938498,165134,773364
튀르키예,2026-07-01,2026-07,872172,174045,698127
트리니다드 토바고,2024-01-01,2024-01,8033,6768,1265
트리니다드 토바고,2024-02-01,2024-02,3285,13089,-9804
트리니다드 토바고,2024-03-01,2024-03,9329,4804,4525
트리니다드 토바고,2024-04-01,2024-04,3497,22196,-18699
트리니다드 토바고,2024-05-01,2024-05,7356,21243,-13887
트리니다드 토바고,2024-06-01,2024-06,5958,23204,-17246
트리니다드 토바고,2024-07-01,2024-07,5931,19551,-13619
트리니다드 토바고,2024-08-01,2024-08,5894,17107,-11213
트리니다드 토바고,2024-09-01,2024-09,4451,9640,-5188
트리니다드 토바고,2024-10-01,2024-10,14911,13888,1023
트리니다드 토바고,2024-11-01,2024-11,6458,9368,-2910
트리니다드 토바고,2024-12-01,2024-12,2963,8991,-6028
트리니다드 토바고,2025-01-01,2025-01,4261,13540,-9279
트리니다드 토바고,2025-02-01,2025-02,3202,36615,-33413
트리니다드 토바고,2025-03-01,2025-03,4958,49943,-44986
트리니다드 토바고,2025-04-01,2025-04,5218,33777,-28559
트리니다드 토바고,2025-05-01,2025-05,6769,30320,-23552
트리니다드 토바고,2025-06-01,2025-06,10321,27028,-16708
트리니다드 토바고,2025-07-01,2025-07,6677,36039,-29363
트리니다드 토바고,2025-08-01,2025-08,9923,57112,-47190
트리니다드 토바고,2025-09-01,2025-09,6571,59455,-52884
트리니다드 토바고,2025-10-01,2025-10,4038,26976,-22938
트리니다드 토바고,2025-11-01,2025-11,4089,53504,-49415
트리니다드 토바고,2025-12-01,2025-12,5432,47699,-42267
트리니다드 토바고,2026-01-01,2026-01,7142,1362,5780
트리니다드 토바고,2026-02-01,2026-02,8865,3516,5350
트리니다드 토바고,2026-03-01,2026-03,3521,10688,-7166
트리니다드 토바고,2026-04-01,2026-04,5959,64157,-58198
트리니다드 토바고,2026-05-01,2026-05,5741,36284,-30543
트리니다드 토바고,2026-06-01,2026-06,2836,46054,-43218
트리니다드 토바고,2026-07-01,2026-07,5367,10737,-5370
티모르,2024-01-01,2024-01,42,3,39
티모르,2024-02-01,2024-02,32,38,-6
티모르,2024-03-01,2024-03,548,2,546
티모르,2024-04-01,2024-04,330,1,329
티모르,2024-05-01,2024-05,406,0,406
티모르,2024-06-01,2024-06,9,17,-7
티모르,2024-07-01,2024-07,13,3,10
티모르,2024-08-01,2024-08,199,1,198
티모르,2024-09-01,2024-09,325,3,322
티모르,2024-10-01,2024-10,422,6,416
티모르,2024-11-01,2024-11,405,125,280
티모르,2024-12-01,2024-12,195,93,103
티모르,2025-01-01,2025-01,28,2,25
티모르,2025-02-01,2025-02,554,0,554
티모르,2025-03-01,2025-03,128,3,125
티모르,2025-04-01,2025-04,193,17,176
티모르,2025-05-01,2025-05,228,0,228
티모르,2025-06-01,2025-06,1,3,-2
티모르,2025-07-01,2025-07,396,5,391
티모르,2025-08-01,2025-08,255,0,255
티모르,2025-09-01,2025-09,773,1,772
티모르,2025-10-01,2025-10,337,61,276
티모르,2025-11-01,2025-11,444,117,327
티모르,2025-12-01,2025-12,267,118,149
티모르,2026-01-01,2026-01,261,173,88
티모르,2026-02-01,2026-02,101,3,98
티모르,2026-03-01,2026-03,203,2,201
티모르,2026-04-01,2026-04,177,2,175
티모르,2026-05-01,2026-05,205,1,204
티모르,2026-06-01,2026-06,251,1,250
티모르,2026-07-01,2026-07,0,0,0
파나마,2024-01-01,2024-01,12954,12544,410
파나마,2024-02-01,2024-02,177339,3753,173587
파나마,2024-03-01,2024-03,447730,2739,444991
파나마,2024-04-01,2024-04,102637,2094,100544
파나마,2024-05-01,2024-05,151222,1836,149386
파나마,2024-06-01,2024-06,17192,1592,15600
파나마,2024-07-01,2024-07,54748,16030,38717
파나마,2024-08-01,2024-08,123447,19592,103855
파나마,2024-09-01,2024-09,20866,50964,-30098
파나마,2024-10-01,2024-10,92455,3275,89180
파나마,2024-11-01,2024-11,228085,2700,225385
파나마,2024-12-01,2024-12,28651,29961,-1309
파나마,2025-01-01,2025-01,77924,2906,75018
파나마,2025-02-01,2025-02,93074,2298,90775
파나마,2025-03-01,2025-03,126640,2112,124529
파나마,2025-04-01,2025-04,88989,83947,5042
파나마,2025-05-01,2025-05,194375,1611,192764
파나마,2025-06-01,2025-06,272342,2379,269963
파나마,2025-07-01,2025-07,120873,2396,118477
파나마,2025-08-01,2025-08,63727,62278,1449
파나마,2025-09-01,2025-09,184987,24853,160134
파나마,2025-10-01,2025-10,209902,1832,208070
파나마,2025-11-01,2025-11,70369,2224,68145
파나마,2025-12-01,2025-12,69120,2047,67073
파나마,2026-01-01,2026-01,168989,2016,166972
파나마,2026-02-01,2026-02,164137,81679,82459
파나마,2026-03-01,2026-03,184291,16199,168092
파나마,2026-04-01,2026-04,29320,2469,26850
파나마,2026-05-01,2026-05,71148,2516,68632
파나마,2026-06-01,2026-06,103569,3843,99726
파나마,2026-07-01,2026-07,124153,9305,114848
파나마운하지역,2024-01-01,2024-01,0,0,0
파나마운하지역,2024-02-01,2024-02,0,0,0
파나마운하지역,2024-03-01,2024-03,0,0,0
파나마운하지역,2024-04-01,2024-04,0,0,0
파나마운하지역,2024-05-01,2024-05,0,0,0
파나마운하지역,2024-06-01,2024-06,0,0,0
파나마운하지역,2024-07-01,2024-07,0,0,0
파나마운하지역,2024-08-01,2024-08,0,0,0
파나마운하지역,2024-09-01,2024-09,0,0,0
파나마운하지역,2024-10-01,2024-10,0,0,0
파나마운하지역,2024-11-01,2024-11,0,0,0
파나마운하지역,2024-12-01,2024-12,0,0,0
파나마운하지역,2025-01-01,2025-01,0,0,0
파나마운하지역,2025-02-01,2025-02,0,0,0
파나마운하지역,2025-03-01,2025-03,0,0,0
파나마운하지역,2025-04-01,2025-04,0,0,0
파나마운하지역,2025-05-01,2025-05,0,0,0
파나마운하지역,2025-06-01,2025-06,0,0,0
파나마운하지역,2025-07-01,2025-07,0,0,0
파나마운하지역,2025-08-01,2025-08,0,0,0
파나마운하지역,2025-09-01,2025-09,0,0,0
파나마운하지역,2025-10-01,2025-10,0,0,0
파나마운하지역,2025-11-01,2025-11,0,0,0
파나마운하지역,2025-12-01,2025-12,0,0,0
파나마운하지역,2026-01-01,2026-01,0,0,0
파나마운하지역,2026-02-01,2026-02,0,0,0
파나마운하지역,2026-03-01,2026-03,0,0,0
파나마운하지역,2026-04-01,2026-04,0,0,0
파나마운하지역,2026-05-01,2026-05,0,0,0
파나마운하지역,2026-06-01,2026-06,0,0,0
파나마운하지역,2026-07-01,2026-07,0,0,0
파라과이,2024-01-01,2024-01,10392,19662,-9269
파라과이,2024-02-01,2024-02,5740,25243,-19503
파라과이,2024-03-01,2024-03,9780,7826,1954
파라과이,2024-04-01,2024-04,8745,27001,-18256
파라과이,2024-05-01,2024-05,8477,2246,6230
파라과이,2024-06-01,2024-06,10928,593,10335
파라과이,2024-07-01,2024-07,13124,286,12837
파라과이,2024-08-01,2024-08,13009,517,12492
파라과이,2024-09-01,2024-09,11765,706,11059
파라과이,2024-10-01,2024-10,9526,305,9221
파라과이,2024-11-01,2024-11,8797,690,8107
파라과이,2024-12-01,2024-12,14655,302,14353
파라과이,2025-01-01,2025-01,58354,544,57811
파라과이,2025-02-01,2025-02,9869,1571,8298
파라과이,2025-03-01,2025-03,50746,245,50500
파라과이,2025-04-01,2025-04,9794,451,9343
파라과이,2025-05-01,2025-05,8187,1507,6680
파라과이,2025-06-01,2025-06,8765,838,7927
파라과이,2025-07-01,2025-07,51000,1686,49314
파라과이,2025-08-01,2025-08,7574,1670,5905
파라과이,2025-09-01,2025-09,13577,626,12951
파라과이,2025-10-01,2025-10,10126,6744,3383
파라과이,2025-11-01,2025-11,11148,3591,7557
파라과이,2025-12-01,2025-12,15300,330,14970
파라과이,2026-01-01,2026-01,11470,985,10486
파라과이,2026-02-01,2026-02,10729,281,10448
파라과이,2026-03-01,2026-03,18220,408,17813
파라과이,2026-04-01,2026-04,17467,638,16829
파라과이,2026-05-01,2026-05,11992,950,11041
파라과이,2026-06-01,2026-06,17879,1684,16195
파라과이,2026-07-01,2026-07,21767,1074,20693
파로에 군도,2024-01-01,2024-01,1,0,1
파로에 군도,2024-02-01,2024-02,0,0,0
파로에 군도,2024-03-01,2024-03,0,0,0
파로에 군도,2024-04-01,2024-04,0,246,-246
파로에 군도,2024-05-01,2024-05,0,0,0
파로에 군도,2024-06-01,2024-06,0,0,0
파로에 군도,2024-07-01,2024-07,0,0,0
파로에 군도,2024-08-01,2024-08,0,0,0
파로에 군도,2024-09-01,2024-09,0,0,0
파로에 군도,2024-10-01,2024-10,6,0,6
파로에 군도,2024-11-01,2024-11,0,229,-229
파로에 군도,2024-12-01,2024-12,2,0,2
파로에 군도,2025-01-01,2025-01,0,0,0
파로에 군도,2025-02-01,2025-02,0,0,0
파로에 군도,2025-03-01,2025-03,0,1,-1
파로에 군도,2025-04-01,2025-04,6,0,6
파로에 군도,2025-05-01,2025-05,0,0,0
파로에 군도,2025-06-01,2025-06,0,391,-391
파로에 군도,2025-07-01,2025-07,0,0,0
파로에 군도,2025-08-01,2025-08,0,41,-41
파로에 군도,2025-09-01,2025-09,16,229,-213
파로에 군도,2025-10-01,2025-10,0,73,-72
파로에 군도,2025-11-01,2025-11,0,35,-35
파로에 군도,2025-12-01,2025-12,300,1185,-885
파로에 군도,2026-01-01,2026-01,0,169,-169
파로에 군도,2026-02-01,2026-02,0,0,0
파로에 군도,2026-03-01,2026-03,0,166,-166
파로에 군도,2026-04-01,2026-04,0,162,-161
파로에 군도,2026-05-01,2026-05,313,409,-96
파로에 군도,2026-06-01,2026-06,1,0,1
파로에 군도,2026-07-01,2026-07,0,6,-6
파키스탄,2024-01-01,2024-01,135220,28205,107015
파키스탄,2024-02-01,2024-02,94943,29547,65396
파키스탄,2024-03-01,2024-03,84916,19349,65566
파키스탄,2024-04-01,2024-04,90319,43341,46979
파키스탄,2024-05-01,2024-05,80246,23454,56791
파키스탄,2024-06-01,2024-06,65817,23341,42476
파키스탄,2024-07-01,2024-07,64548,19338,45210
파키스탄,2024-08-01,2024-08,63292,15910,47382
파키스탄,2024-09-01,2024-09,82413,29529,52884
파키스탄,2024-10-01,2024-10,77552,18314,59239
파키스탄,2024-11-01,2024-11,64130,31485,32645
파키스탄,2024-12-01,2024-12,80478,15849,64629
파키스탄,2025-01-01,2025-01,107101,38186,68915
파키스탄,2025-02-01,2025-02,95917,20904,75012
파키스탄,2025-03-01,2025-03,116426,13572,102853
파키스탄,2025-04-01,2025-04,115633,27316,88317
파키스탄,2025-05-01,2025-05,93441,12919,80523
파키스탄,2025-06-01,2025-06,92755,23489,69266
파키스탄,2025-07-01,2025-07,121414,14664,106750
파키스탄,2025-08-01,2025-08,105628,16531,89098
파키스탄,2025-09-01,2025-09,168707,15710,152997
파키스탄,2025-10-01,2025-10,102288,22741,79547
파키스탄,2025-11-01,2025-11,93049,19707,73342
파키스탄,2025-12-01,2025-12,106639,29300,77339
파키스탄,2026-01-01,2026-01,88914,19673,69241
파키스탄,2026-02-01,2026-02,72731,16174,56557
파키스탄,2026-03-01,2026-03,108744,19192,89552
파키스탄,2026-04-01,2026-04,99231,29681,69550
파키스탄,2026-05-01,2026-05,86515,14413,72103
파키스탄,2026-06-01,2026-06,92131,16040,76091
파키스탄,2026-07-01,2026-07,111533,19131,92402
파푸아 뉴기니,2024-01-01,2024-01,4262,78480,-74218
파푸아 뉴기니,2024-02-01,2024-02,2632,13651,-11019
파푸아 뉴기니,2024-03-01,2024-03,3149,40426,-37277
파푸아 뉴기니,2024-04-01,2024-04,37185,62961,-25776
파푸아 뉴기니,2024-05-01,2024-05,3599,52039,-48440
파푸아 뉴기니,2024-06-01,2024-06,5613,70463,-64850
파푸아 뉴기니,2024-07-01,2024-07,5148,60738,-55590
파푸아 뉴기니,2024-08-01,2024-08,2429,90617,-88188
파푸아 뉴기니,2024-09-01,2024-09,9884,121386,-111502
파푸아 뉴기니,2024-10-01,2024-10,4768,151699,-146930
파푸아 뉴기니,2024-11-01,2024-11,4413,82696,-78283
파푸아 뉴기니,2024-12-01,2024-12,5004,176485,-171481
파푸아 뉴기니,2025-01-01,2025-01,6290,151530,-145240
파푸아 뉴기니,2025-02-01,2025-02,6203,25360,-19158
파푸아 뉴기니,2025-03-01,2025-03,3975,38033,-34058
파푸아 뉴기니,2025-04-01,2025-04,5299,220951,-215652
파푸아 뉴기니,2025-05-01,2025-05,3904,117440,-113537
파푸아 뉴기니,2025-06-01,2025-06,4126,117061,-112935
파푸아 뉴기니,2025-07-01,2025-07,6349,177692,-171344
파푸아 뉴기니,2025-08-01,2025-08,29722,147167,-117445
파푸아 뉴기니,2025-09-01,2025-09,33989,147866,-113877
파푸아 뉴기니,2025-10-01,2025-10,5943,157629,-151686
파푸아 뉴기니,2025-11-01,2025-11,38421,62729,-24307
파푸아 뉴기니,2025-12-01,2025-12,31558,162033,-130474
파푸아 뉴기니,2026-01-01,2026-01,7467,72873,-65406
파푸아 뉴기니,2026-02-01,2026-02,4359,132957,-128598
파푸아 뉴기니,2026-03-01,2026-03,61410,37842,23569
파푸아 뉴기니,2026-04-01,2026-04,4346,153987,-149640
파푸아 뉴기니,2026-05-01,2026-05,3950,82061,-78111
파푸아 뉴기니,2026-06-01,2026-06,65184,187704,-122520
파푸아 뉴기니,2026-07-01,2026-07,45503,118056,-72553
팔라우,2024-01-01,2024-01,545,34,511
팔라우,2024-02-01,2024-02,464,17,447
팔라우,2024-03-01,2024-03,236,0,236
팔라우,2024-04-01,2024-04,4869,14,4855
팔라우,2024-05-01,2024-05,186,72,114
팔라우,2024-06-01,2024-06,262,110,153
팔라우,2024-07-01,2024-07,378,0,378
팔라우,2024-08-01,2024-08,4506,19,4487
팔라우,2024-09-01,2024-09,143,32,111
팔라우,2024-10-01,2024-10,463,19,444
팔라우,2024-11-01,2024-11,4544,73,4472
팔라우,2024-12-01,2024-12,331,0,331
팔라우,2025-01-01,2025-01,597,24,572
팔라우,2025-02-01,2025-02,137,33,104
팔라우,2025-03-01,2025-03,331,44,287
팔라우,2025-04-01,2025-04,3973,43,3930
팔라우,2025-05-01,2025-05,207,47,160
팔라우,2025-06-01,2025-06,122,29,93
팔라우,2025-07-01,2025-07,4329,0,4329
팔라우,2025-08-01,2025-08,18,19,-1
팔라우,2025-09-01,2025-09,364,23,340
팔라우,2025-10-01,2025-10,248,19,230
팔라우,2025-11-01,2025-11,197,1,195
팔라우,2025-12-01,2025-12,2591,2,2589
팔라우,2026-01-01,2026-01,208,2,206
팔라우,2026-02-01,2026-02,146,37,109
팔라우,2026-03-01,2026-03,194,51,143
팔라우,2026-04-01,2026-04,345,44,301
팔라우,2026-05-01,2026-05,5506,0,5506
팔라우,2026-06-01,2026-06,284,28,256
팔라우,2026-07-01,2026-07,273,50,223
팔레스타인 해방기구,2024-01-01,2024-01,1553,30,1523
팔레스타인 해방기구,2024-02-01,2024-02,2295,170,2124
팔레스타인 해방기구,2024-03-01,2024-03,861,267,594
팔레스타인 해방기구,2024-04-01,2024-04,1823,0,1823
팔레스타인 해방기구,2024-05-01,2024-05,2190,22,2168
팔레스타인 해방기구,2024-06-01,2024-06,749,176,573
팔레스타인 해방기구,2024-07-01,2024-07,418,170,248
팔레스타인 해방기구,2024-08-01,2024-08,1254,0,1254
팔레스타인 해방기구,2024-09-01,2024-09,1959,262,1697
팔레스타인 해방기구,2024-10-01,2024-10,2750,95,2655
팔레스타인 해방기구,2024-11-01,2024-11,2564,87,2477
팔레스타인 해방기구,2024-12-01,2024-12,90,113,-23
팔레스타인 해방기구,2025-01-01,2025-01,918,0,918
팔레스타인 해방기구,2025-02-01,2025-02,739,101,637
팔레스타인 해방기구,2025-03-01,2025-03,1226,247,979
팔레스타인 해방기구,2025-04-01,2025-04,4331,388,3942
팔레스타인 해방기구,2025-05-01,2025-05,3442,91,3351
팔레스타인 해방기구,2025-06-01,2025-06,1577,137,1440
팔레스타인 해방기구,2025-07-01,2025-07,505,0,505
팔레스타인 해방기구,2025-08-01,2025-08,1256,103,1153
팔레스타인 해방기구,2025-09-01,2025-09,1021,3,1019
팔레스타인 해방기구,2025-10-01,2025-10,2209,178,2031
팔레스타인 해방기구,2025-11-01,2025-11,916,13,902
팔레스타인 해방기구,2025-12-01,2025-12,4121,0,4121
팔레스타인 해방기구,2026-01-01,2026-01,1041,21,1020
팔레스타인 해방기구,2026-02-01,2026-02,5655,125,5530
팔레스타인 해방기구,2026-03-01,2026-03,962,146,816
팔레스타인 해방기구,2026-04-01,2026-04,4622,355,4267
팔레스타인 해방기구,2026-05-01,2026-05,4012,0,4012
팔레스타인 해방기구,2026-06-01,2026-06,4917,283,4633
팔레스타인 해방기구,2026-07-01,2026-07,824,452,372
페루,2024-01-01,2024-01,48306,173245,-124939
페루,2024-02-01,2024-02,51989,334270,-282281
페루,2024-03-01,2024-03,56907,354658,-297752
페루,2024-04-01,2024-04,56607,242154,-185547
페루,2024-05-01,2024-05,54348,207906,-153559
페루,2024-06-01,2024-06,46441,195641,-149200
페루,2024-07-01,2024-07,48274,261437,-213162
페루,2024-08-01,2024-08,48496,119632,-71137
페루,2024-09-01,2024-09,47794,219787,-171993
페루,2024-10-01,2024-10,49768,212059,-162291
페루,2024-11-01,2024-11,45031,129141,-84110
페루,2024-12-01,2024-12,51700,151620,-99920
페루,2025-01-01,2025-01,40438,257596,-217158
페루,2025-02-01,2025-02,52078,228380,-176302
페루,2025-03-01,2025-03,45850,393420,-347570
페루,2025-04-01,2025-04,61355,346018,-284663
페루,2025-05-01,2025-05,49138,178407,-129268
페루,2025-06-01,2025-06,49164,214777,-165612
페루,2025-07-01,2025-07,61463,232842,-171378
페루,2025-08-01,2025-08,71150,244248,-173098
페루,2025-09-01,2025-09,58776,88811,-30035
페루,2025-10-01,2025-10,42047,114960,-72913
페루,2025-11-01,2025-11,46189,93202,-47013
페루,2025-12-01,2025-12,51354,167880,-116526
페루,2026-01-01,2026-01,46670,244782,-198112
페루,2026-02-01,2026-02,53286,280057,-226771
페루,2026-03-01,2026-03,55256,316050,-260795
페루,2026-04-01,2026-04,67714,193868,-126154
페루,2026-05-01,2026-05,57588,164883,-107295
페루,2026-06-01,2026-06,73754,425563,-351809
페루,2026-07-01,2026-07,77389,327255,-249867
포루투갈,2024-01-01,2024-01,230313,57381,172932
포루투갈,2024-02-01,2024-02,80765,35416,45349
포루투갈,2024-03-01,2024-03,75743,85596,-9852
포루투갈,2024-04-01,2024-04,84767,37646,47121
포루투갈,2024-05-01,2024-05,79324,50534,28791
포루투갈,2024-06-01,2024-06,76000,36549,39451
포루투갈,2024-07-01,2024-07,66144,39442,26702
포루투갈,2024-08-01,2024-08,197368,50612,146756
포루투갈,2024-09-01,2024-09,202811,37965,164845
포루투갈,2024-10-01,2024-10,71560,38732,32828
포루투갈,2024-11-01,2024-11,78174,20396,57778
포루투갈,2024-12-01,2024-12,58801,28371,30430
포루투갈,2025-01-01,2025-01,56928,37262,19665
포루투갈,2025-02-01,2025-02,95112,41019,54093
포루투갈,2025-03-01,2025-03,82963,42755,40207
포루투갈,2025-04-01,2025-04,75884,28547,47337
포루투갈,2025-05-01,2025-05,61925,26783,35142
포루투갈,2025-06-01,2025-06,67731,33177,34555
포루투갈,2025-07-01,2025-07,93839,41968,51871
포루투갈,2025-08-01,2025-08,74695,29484,45211
포루투갈,2025-09-01,2025-09,66749,36199,30550
포루투갈,2025-10-01,2025-10,77002,21725,55277
포루투갈,2025-11-01,2025-11,90771,25073,65698
포루투갈,2025-12-01,2025-12,73129,46411,26718
포루투갈,2026-01-01,2026-01,83948,32122,51827
포루투갈,2026-02-01,2026-02,86408,34054,52355
포루투갈,2026-03-01,2026-03,88885,49941,38943
포루투갈,2026-04-01,2026-04,83107,39229,43878
포루투갈,2026-05-01,2026-05,60821,26427,34393
포루투갈,2026-06-01,2026-06,74852,23242,51610
포루투갈,2026-07-01,2026-07,75665,29832,45833
포클랜드 군도,2024-01-01,2024-01,12,0,12
포클랜드 군도,2024-02-01,2024-02,0,0,0
포클랜드 군도,2024-03-01,2024-03,26,0,26
포클랜드 군도,2024-04-01,2024-04,9,0,9
포클랜드 군도,2024-05-01,2024-05,0,1,-1
포클랜드 군도,2024-06-01,2024-06,0,282,-282
포클랜드 군도,2024-07-01,2024-07,0,0,0
포클랜드 군도,2024-08-01,2024-08,0,0,0
포클랜드 군도,2024-09-01,2024-09,4,0,4
포클랜드 군도,2024-10-01,2024-10,0,0,0
포클랜드 군도,2024-11-01,2024-11,0,0,0
포클랜드 군도,2024-12-01,2024-12,0,0,0
포클랜드 군도,2025-01-01,2025-01,0,0,0
포클랜드 군도,2025-02-01,2025-02,0,0,0
포클랜드 군도,2025-03-01,2025-03,0,0,0
포클랜드 군도,2025-04-01,2025-04,0,0,0
포클랜드 군도,2025-05-01,2025-05,0,0,0
포클랜드 군도,2025-06-01,2025-06,0,297,-297
포클랜드 군도,2025-07-01,2025-07,0,61,-61
포클랜드 군도,2025-08-01,2025-08,0,371,-371
포클랜드 군도,2025-09-01,2025-09,176,0,176
포클랜드 군도,2025-10-01,2025-10,0,0,0
포클랜드 군도,2025-11-01,2025-11,0,0,0
포클랜드 군도,2025-12-01,2025-12,9,0,9
포클랜드 군도,2026-01-01,2026-01,2,0,2
포클랜드 군도,2026-02-01,2026-02,0,7,-7
포클랜드 군도,2026-03-01,2026-03,2,0,2
포클랜드 군도,2026-04-01,2026-04,5,0,5
포클랜드 군도,2026-05-01,2026-05,0,0,0
포클랜드 군도,2026-06-01,2026-06,0,0,0
포클랜드 군도,2026-07-01,2026-07,0,0,0
폴란드,2024-01-01,2024-01,756011,78811,677200
폴란드,2024-02-01,2024-02,495449,80697,414752
폴란드,2024-03-01,2024-03,555555,84908,470647
폴란드,2024-04-01,2024-04,712807,111964,600842
폴란드,2024-05-01,2024-05,608223,75905,532318
폴란드,2024-06-01,2024-06,771475,97254,674222
폴란드,2024-07-01,2024-07,968540,103104,865435
폴란드,2024-08-01,2024-08,837686,90678,747008
폴란드,2024-09-01,2024-09,1084324,96161,988163
폴란드,2024-10-01,2024-10,744203,77027,667176
폴란드,2024-11-01,2024-11,572575,64471,508104
폴란드,2024-12-01,2024-12,803442,108137,695305
폴란드,2025-01-01,2025-01,765206,80693,684513
폴란드,2025-02-01,2025-02,725083,67333,657750
폴란드,2025-03-01,2025-03,877946,68737,809209
폴란드,2025-04-01,2025-04,957555,73622,883933
폴란드,2025-05-01,2025-05,654533,82451,572082
폴란드,2025-06-01,2025-06,933260,97083,836177
폴란드,2025-07-01,2025-07,660892,100578,560314
폴란드,2025-08-01,2025-08,487198,85098,402100
폴란드,2025-09-01,2025-09,1424460,95366,1329094
폴란드,2025-10-01,2025-10,530231,89226,441005
폴란드,2025-11-01,2025-11,435894,104245,331650
폴란드,2025-12-01,2025-12,552464,116771,435693
폴란드,2026-01-01,2026-01,595462,86220,509242
폴란드,2026-02-01,2026-02,607790,93725,514065
폴란드,2026-03-01,2026-03,778578,114468,664110
폴란드,2026-04-01,2026-04,796088,114240,681847
폴란드,2026-05-01,2026-05,672197,115798,556399
폴란드,2026-06-01,2026-06,1107801,121386,986415
폴란드,2026-07-01,2026-07,985560,108542,877019
푸에르토리코,2024-01-01,2024-01,69518,22940,46578
푸에르토리코,2024-02-01,2024-02,82821,29050,53771
푸에르토리코,2024-03-01,2024-03,44543,35373,9170
푸에르토리코,2024-04-01,2024-04,41938,30770,11167
푸에르토리코,2024-05-01,2024-05,33026,25687,7339
푸에르토리코,2024-06-01,2024-06,51286,30461,20825
푸에르토리코,2024-07-01,2024-07,46609,26956,19653
푸에르토리코,2024-08-01,2024-08,49884,37445,12439
푸에르토리코,2024-09-01,2024-09,47984,31727,16257
푸에르토리코,2024-10-01,2024-10,40689,28031,12657
푸에르토리코,2024-11-01,2024-11,47283,33252,14031
푸에르토리코,2024-12-01,2024-12,94221,26585,67636
푸에르토리코,2025-01-01,2025-01,34894,11880,23014
푸에르토리코,2025-02-01,2025-02,37396,29101,8295
푸에르토리코,2025-03-01,2025-03,42124,27924,14201
푸에르토리코,2025-04-01,2025-04,34906,24441,10465
푸에르토리코,2025-05-01,2025-05,32915,28051,4864
푸에르토리코,2025-06-01,2025-06,28181,24550,3631
푸에르토리코,2025-07-01,2025-07,40744,38773,1972
푸에르토리코,2025-08-01,2025-08,29204,25606,3597
푸에르토리코,2025-09-01,2025-09,27906,37576,-9670
푸에르토리코,2025-10-01,2025-10,31839,52273,-20434
푸에르토리코,2025-11-01,2025-11,37474,28684,8790
푸에르토리코,2025-12-01,2025-12,42407,29894,12512
푸에르토리코,2026-01-01,2026-01,21039,23238,-2198
푸에르토리코,2026-02-01,2026-02,54816,19759,35057
푸에르토리코,2026-03-01,2026-03,32929,40363,-7434
푸에르토리코,2026-04-01,2026-04,26104,26045,59
푸에르토리코,2026-05-01,2026-05,30877,34970,-4093
푸에르토리코,2026-06-01,2026-06,21402,33263,-11861
푸에르토리코,2026-07-01,2026-07,34731,37655,-2924
프랑스,2024-01-01,2024-01,271950,588469,-316518
프랑스,2024-02-01,2024-02,334998,544239,-209241
프랑스,2024-03-01,2024-03,503339,613462,-110123
프랑스,2024-04-01,2024-04,503822,640793,-136970
프랑스,2024-05-01,2024-05,330628,615882,-285254
프랑스,2024-06-01,2024-06,434033,733389,-299356
프랑스,2024-07-01,2024-07,267948,646512,-378563
프랑스,2024-08-01,2024-08,797291,808423,-11133
프랑스,2024-09-01,2024-09,521705,533888,-12183
프랑스,2024-10-01,2024-10,306748,649011,-342264
프랑스,2024-11-01,2024-11,736866,624989,111878
프랑스,2024-12-01,2024-12,515079,1148633,-633554
프랑스,2025-01-01,2025-01,476678,482945,-6266
프랑스,2025-02-01,2025-02,291311,818432,-527121
프랑스,2025-03-01,2025-03,478729,665193,-186464
프랑스,2025-04-01,2025-04,448114,733258,-285144
프랑스,2025-05-01,2025-05,500967,604025,-103058
프랑스,2025-06-01,2025-06,595846,736976,-141130
프랑스,2025-07-01,2025-07,564242,831277,-267035
프랑스,2025-08-01,2025-08,977528,621858,355670
프랑스,2025-09-01,2025-09,529072,758347,-229275
프랑스,2025-10-01,2025-10,473724,777615,-303891
프랑스,2025-11-01,2025-11,732785,813805,-81020
프랑스,2025-12-01,2025-12,281780,799727,-517947
프랑스,2026-01-01,2026-01,483671,825937,-342266
프랑스,2026-02-01,2026-02,225345,618900,-393556
프랑스,2026-03-01,2026-03,317695,1131634,-813939
프랑스,2026-04-01,2026-04,778069,787597,-9527
프랑스,2026-05-01,2026-05,276648,611250,-334602
프랑스,2026-06-01,2026-06,340763,773935,-433172
프랑스,2026-07-01,2026-07,564235,627186,-62951
프랑스 메트로폴리탄,2024-01-01,2024-01,0,0,0
프랑스 메트로폴리탄,2024-02-01,2024-02,0,0,0
프랑스 메트로폴리탄,2024-03-01,2024-03,0,0,0
프랑스 메트로폴리탄,2024-04-01,2024-04,0,0,0
프랑스 메트로폴리탄,2024-05-01,2024-05,0,0,0
프랑스 메트로폴리탄,2024-06-01,2024-06,0,0,0
프랑스 메트로폴리탄,2024-07-01,2024-07,0,0,0
프랑스 메트로폴리탄,2024-08-01,2024-08,0,0,0
프랑스 메트로폴리탄,2024-09-01,2024-09,0,0,0
프랑스 메트로폴리탄,2024-10-01,2024-10,0,0,0
프랑스 메트로폴리탄,2024-11-01,2024-11,0,0,0
프랑스 메트로폴리탄,2024-12-01,2024-12,0,0,0
프랑스 메트로폴리탄,2025-01-01,2025-01,0,0,0
프랑스 메트로폴리탄,2025-02-01,2025-02,0,0,0
프랑스 메트로폴리탄,2025-03-01,2025-03,0,0,0
프랑스 메트로폴리탄,2025-04-01,2025-04,0,0,0
프랑스 메트로폴리탄,2025-05-01,2025-05,0,0,0
프랑스 메트로폴리탄,2025-06-01,2025-06,0,0,0
프랑스 메트로폴리탄,2025-07-01,2025-07,0,0,0
프랑스 메트로폴리탄,2025-08-01,2025-08,0,0,0
프랑스 메트로폴리탄,2025-09-01,2025-09,0,0,0
프랑스 메트로폴리탄,2025-10-01,2025-10,0,0,0
프랑스 메트로폴리탄,2025-11-01,2025-11,0,0,0
프랑스 메트로폴리탄,2025-12-01,2025-12,0,0,0
프랑스 메트로폴리탄,2026-01-01,2026-01,0,0,0
프랑스 메트로폴리탄,2026-02-01,2026-02,0,0,0
프랑스 메트로폴리탄,2026-03-01,2026-03,0,0,0
프랑스 메트로폴리탄,2026-04-01,2026-04,0,0,0
프랑스 메트로폴리탄,2026-05-01,2026-05,0,0,0
프랑스 메트로폴리탄,2026-06-01,2026-06,0,0,0
프랑스 메트로폴리탄,2026-07-01,2026-07,0,0,0
피지,2024-01-01,2024-01,27134,598,26536
피지,2024-02-01,2024-02,2446,86,2361
피지,2024-03-01,2024-03,25806,152,25654
피지,2024-04-01,2024-04,2510,82,2428
피지,2024-05-01,2024-05,2480,194,2286
피지,2024-06-01,2024-06,32877,415,32462
피지,2024-07-01,2024-07,24910,412,24498
피지,2024-08-01,2024-08,3581,232,3349
피지,2024-09-01,2024-09,31972,443,31529
피지,2024-10-01,2024-10,23279,17951,5327
피지,2024-11-01,2024-11,4715,2655,2060
피지,2024-12-01,2024-12,28917,14895,14022
피지,2025-01-01,2025-01,2997,160,2837
피지,2025-02-01,2025-02,29799,332,29467
피지,2025-03-01,2025-03,28904,430,28474
피지,2025-04-01,2025-04,2905,238,2667
피지,2025-05-01,2025-05,24521,305,24216
피지,2025-06-01,2025-06,18925,429,18496
피지,2025-07-01,2025-07,30722,310,30412
피지,2025-08-01,2025-08,31344,155,31189
피지,2025-09-01,2025-09,3524,96,3428
피지,2025-10-01,2025-10,18704,365,18339
피지,2025-11-01,2025-11,20858,369,20489
피지,2025-12-01,2025-12,4081,225,3856
피지,2026-01-01,2026-01,20542,558,19984
피지,2026-02-01,2026-02,19343,232,19112
피지,2026-03-01,2026-03,61363,378,60986
피지,2026-04-01,2026-04,42223,16,42208
피지,2026-05-01,2026-05,40497,736,39761
피지,2026-06-01,2026-06,43823,386,43437
피지,2026-07-01,2026-07,25908,317,25590
피트카이른,2024-01-01,2024-01,0,0,0
피트카이른,2024-02-01,2024-02,0,0,0
피트카이른,2024-03-01,2024-03,0,1,-1
피트카이른,2024-04-01,2024-04,0,0,0
피트카이른,2024-05-01,2024-05,0,0,0
피트카이른,2024-06-01,2024-06,0,0,0
피트카이른,2024-07-01,2024-07,0,0,0
피트카이른,2024-08-01,2024-08,0,0,0
피트카이른,2024-09-01,2024-09,0,0,0
피트카이른,2024-10-01,2024-10,0,0,0
피트카이른,2024-11-01,2024-11,0,0,0
피트카이른,2024-12-01,2024-12,0,0,0
피트카이른,2025-01-01,2025-01,0,13,-13
피트카이른,2025-02-01,2025-02,0,0,0
피트카이른,2025-03-01,2025-03,0,0,0
피트카이른,2025-04-01,2025-04,0,0,0
피트카이른,2025-05-01,2025-05,0,0,0
피트카이른,2025-06-01,2025-06,4,0,4
피트카이른,2025-07-01,2025-07,0,0,0
피트카이른,2025-08-01,2025-08,0,0,0
피트카이른,2025-09-01,2025-09,0,0,0
피트카이른,2025-10-01,2025-10,0,0,0
피트카이른,2025-11-01,2025-11,0,9,-9
피트카이른,2025-12-01,2025-12,0,8,-8
피트카이른,2026-01-01,2026-01,0,0,0
피트카이른,2026-02-01,2026-02,0,0,0
피트카이른,2026-03-01,2026-03,0,0,0
피트카이른,2026-04-01,2026-04,0,0,0
피트카이른,2026-05-01,2026-05,0,0,0
피트카이른,2026-06-01,2026-06,0,0,0
피트카이른,2026-07-01,2026-07,0,0,0
핀란드,2024-01-01,2024-01,26734,80949,-54215
핀란드,2024-02-01,2024-02,15367,54825,-39457
핀란드,2024-03-01,2024-03,32291,65450,-33159
핀란드,2024-04-01,2024-04,22774,79391,-56616
핀란드,2024-05-01,2024-05,20774,56372,-35598
핀란드,2024-06-01,2024-06,26478,65519,-39041
핀란드,2024-07-01,2024-07,49918,74983,-25065
핀란드,2024-08-01,2024-08,38357,68964,-30607
핀란드,2024-09-01,2024-09,53658,71319,-17661
핀란드,2024-10-01,2024-10,53210,100682,-47473
핀란드,2024-11-01,2024-11,42589,65680,-23091
핀란드,2024-12-01,2024-12,85711,78629,7082
핀란드,2025-01-01,2025-01,45116,74099,-28984
핀란드,2025-02-01,2025-02,33203,82861,-49658
핀란드,2025-03-01,2025-03,40570,92122,-51552
핀란드,2025-04-01,2025-04,27825,96895,-69069
핀란드,2025-05-01,2025-05,40946,113143,-72197
핀란드,2025-06-01,2025-06,35047,105573,-70526
핀란드,2025-07-01,2025-07,33216,123011,-89795
핀란드,2025-08-01,2025-08,27550,82614,-55063
핀란드,2025-09-01,2025-09,41683,68977,-27294
핀란드,2025-10-01,2025-10,28834,90811,-61977
핀란드,2025-11-01,2025-11,33523,63400,-29877
핀란드,2025-12-01,2025-12,66605,106902,-40297
핀란드,2026-01-01,2026-01,30335,75426,-45091
핀란드,2026-02-01,2026-02,26525,59019,-32494
핀란드,2026-03-01,2026-03,42722,66741,-24019
핀란드,2026-04-01,2026-04,52232,81364,-29132
핀란드,2026-05-01,2026-05,33723,64029,-30306
핀란드,2026-06-01,2026-06,35337,76249,-40911
핀란드,2026-07-01,2026-07,34549,64394,-29845
필리핀,2024-01-01,2024-01,708967,398092,310876
필리핀,2024-02-01,2024-02,871714,397652,474062
필리핀,2024-03-01,2024-03,677320,421856,255465
필리핀,2024-04-01,2024-04,847146,466355,380791
필리핀,2024-05-01,2024-05,984922,357150,627772
필리핀,2024-06-01,2024-06,770306,314716,455589
필리핀,2024-07-01,2024-07,911837,379941,531896
필리핀,2024-08-01,2024-08,882276,357097,525179
필리핀,2024-09-01,2024-09,986488,379467,607021
필리핀,2024-10-01,2024-10,949449,385336,564114
필리핀,2024-11-01,2024-11,841471,294174,547297
필리핀,2024-12-01,2024-12,814824,279187,535638
필리핀,2025-01-01,2025-01,880737,229072,651665
필리핀,2025-02-01,2025-02,727945,272120,455825
필리핀,2025-03-01,2025-03,1051397,326628,724769
필리핀,2025-04-01,2025-04,735015,337085,397930
필리핀,2025-05-01,2025-05,863479,278120,585359
필리핀,2025-06-01,2025-06,1026685,315402,711283
필리핀,2025-07-01,2025-07,1048524,262598,785925
필리핀,2025-08-01,2025-08,1032044,266736,765308
필리핀,2025-09-01,2025-09,1172249,287425,884823
필리핀,2025-10-01,2025-10,778221,327592,450629
필리핀,2025-11-01,2025-11,1096249,291007,805242
필리핀,2025-12-01,2025-12,1203926,306933,896993
필리핀,2026-01-01,2026-01,1336850,381492,955358
필리핀,2026-02-01,2026-02,1114134,288226,825908
필리핀,2026-03-01,2026-03,1718916,385015,1333901
필리핀,2026-04-01,2026-04,1595236,399713,1195522
필리핀,2026-05-01,2026-05,1699997,403071,1296926
필리핀,2026-06-01,2026-06,1973584,364806,1608779
필리핀,2026-07-01,2026-07,1858304,404969,1453335
해외교포,2024-01-01,2024-01,0,0,0
해외교포,2024-02-01,2024-02,0,0,0
해외교포,2024-03-01,2024-03,0,0,0
해외교포,2024-04-01,2024-04,0,0,0
해외교포,2024-05-01,2024-05,0,0,0
해외교포,2024-06-01,2024-06,0,0,0
해외교포,2024-07-01,2024-07,0,0,0
해외교포,2024-08-01,2024-08,0,0,0
해외교포,2024-09-01,2024-09,0,0,0
해외교포,2024-10-01,2024-10,0,0,0
해외교포,2024-11-01,2024-11,0,0,0
해외교포,2024-12-01,2024-12,0,0,0
해외교포,2025-01-01,2025-01,0,0,0
해외교포,2025-02-01,2025-02,0,0,0
해외교포,2025-03-01,2025-03,0,0,0
해외교포,2025-04-01,2025-04,0,0,0
해외교포,2025-05-01,2025-05,0,2,-2
해외교포,2025-06-01,2025-06,0,0,0
해외교포,2025-07-01,2025-07,0,0,0
해외교포,2025-08-01,2025-08,0,0,0
해외교포,2025-09-01,2025-09,0,0,0
해외교포,2025-10-01,2025-10,0,0,0
해외교포,2025-11-01,2025-11,0,0,0
해외교포,2025-12-01,2025-12,0,0,0
해외교포,2026-01-01,2026-01,0,0,0
해외교포,2026-02-01,2026-02,0,0,0
해외교포,2026-03-01,2026-03,0,0,0
해외교포,2026-04-01,2026-04,0,0,0
해외교포,2026-05-01,2026-05,0,0,0
해외교포,2026-06-01,2026-06,0,0,0
해외교포,2026-07-01,2026-07,0,0,0
허드 앤 맥도날드 군도,2024-01-01,2024-01,0,0,0
허드 앤 맥도날드 군도,2024-02-01,2024-02,0,0,0
허드 앤 맥도날드 군도,2024-03-01,2024-03,0,0,0
허드 앤 맥도날드 군도,2024-04-01,2024-04,0,0,0
허드 앤 맥도날드 군도,2024-05-01,2024-05,0,0,0
허드 앤 맥도날드 군도,2024-06-01,2024-06,0,0,0
허드 앤 맥도날드 군도,2024-07-01,2024-07,0,0,0
허드 앤 맥도날드 군도,2024-08-01,2024-08,0,0,0
허드 앤 맥도날드 군도,2024-09-01,2024-09,0,0,0
허드 앤 맥도날드 군도,2024-10-01,2024-10,0,0,0
허드 앤 맥도날드 군도,2024-11-01,2024-11,0,0,0
허드 앤 맥도날드 군도,2024-12-01,2024-12,0,0,0
허드 앤 맥도날드 군도,2025-01-01,2025-01,0,0,0
허드 앤 맥도날드 군도,2025-02-01,2025-02,0,0,0
허드 앤 맥도날드 군도,2025-03-01,2025-03,0,0,0
허드 앤 맥도날드 군도,2025-04-01,2025-04,0,0,0
허드 앤 맥도날드 군도,2025-05-01,2025-05,0,0,0
허드 앤 맥도날드 군도,2025-06-01,2025-06,0,0,0
허드 앤 맥도날드 군도,2025-07-01,2025-07,0,0,0
허드 앤 맥도날드 군도,2025-08-01,2025-08,0,0,0
허드 앤 맥도날드 군도,2025-09-01,2025-09,0,0,0
허드 앤 맥도날드 군도,2025-10-01,2025-10,0,0,0
허드 앤 맥도날드 군도,2025-11-01,2025-11,0,0,0
허드 앤 맥도날드 군도,2025-12-01,2025-12,0,0,0
허드 앤 맥도날드 군도,2026-01-01,2026-01,0,0,0
허드 앤 맥도날드 군도,2026-02-01,2026-02,0,0,0
허드 앤 맥도날드 군도,2026-03-01,2026-03,0,0,0
허드 앤 맥도날드 군도,2026-04-01,2026-04,2,0,2
허드 앤 맥도날드 군도,2026-05-01,2026-05,0,0,0
허드 앤 맥도날드 군도,2026-06-01,2026-06,0,0,0
허드 앤 맥도날드 군도,2026-07-01,2026-07,0,0,0
헝가리,2024-01-01,2024-01,541249,47499,493750
헝가리,2024-02-01,2024-02,499909,73926,425983
헝가리,2024-03-01,2024-03,431940,59728,372212
헝가리,2024-04-01,2024-04,445551,57243,388308
헝가리,2024-05-01,2024-05,459856,51444,408412
헝가리,2024-06-01,2024-06,468582,63991,404591
헝가리,2024-07-01,2024-07,499528,58356,441172
헝가리,2024-08-01,2024-08,464052,64593,399459
헝가리,2024-09-01,2024-09,355497,57918,297579
헝가리,2024-10-01,2024-10,284654,68490,216164
헝가리,2024-11-01,2024-11,420551,48801,371750
헝가리,2024-12-01,2024-12,308605,82355,226250
헝가리,2025-01-01,2025-01,254477,56487,197990
헝가리,2025-02-01,2025-02,331913,85967,245946
헝가리,2025-03-01,2025-03,424792,65005,359787
헝가리,2025-04-01,2025-04,367086,69188,297898
헝가리,2025-05-01,2025-05,390046,54205,335841
헝가리,2025-06-01,2025-06,379769,82207,297562
헝가리,2025-07-01,2025-07,351906,70088,281818
헝가리,2025-08-01,2025-08,211584,67195,144389
헝가리,2025-09-01,2025-09,290803,76703,214100
헝가리,2025-10-01,2025-10,257721,74917,182805
헝가리,2025-11-01,2025-11,353979,54766,299213
헝가리,2025-12-01,2025-12,266312,64335,201977
헝가리,2026-01-01,2026-01,282137,71360,210777
헝가리,2026-02-01,2026-02,420143,67710,352433
헝가리,2026-03-01,2026-03,372460,62315,310144
헝가리,2026-04-01,2026-04,375909,61313,314596
헝가리,2026-05-01,2026-05,250124,65780,184345
헝가리,2026-06-01,2026-06,392398,113568,278830
헝가리,2026-07-01,2026-07,267530,64956,202574
호주,2024-01-01,2024-01,1454836,3308750,-1853914
호주,2024-02-01,2024-02,1259267,2338063,-1078795
호주,2024-03-01,2024-03,1589358,2401773,-812415
호주,2024-04-01,2024-04,1427201,2975065,-1547864
호주,2024-05-01,2024-05,1253380,2271405,-1018024
호주,2024-06-01,2024-06,1169209,2369177,-1199968
호주,2024-07-01,2024-07,1374642,1874512,-499870
호주,2024-08-01,2024-08,1236195,2745493,-1509298
호주,2024-09-01,2024-09,1401055,2385706,-984651
호주,2024-10-01,2024-10,1074930,2609694,-1534763
호주,2024-11-01,2024-11,1204183,2386134,-1181951
호주,2024-12-01,2024-12,1153689,2288927,-1135239
호주,2025-01-01,2025-01,909427,2906682,-1997255
호주,2025-02-01,2025-02,991921,2340709,-1348788
호주,2025-03-01,2025-03,902185,2550488,-1648303
호주,2025-04-01,2025-04,1311045,2771097,-1460053
호주,2025-05-01,2025-05,1136166,2473402,-1337236
호주,2025-06-01,2025-06,1205201,2103128,-897927
호주,2025-07-01,2025-07,1203119,2574826,-1371706
호주,2025-08-01,2025-08,1499722,2400638,-900916
호주,2025-09-01,2025-09,1344041,2769550,-1425509
호주,2025-10-01,2025-10,1267223,3237736,-1970513
호주,2025-11-01,2025-11,1002756,2997459,-1994703
호주,2025-12-01,2025-12,1400778,2965264,-1564487
호주,2026-01-01,2026-01,1232942,3373170,-2140228
호주,2026-02-01,2026-02,1143777,2443962,-1300185
호주,2026-03-01,2026-03,2827370,2633673,193696
호주,2026-04-01,2026-04,2205441,2632237,-426796
호주,2026-05-01,2026-05,2095885,3021929,-926044
호주,2026-06-01,2026-06,2054192,2976172,-921980
호주,2026-07-01,2026-07,1806271,3262155,-1455884
홍콩,2024-01-01,2024-01,2678154,189044,2489109
홍콩,2024-02-01,2024-02,2983274,222994,2760280
홍콩,2024-03-01,2024-03,3698705,291247,3407458
홍콩,2024-04-01,2024-04,2933525,376418,2557107
홍콩,2024-05-01,2024-05,2706663,141282,2565380
홍콩,2024-06-01,2024-06,3430045,91409,3338637
홍콩,2024-07-01,2024-07,2594654,103876,2490778
홍콩,2024-08-01,2024-08,2966813,235626,2731186
홍콩,2024-09-01,2024-09,3105513,102315,3003198
홍콩,2024-10-01,2024-10,2210877,127382,2083494
홍콩,2024-11-01,2024-11,2425723,243628,2182095
홍콩,2024-12-01,2024-12,3287666,130955,3156711
홍콩,2025-01-01,2025-01,1685484,183373,1502111
홍콩,2025-02-01,2025-02,1888440,451335,1437105
홍콩,2025-03-01,2025-03,2681760,329809,2351951
홍콩,2025-04-01,2025-04,2515707,202744,2312963
홍콩,2025-05-01,2025-05,2855506,121523,2733983
홍콩,2025-06-01,2025-06,3181149,130331,3050817
홍콩,2025-07-01,2025-07,2348329,192301,2156027
홍콩,2025-08-01,2025-08,2726867,123974,2602893
홍콩,2025-09-01,2025-09,3496991,386038,3110953
홍콩,2025-10-01,2025-10,3064910,936205,2128705
홍콩,2025-11-01,2025-11,3762282,620895,3141388
홍콩,2025-12-01,2025-12,4624114,343481,4280633
홍콩,2026-01-01,2026-01,4329293,459196,3870097
홍콩,2026-02-01,2026-02,4984128,487200,4496928
홍콩,2026-03-01,2026-03,7860308,179660,7680647
홍콩,2026-04-01,2026-04,5541634,207901,5333733
홍콩,2026-05-01,2026-05,6466679,248816,6217863
홍콩,2026-06-01,2026-06,9095014,215249,8879765
홍콩,2026-07-01,2026-07,6654372,117305,6537067
