"국가별","항목","단위","2024.01 월","2024.02 월","2024.03 월","2024.04 월","2024.05 월","2024.06 월","2024.07 월","2024.08 월","2024.09 월","2024.10 월","2024.11 월","2024.12 월","2025.01 월","2025.02 월","2025.03 월","2025.04 월","2025.05 월","2025.06 월","2025.07 월","2025.08 월","2025.09 월","2025.10 월","2025.11 월","2025.12 월","2026.01 월","2026.02 월","2026.03 월","2026.04 월","2026.05 월","2026.06 월","2026.07 월",
"중국","수출금액[천불]","천불","10695827","9644037","10520355","10475410","11378217","10706131","11388071","11340799","11626573","12172811","11290362","11772793","9204172","9505605","10057086","10870289","10446428","10424044","11047812","10990269","11679519","11551156","12040141","12964961","13527393","12778487","16685519","17665775","18883274","20002319","21681184",
"중국","수입금액[천불]","천불","12396980","9429123","11409748","12425106","12287459","10941026","11942846","11482791","11221400","12513916","11445747","12382340","11208793","9485141","11377002","12504100","11339130","11498332","12422355","11556618","13508598","11359093","11962698","13729115","13189580","11634017","14126113","15590891","15097201","16422805","16317852",
"중국","무역수지[천불]","천불","-1701153","214914","-889393","-1949696","-909242","-234895","-554775","-141992","405173","-341105","-155385","-609547","-2004621","20464","-1319916","-1633812","-892702","-1074288","-1374543","-566349","-1829079","192064","77443","-764154","337812","1144469","2559406","2074884","3786072","3579514","5363331",
"미국","수출금액[천불]","천불","10252308","9809053","10880793","11400587","10930529","11295693","10184399","9937504","10411877","10394328","10370481","11893820","9282567","9889640","11109476","10605998","10036995","11208004","10333446","8718145","10267271","8711425","10352809","12335136","12006727","12704285","16419951","16359174","15981424","20001822","17474061",
"미국","수입금액[천불]","천불","6138062","5612523","5975811","6012893","6375264","5496912","7921852","6257983","5457525","5968731","5438200","5476550","5839341","5739598","5391830","6139710","6773649","5986429","6418521","5981182","5936407","6283534","6102242","6773605","6761951","5759089","7236965","8330306","7518119","7910343","8967205",
"미국","무역수지[천불]","천불","4114246","4196529","4904982","5387695","4555265","5798781","2262547","3679521","4954352","4425598","4932281","6417271","3443226","4150043","5717646","4466288","3263346","5221576","3914925","2736963","4330864","2427891","4250568","5561531","5244775","6945195","9182986","8028868","8463305","12091479","8506856",
"일본","수출금액[천불]","천불","2542909","2374211","2127249","2438708","2606050","2382041","2597690","2500141","2478851","2423573","2491515","2644228","2363797","2265014","2158842","2304321","2372099","2440273","2483646","2376746","2560674","2219360","2306195","2456896","2245851","2392260","2918759","2981619","2640922","2797701","2753565",
"일본","수입금액[천불]","천불","3755031","3722298","4080885","4130443","3443526","3507948","4107365","3914421","4085613","4378339","3991867","4476095","3587345","4192448","4579729","4477625","3558731","4054965","4103441","3626223","4266280","3853664","3934707","4673371","3900671","3980504","5111054","4496152","4292956","4987562","4904968",
"일본","무역수지[천불]","천불","-1212122","-1348087","-1953637","-1691736","-837476","-1125908","-1509675","-1414279","-1606762","-1954765","-1500352","-1831867","-1223548","-1927434","-2420888","-2173303","-1186633","-1614693","-1619795","-1249477","-1705607","-1634304","-1628512","-2216475","-1654820","-1588244","-2192296","-1514533","-1652034","-2189861","-2151403",
"홍콩","수출금액[천불]","천불","2678154","2983274","3698705","2933525","2706663","3430045","2594654","2966813","3105513","2210877","2425723","3287666","1685484","1888440","2681760","2515707","2855506","3181149","2348329","2726867","3496991","3064910","3762282","4624114","4329293","4984128","7860308","5541634","6466679","9095014","6654372",
"홍콩","수입금액[천불]","천불","189044","222994","291247","376418","141282","91409","103876","235626","102315","127382","243628","130955","183373","451335","329809","202744","121523","130331","192301","123974","386038","936205","620895","343481","459196","487200","179660","207901","248816","215249","117305",
"홍콩","무역수지[천불]","천불","2489109","2760280","3407458","2557107","2565380","3338637","2490778","2731186","3003198","2083494","2182095","3156711","1502111","1437105","2351951","2312963","2733983","3050817","2156027","2602893","3110953","2128705","3141388","4280633","3870097","4496928","7680647","5333733","6217863","8879765","6537067",
"베트남","수출금액[천불]","천불","4189458","4207880","4830494","4552004","5115764","5124412","4968830","5049343","4980950","5231509","5142173","4930153","4356972","4733818","5025872","4836983","5236200","4936225","5540385","5398092","5925624","5101558","5401863","6281464","6453114","5895225","7131929","7897898","8444947","8610837","9933400",
"베트남","수입금액[천불]","천불","2653858","2127367","2314000","2249764","2040070","2201439","2493154","2589553","2447669","2552260","2319319","2455078","2564727","2264974","2604697","2496615","2366380","2545012","2879055","2952369","2865793","2732631","2553003","2948980","3055435","2933658","3211905","3004795","2623560","3141864","3504676",
"베트남","무역수지[천불]","천불","1535600","2080513","2516494","2302240","3075694","2922973","2475676","2459789","2533281","2679249","2822854","2475075","1792245","2468843","2421175","2340368","2869820","2391213","2661331","2445723","3059831","2368927","2848860","3332484","3397678","2961567","3920024","4893103","5821387","5468973","6428724",
"대만","수출금액[천불]","천불","1773976","1531945","1988528","2086951","2516984","3314386","2773161","3146045","3719390","3528893","3253132","4335694","2438188","2751970","3820712","3302394","3773435","4348540","4652836","4371509","5205355","5157834","4116109","5131207","3960811","4549215","6318777","5561208","6664227","8322974","5677910",
"대만","수입금액[천불]","천불","2196893","2191751","2129274","2298493","2792061","2175690","2555217","2573665","2899513","2680327","2821020","2911032","2227887","2396498","2912365","2318181","2436079","2829567","2944924","2800398","2819940","2974683","2789480","2874434","2935154","2608423","3122519","3310626","3137224","3770739","4327678",
"대만","무역수지[천불]","천불","-422917","-659807","-140746","-211542","-275077","1138696","217945","572380","819878","848566","432112","1424661","210301","355472","908347","984213","1337356","1518973","1707912","1571111","2385415","2183152","1326629","2256773","1025657","1940792","3196258","2250582","3527003","4552235","1350232",
"싱가포르","수출금액[천불]","천불","1757142","1116630","1950908","1355784","1776947","1419483","1443110","1397637","1297264","1397107","1565073","1747126","1162020","1629460","1894030","1449396","1587493","1529376","1795829","2164627","1510021","1483016","1278337","2069321","1702991","2492959","2075543","2194531","2304935","3148227","2441077",
"싱가포르","수입금액[천불]","천불","986295","796749","883606","861347","887799","671151","907389","911315","816093","1057251","732737","1048732","1027832","867679","938967","978755","861460","849317","927559","835297","833656","1203757","1014330","1036219","1223711","1150177","1334552","1562828","1337718","1586265","1335845",
"싱가포르","무역수지[천불]","천불","770847","319881","1067303","494437","889148","748332","535721","486322","481172","339856","832336","698395","134187","761780","955063","470640","726033","680060","868270","1329329","676364","279259","264006","1033101","479281","1342782","740992","631703","967217","1561962","1105232",
"인도","수출금액[천불]","천불","1538078","1474545","1512489","1568004","1678333","1554083","1616303","1636206","1469018","1511925","1452203","1684867","1463921","1595804","1502347","1702787","1615438","1582585","1781514","1591153","1721596","1477351","1477040","1719210","1684688","1739790","1966478","2416741","1955195","2104346","2583451",
"인도","수입금액[천불]","천불","543856","557306","497623","520352","478547","517580","570074","584789","427293","544731","554599","634573","535824","539825","592525","504824","628280","480172","505445","538802","626758","519715","430629","518728","525074","453648","634089","698212","652952","774957","728278",
"인도","무역수지[천불]","천불","994222","917240","1014865","1047652","1199786","1036503","1046229","1051417","1041725","967193","897604","1050293","928097","1055979","909822","1197963","987158","1102413","1276069","1052351","1094837","957636","1046411","1200482","1159614","1286142","1332389","1718529","1302243","1329389","1855173",
"독일","수출금액[천불]","천불","759404","850552","797172","918763","912421","669829","625648","867481","695852","710472","616667","612736","769583","709874","894703","882438","1075108","648527","694525","758699","722841","733667","709202","674510","791108","729847","1007521","955731","816249","880905","1016033",
"독일","수입금액[천불]","천불","1517821","1732736","1815956","1949845","1972093","2054951","1974760","1838261","1893828","1938986","1626791","1976129","1389601","1659253","1835660","1708847","1975432","1715779","2024932","1712143","2030772","1623844","1737619","2215267","1628526","1541844","2094911","1803477","1994427","2155380","1867273",
"독일","무역수지[천불]","천불","-758417","-882184","-1018784","-1031082","-1059672","-1385121","-1349112","-970780","-1197976","-1228514","-1010124","-1363393","-620018","-949379","-940957","-826408","-900324","-1067251","-1330408","-953444","-1307931","-890177","-1028417","-1540758","-837418","-811998","-1087390","-847746","-1178178","-1274475","-851240",
"멕시코","수출금액[천불]","천불","1107426","1091334","1181040","1141358","1179961","1213091","1327740","1085010","1037904","1125856","980571","1132940","947164","961378","942536","1044406","1067191","978440","1075294","997130","1136443","946692","908778","1050833","1020311","952839","1502995","1348184","1532847","1569669","1329958",
"멕시코","수입금액[천불]","천불","772681","420913","427353","634692","662550","526482","880205","729718","527226","569725","591079","771043","767989","640039","703028","599038","702788","1101780","627634","620792","690208","777890","623927","611377","895985","755150","858527","970526","575071","701521","1322124",
"멕시코","무역수지[천불]","천불","334745","670420","753687","506666","517411","686608","447534","355292","510678","556132","389492","361897","179176","321339","239508","445368","364403","-123340","447660","376337","446235","168802","284851","439456","124326","197689","644468","377658","957776","868148","7834",
"인도네시아","수출금액[천불]","천불","614796","681344","495931","650345","679128","715609","758552","755965","593777","717415","655072","630316","551655","674768","537114","708664","567590","531999","603202","526704","599882","554478","552242","586435","662361","547352","668531","909174","912941","846839","843850",
"인도네시아","수입금액[천불]","천불","1337315","1066665","1028617","1077470","1084435","814901","954830","1203242","1108703","987644","1031879","868623","1114629","985494","802101","881235","863718","958923","940986","911237","1026768","815030","812708","1191102","1105099","916517","992613","855425","887287","949493","1147470",
"인도네시아","무역수지[천불]","천불","-722519","-385321","-532686","-427124","-405307","-99292","-196278","-447277","-514926","-270229","-376807","-238307","-562974","-310726","-264987","-172571","-296128","-426924","-337784","-384533","-426886","-260552","-260466","-604666","-442738","-369165","-324081","53749","25654","-102654","-303619",
"호주","수출금액[천불]","천불","1454836","1259267","1589358","1427201","1253380","1169209","1374642","1236195","1401055","1074930","1204183","1153689","909427","991921","902185","1311045","1136166","1205201","1203119","1499722","1344041","1267223","1002756","1400778","1232942","1143777","2827370","2205441","2095885","2054192","1806271",
"호주","수입금액[천불]","천불","3308750","2338063","2401773","2975065","2271405","2369177","1874512","2745493","2385706","2609694","2386134","2288927","2906682","2340709","2550488","2771097","2473402","2103128","2574826","2400638","2769550","3237736","2997459","2965264","3373170","2443962","2633673","2632237","3021929","2976172","3262155",
"호주","무역수지[천불]","천불","-1853914","-1078795","-812415","-1547864","-1018024","-1199968","-499870","-1509298","-984651","-1534763","-1181951","-1135239","-1997255","-1348788","-1648303","-1460053","-1337236","-897927","-1371706","-900916","-1425509","-1970513","-1994703","-1564487","-2140228","-1300185","193696","-426796","-926044","-921980","-1455884",
"필리핀","수출금액[천불]","천불","708967","871714","677320","847146","984922","770306","911837","882276","986488","949449","841471","814824","880737","727945","1051397","735015","863479","1026685","1048524","1032044","1172249","778221","1096249","1203926","1336850","1114134","1718916","1595236","1699997","1973584","1858304",
"필리핀","수입금액[천불]","천불","398092","397652","421856","466355","357150","314716","379941","357097","379467","385336","294174","279187","229072","272120","326628","337085","278120","315402","262598","266736","287425","327592","291007","306933","381492","288226","385015","399713","403071","364806","404969",
"필리핀","무역수지[천불]","천불","310876","474062","255465","380791","627772","455589","531896","525179","607021","564114","547297","535638","651665","455825","724769","397930","585359","711283","785925","765308","884823","450629","805242","896993","955358","825908","1333901","1195522","1296926","1608779","1453335",
"말레이시아","수출금액[천불]","천불","774737","938591","805262","862003","834675","841755","944802","921760","822186","1038699","855432","803343","921582","1033844","980220","868690","1026452","1031925","1049177","1039247","1025125","707218","1276764","1406127","976721","1733073","1427980","1536350","1461439","2457720","2579528",
"말레이시아","수입금액[천불]","천불","1367470","1116085","1061066","1028087","1016349","1135523","1048847","1256219","1039706","1215851","1375506","1320471","1350979","1379681","1184820","1308252","1103601","1242515","1213124","1340621","1345162","1325938","1186888","1531142","1617577","1366812","1732681","2084113","1386275","1788989","1702262",
"말레이시아","무역수지[천불]","천불","-592733","-177494","-255804","-166084","-181674","-293767","-104045","-334459","-217520","-177153","-520075","-517128","-429397","-345838","-204601","-439561","-77149","-210589","-163947","-301374","-320037","-618720","89876","-125016","-640856","366261","-304701","-547762","75164","668731","877266",
"러시아 연방","수출금액[천불]","천불","381462","682255","308285","316427","313514","358275","379387","380507","350113","333045","371130","354642","223134","297091","298270","360294","373712","339619","381265","325632","416221","380400","347606","300518","240573","249198","293483","317619","286626","363966","380403",
"러시아 연방","수입금액[천불]","천불","531098","603016","557421","528178","619769","453789","502587","897402","589950","552246","502982","534550","501822","485544","436418","618842","510577","410072","731246","716558","716443","609476","601983","556688","543930","518742","598579","745190","478038","596652","742869",
"러시아 연방","무역수지[천불]","천불","-149635","79239","-249136","-211751","-306255","-95514","-123200","-516895","-239837","-219201","-131853","-179908","-278688","-188454","-138148","-258548","-136866","-70453","-349980","-390926","-300222","-229076","-254377","-256171","-303356","-269544","-305096","-427571","-191412","-232687","-362466",
"태국","수출금액[천불]","천불","637271","608839","605607","668783","646806","599051","773150","638203","622579","622214","642537","613190","624225","668577","658855","695984","636381","648696","690458","640192","708735","637105","725659","675169","870058","720885","917462","1065299","913773","1051971","1034388",
"태국","수입금액[천불]","천불","551773","554798","601694","635057","608572","620340","683555","618702","572102","574888","587618","564965","460643","610306","603818","662585","565187","640720","624229","583837","612170","519433","536837","549420","497130","553283","641047","686480","636930","785028","689530",
"태국","무역수지[천불]","천불","85498","54041","3912","33726","38234","-21290","89595","19501","50477","47326","54919","48224","163581","58270","55037","33398","71193","7976","66229","56355","96565","117672","188822","125749","372928","167602","276415","378819","276842","266943","344858",
"영국","수출금액[천불]","천불","864312","531684","540519","468387","540368","517007","498012","509512","519977","668609","492372","491197","556947","481863","504707","588905","605684","608661","719584","644021","758366","483668","618440","598291","736186","574861","665551","732061","568289","735552","902381",
"영국","수입금액[천불]","천불","258495","540493","467188","369953","272515","413638","381854","350891","482666","331396","305740","397433","332881","358048","371529","522425","341631","415130","381185","343206","421730","271176","354012","430526","248054","417527","367204","422565","379555","422554","376463",
"영국","무역수지[천불]","천불","605816","-8810","73332","98434","267853","103370","116158","158621","37311","337213","186631","93764","224066","123815","133178","66479","264053","193531","338399","300815","336636","212491","264428","167765","488132","157334","298347","309497","188734","312998","525918",
"브라질","수출금액[천불]","천불","421342","412914","453937","496174","452050","437407","482536","463950","440467","390073","390275","409488","405357","427287","425885","653859","405682","402034","402748","358648","480784","2860765","408149","479220","394975","459476","583641","650749","561552","642113","691480",
"브라질","수입금액[천불]","천불","680253","662164","450516","650668","654813","283156","627546","413219","636443","869201","551541","819021","687723","473438","609071","679743","530884","487962","530124","375281","460281","781871","464903","523993","571172","495029","373254","725174","518210","348323","590474",
"브라질","무역수지[천불]","천불","-258911","-249250","3421","-154494","-202763","154251","-145010","50732","-195976","-479128","-161266","-409533","-282366","-46152","-183186","-25884","-125202","-85928","-127377","-16633","20503","2078894","-56754","-44773","-176197","-35553","210387","-74424","43343","293790","101005",
"사우디아라비아","수출금액[천불]","천불","503060","409281","384382","479810","445553","506899","366768","422795","462474","332938","453577","467447","291910","358306","445522","372386","293128","464237","382228","357320","429792","346605","501277","617378","317251","294402","158406","282827","279291","482026","512595",
"사우디아라비아","수입금액[천불]","천불","2662075","2367819","2608414","2800137","3040380","2405558","2760011","2559626","2581723","2528232","2454789","2681083","2482498","2366254","2400642","2084771","2054506","2313436","2241789","2817172","2141061","2614247","1999741","1915634","2311721","1842173","2303665","1905141","2352918","2695754","3377693",
"사우디아라비아","무역수지[천불]","천불","-2159015","-1958538","-2224033","-2320327","-2594827","-1898658","-2393243","-2136831","-2119249","-2195294","-2001212","-2213636","-2190588","-2007948","-1955120","-1712384","-1761378","-1849199","-1859562","-2459853","-1711269","-2267642","-1498464","-1298256","-1994471","-1547771","-2145259","-1622314","-2073626","-2213728","-2865098",
"아랍에미리트 연합","수출금액[천불]","천불","498255","410379","430757","451815","395644","447899","530001","328175","348645","353563","465304","406276","329442","501214","440866","493853","410029","527053","390360","356822","476234","386330","711304","639532","465642","602520","171398","231755","336767","492491","388389",
"아랍에미리트 연합","수입금액[천불]","천불","1881176","1379498","1809469","1995492","1267426","1632577","1256010","1471818","1325343","1496760","1435526","979744","1456901","1379017","1620546","920934","790575","1215952","1459655","1748694","1118033","1021176","735565","649531","1256074","1151776","1194716","1401669","1784355","1610157","1626954",
"아랍에미리트 연합","무역수지[천불]","천불","-1382921","-969119","-1378713","-1543676","-871783","-1184677","-726009","-1143643","-976698","-1143197","-970222","-573468","-1127459","-877803","-1179680","-427081","-380545","-688899","-1069295","-1391872","-641799","-634846","-24261","-9999","-790432","-549256","-1023317","-1169915","-1447588","-1117666","-1238565",
"네덜란드","수출금액[천불]","천불","537973","587083","706082","577686","550288","480559","618512","497721","616412","536975","567845","521531","458102","578872","655219","825085","838724","758376","969714","875032","959711","830323","820092","1051001","695251","1017721","1464541","1054937","1298149","1394426","3108773",
"네덜란드","수입금액[천불]","천불","288616","564400","692047","468368","539538","721330","264057","394462","1217287","516059","1067268","1440374","484397","746249","1609234","546848","633220","810402","711782","596168","1448693","657563","855195","953213","1083862","1495624","1562040","1088099","1371006","1338844","1081859",
"네덜란드","무역수지[천불]","천불","249357","22683","14035","109318","10751","-240770","354455","103260","-600876","20916","-499423","-918843","-26295","-167376","-954015","278237","205504","-52026","257932","278865","-488982","172760","-35103","97788","-388610","-477903","-97499","-33162","-72857","55582","2026914",
"캐나다","수출금액[천불]","천불","905864","771374","868836","972096","942685","892873","941186","782091","792903","913564","702083","865952","734752","816900","895302","888574","959682","936157","802649","782905","825543","751025","874918","939889","1068190","911587","1124092","1145190","1121829","1167452","1050798",
"캐나다","수입금액[천불]","천불","593573","554626","699638","636775","424967","586267","553694","518528","685894","557349","547839","493383","542674","443163","540413","516845","550473","543683","670765","429508","744999","487576","480302","622498","713412","787363","812839","1124027","1136033","961946","941519",
"캐나다","무역수지[천불]","천불","312291","216749","169198","335321","517718","306606","387492","263563","107009","356214","154243","372568","192078","373737","354889","371729","409209","392474","131884","353396","80544","263450","394616","317391","354777","124223","311253","21163","-14204","205506","109279",
"마샬군도","수출금액[천불]","천불","358193","242677","47451","230731","274110","55138","312","420558","722816","197244","363","45013","737986","355701","122796","180050","278004","150341","227469","612134","480232","462064","652252","1008679","294994","822419","582810","542321","693427","715752","866457",
"마샬군도","수입금액[천불]","천불","1","81","58038","5","86","3","80","105","23","299","153","174","57","213","60973","159","85","30054","100","74","196","2","47","41","40","77","5587","58","46","143","4",
"마샬군도","무역수지[천불]","천불","358192","242596","-10588","230726","274024","55135","232","420452","722792","196945","210","44839","737929","355489","61823","179890","277919","120287","227369","612060","480036","462062","652206","1008639","294954","822342","577223","542263","693381","715610","866453",
"튀르키예","수출금액[천불]","천불","795849","807827","919202","912615","750433","602249","717288","644288","673266","743945","704287","737591","662302","852895","833960","853685","682920","682947","884254","705256","1006036","562919","620469","744839","746032","795020","878440","835217","782801","938498","872172",
"튀르키예","수입금액[천불]","천불","132783","82477","112623","135437","97090","118712","95632","122021","103926","92074","97459","86313","108219","84605","133352","127752","145076","94388","127509","102700","188820","148992","157043","149904","167679","141385","133091","196481","134961","165134","174045",
"튀르키예","무역수지[천불]","천불","663066","725351","806579","777178","653343","483537","621656","522267","569340","651871","606828","651279","554083","768290","700608","725933","537844","588559","756746","602556","817216","413927","463426","594935","578353","653634","745349","638737","647841","773364","698127",
"이탈리아","수출금액[천불]","천불","374975","397850","412695","492779","403686","353808","429985","468926","355046","366221","415595","500559","336927","375760","393476","419834","388095","356274","419840","340169","431980","311360","301986","429905","407644","393665","492570","468192","433549","422331","427570",
"이탈리아","수입금액[천불]","천불","665370","602866","735552","688898","632275","659887","701332","583947","599688","685088","547245","622574","461177","588205","564306","544067","579325","903353","677368","580726","774986","708841","771408","746056","624977","636400","885304","692920","720147","761530","734768",
"이탈리아","무역수지[천불]","천불","-290394","-205016","-322858","-196119","-228589","-306079","-271347","-115021","-244642","-318867","-131649","-122015","-124250","-212445","-170830","-124233","-191231","-547078","-257528","-240557","-343006","-397482","-469422","-316150","-217333","-242734","-392734","-224728","-286598","-339200","-307199",
"이란","수출금액[천불]","천불","13570","12413","11101","9107","17444","13880","14674","11358","13752","13806","11411","15108","8821","11882","26599","8315","13821","5368","10241","9908","11429","13309","8804","20344","8039","8191","998","1089","4224","4625","8298",
"이란","수입금액[천불]","천불","757","421","722","426","941","255","1209","1224","1560","961","132","267","217","44","124","119","234","146","67","128","260","59","206","86","2065","800","126","146","13","126","148",
"이란","무역수지[천불]","천불","12812","11992","10379","8681","16503","13625","13465","10134","12192","12845","11279","14841","8605","11837","26475","8196","13587","5222","10174","9779","11169","13250","8598","20257","5975","7390","872","943","4211","4499","8150",
"폴란드","수출금액[천불]","천불","756011","495449","555555","712807","608223","771475","968540","837686","1084324","744203","572575","803442","765206","725083","877946","957555","654533","933260","660892","487198","1424460","530231","435894","552464","595462","607790","778578","796088","672197","1107801","985560",
"폴란드","수입금액[천불]","천불","78811","80697","84908","111964","75905","97254","103104","90678","96161","77027","64471","108137","80693","67333","68737","73622","82451","97083","100578","85098","95366","89226","104245","116771","86220","93725","114468","114240","115798","121386","108542",
"폴란드","무역수지[천불]","천불","677200","414752","470647","600842","532318","674222","865435","747008","988163","667176","508104","695305","684513","657750","809209","883933","572082","836177","560314","402100","1329094","441005","331650","435693","509242","514065","664110","681847","556399","986415","877019",
"프랑스","수출금액[천불]","천불","271950","334998","503339","503822","330628","434033","267948","797291","521705","306748","736866","515079","476678","291311","478729","448114","500967","595846","564242","977528","529072","473724","732785","281780","483671","225345","317695","778069","276648","340763","564235",
"프랑스","수입금액[천불]","천불","588469","544239","613462","640793","615882","733389","646512","808423","533888","649011","624989","1148633","482945","818432","665193","733258","604025","736976","831277","621858","758347","777615","813805","799727","825937","618900","1131634","787597","611250","773935","627186",
"프랑스","무역수지[천불]","천불","-316518","-209241","-110123","-136970","-285254","-299356","-378563","-11133","-12183","-342264","111878","-633554","-6266","-527121","-186464","-285144","-103058","-141130","-267035","355670","-229275","-303891","-81020","-517947","-342266","-393556","-813939","-9527","-334602","-433172","-62951",
"라이베리아","수출금액[천불]","천불","396023","302020","460375","366374","332412","629601","222997","375598","373692","255022","755268","745666","457793","245798","632845","187460","392060","596392","786930","425958","421925","399249","108197","399658","418656","259492","501275","331095","338097","278818","421060",
"라이베리아","수입금액[천불]","천불","167","40","25244","21824","164","158","12","564","508","100","11","126","10","607","189","13","8","8","18","7","224","8","85234","13","87","389","9607","3","3","15","10253",
"라이베리아","무역수지[천불]","천불","395856","301980","435131","344550","332248","629443","222985","375034","373183","254922","755257","745540","457783","245191","632656","187446","392051","596384","786912","425950","421701","399241","22963","399645","418569","259103","491668","331092","338094","278803","410807",
"파나마","수출금액[천불]","천불","12954","177339","447730","102637","151222","17192","54748","123447","20866","92455","228085","28651","77924","93074","126640","88989","194375","272342","120873","63727","184987","209902","70369","69120","168989","164137","184291","29320","71148","103569","124153",
"파나마","수입금액[천불]","천불","12544","3753","2739","2094","1836","1592","16030","19592","50964","3275","2700","29961","2906","2298","2112","83947","1611","2379","2396","62278","24853","1832","2224","2047","2016","81679","16199","2469","2516","3843","9305",
"파나마","무역수지[천불]","천불","410","173587","444991","100544","149386","15600","38717","103855","-30098","89180","225385","-1309","75018","90775","124529","5042","192764","269963","118477","1449","160134","208070","68145","67073","166972","82459","168092","26850","68632","99726","114848",
"슬로바키아","수출금액[천불]","천불","246515","254312","259034","236410","240582","201867","249665","205720","240484","237568","212081","229139","170924","226629","201482","271689","243201","220550","306662","254619","244422","182382","186061","190008","173199","158356","187476","214649","183162","186325","210643",
"슬로바키아","수입금액[천불]","천불","74657","77777","76051","39831","42477","48068","78165","65944","48538","72465","54495","64859","55393","57491","94040","97690","78578","72515","55153","57464","60422","31620","60775","54705","44119","52322","52380","66759","56164","80163","38904",
"슬로바키아","무역수지[천불]","천불","171858","176535","182984","196580","198104","153798","171500","139776","191946","165103","157586","164280","115531","169137","107442","173999","164622","148034","251509","197155","184000","150762","125286","135302","129079","106034","135096","147890","126999","106162","171739",
"스페인","수출금액[천불]","천불","266465","279535","345869","286328","276879","276971","293632","255097","227762","283433","279951","318254","242348","280928","278877","387507","265978","258211","343734","294979","272029","278641","303236","355628","303363","290746","436827","318854","354408","328879","481291",
"스페인","수입금액[천불]","천불","187034","167505","200871","250498","203041","208037","234667","211042","224537","200360","155800","171733","225942","174613","209401","188412","228581","223762","212276","227339","216033","206130","229545","283179","221376","198464","266958","242716","260926","251871","196802",
"스페인","무역수지[천불]","천불","79431","112030","144998","35830","73838","68934","58965","44055","3225","83073","124152","146521","16406","106315","69475","199095","37397","34449","131458","67640","55996","72511","73691","72449","81987","92282","169868","76137","93482","77008","284489",
"벨기에","수출금액[천불]","천불","320672","380643","383855","362426","385088","402977","319539","359929","384127","344073","382781","281446","312584","334878","282067","448243","311616","300420","328121","302378","371072","297391","321103","298150","334373","348497","707088","353464","436968","428211","496557",
"벨기에","수입금액[천불]","천불","107026","112108","103807","111236","171486","106355","102360","101512","277357","129899","80098","134240","124649","85548","100789","120168","93165","116758","135979","109993","233269","89415","113110","121474","109830","159541","142204","138677","90133","123573","150733",
"벨기에","무역수지[천불]","천불","213646","268535","280048","251190","213602","296622","217180","258417","106770","214174","302683","147207","187935","249330","181278","328074","218451","183662","192143","192385","137804","207976","207993","176675","224542","188956","564884","214787","346835","304638","345824",
"칠레","수출금액[천불]","천불","167814","177127","107911","114374","80003","78542","89706","145693","164516","127961","124504","102205","123920","119174","157369","136729","107525","95302","182472","156573","256668","86957","91770","166842","115154","109888","108502","110266","86772","120890","200040",
"칠레","수입금액[천불]","천불","280609","552800","464697","413111","576656","414570","420023","357046","488236","370215","258610","360750","366209","260064","475593","546553","362960","367184","426377","266548","433210","377734","470653","387970","358156","363829","695698","534568","520294","767975","569500",
"칠레","무역수지[천불]","천불","-112795","-375673","-356786","-298738","-496652","-336028","-330317","-211353","-323720","-242255","-134106","-258545","-242289","-140890","-318224","-409823","-255436","-271881","-243905","-109975","-176543","-290777","-378882","-221127","-243002","-253941","-587196","-424302","-433523","-647085","-369460",
"노르웨이","수출금액[천불]","천불","33345","32871","33610","24474","48844","28316","28526","25641","32245","35774","31839","95573","34939","25660","34932","44553","57180","41251","48825","42931","43568","49696","61397","78190","44451","36897","274184","163174","254826","58616","91094",
"노르웨이","수입금액[천불]","천불","101888","144524","99660","103228","119541","89746","96253","160081","91025","100994","157361","131830","124259","114510","190755","195420","118544","96901","107367","105863","221912","109544","256830","146920","103475","114036","125227","156970","157862","212029","123201",
"노르웨이","무역수지[천불]","천불","-68543","-111653","-66050","-78754","-70697","-61430","-67727","-134440","-58780","-65220","-125522","-36257","-89321","-88850","-155823","-150867","-61364","-55650","-58542","-62932","-178344","-59848","-195432","-68731","-59024","-77139","148957","6204","96964","-153413","-32106",
"그리스","수출금액[천불]","천불","249217","41120","45450","123959","127150","105432","28337","229818","35048","103081","249802","47954","27196","48244","44564","53697","139403","41743","44421","40969","333496","20070","33903","123457","359956","47947","343597","358425","41198","124903","252219",
"그리스","수입금액[천불]","천불","219499","6528","165821","136776","171269","95386","15406","24092","104137","12503","13466","127559","93660","13754","55478","30504","7830","21012","18444","6499","18329","78100","70678","68578","82167","43935","136821","99406","14468","90571","63222",
"그리스","무역수지[천불]","천불","29718","34592","-120370","-12817","-44119","10045","12930","205725","-69089","90579","236335","-79604","-66464","34490","-10915","23194","131573","20731","25976","34470","315167","-58030","-36775","54880","277790","4012","206775","259019","26731","34332","188998",
"헝가리","수출금액[천불]","천불","541249","499909","431940","445551","459856","468582","499528","464052","355497","284654","420551","308605","254477","331913","424792","367086","390046","379769","351906","211584","290803","257721","353979","266312","282137","420143","372460","375909","250124","392398","267530",
"헝가리","수입금액[천불]","천불","47499","73926","59728","57243","51444","63991","58356","64593","57918","68490","48801","82355","56487","85967","65005","69188","54205","82207","70088","67195","76703","74917","54766","64335","71360","67710","62315","61313","65780","113568","64956",
"헝가리","무역수지[천불]","천불","493750","425983","372212","388308","408412","404591","441172","399459","297579","216164","371750","226250","197990","245946","359787","297898","335841","297562","281818","144389","214100","182805","299213","201977","210777","352433","310144","314596","184345","278830","202574",
"이집트","수출금액[천불]","천불","108292","111399","119653","113592","110507","87010","109043","95880","147914","151429","89506","122180","91578","117239","129732","102423","87295","182463","95748","150177","175761","98488","311929","125315","126402","274132","142420","275987","147656","152815","272662",
"이집트","수입금액[천불]","천불","58400","88467","4967","5961","4666","4360","6932","5127","5466","6302","3879","7077","5990","5045","5113","11996","4849","3900","6010","4796","5634","7016","5974","5365","8483","4396","47876","18850","83314","5085","10763",
"이집트","무역수지[천불]","천불","49892","22932","114686","107631","105841","82650","102111","90754","142448","145127","85627","115103","85587","112194","124619","90427","82446","178563","89738","145381","170128","91472","305955","119949","117918","269736","94544","257137","64342","147730","261898",
"남아프리카공화국","수출금액[천불]","천불","59122","56296","66886","55376","52024","72297","64887","59482","50299","48184","49451","72863","39935","45008","67854","72997","56249","62352","67697","74450","107750","37644","55633","77734","62800","48086","78335","80192","62788","76534","68347",
"남아프리카공화국","수입금액[천불]","천불","221256","288088","162351","200455","298667","174651","126364","138104","200657","237095","245825","335605","263378","247938","114157","213877","129707","121807","154458","170814","173384","139600","213946","283957","388719","318004","266805","152783","292359","224485","273135",
"남아프리카공화국","무역수지[천불]","천불","-162134","-231792","-95465","-145079","-246644","-102353","-61478","-78622","-150358","-188911","-196375","-262742","-223444","-202930","-46303","-140880","-73458","-59455","-86761","-96365","-65634","-101957","-158313","-206224","-325919","-269918","-188470","-72591","-229571","-147951","-204787",
"체코공화국","수출금액[천불]","천불","275674","294309","303005","276636","288015","218006","292363","283773","295627","280971","251713","269489","281161","304913","295076","340865","231881","274760","351975","294339","291441","255131","319006","265350","217817","257316","361029","371277","379222","370566","363607",
"체코공화국","수입금액[천불]","천불","85034","101608","102089","122089","86719","94193","137741","91132","139151","141584","117725","145699","78232","90350","92163","131787","97173","129231","105271","79484","120365","84637","71004","197165","95031","232636","158905","145425","136354","104260","118187",
"체코공화국","무역수지[천불]","천불","190639","192700","200916","154547","201296","123813","154622","192641","156476","139387","133988","123790","202929","214564","202913","209078","134707","145528","246704","214855","171076","170494","248003","68186","122786","24680","202124","225852","242868","266306","245420",
"바하마","수출금액[천불]","천불","1220","794","1272","1486","1055","627","1097","107288","907","1399","935","625","113268","1778","116828","1439","959","935","116359","409","1521","314","1952","1908","99444","286","219360","771","233164","130912","236016",
"바하마","수입금액[천불]","천불","0","4","1","2","1","3","6","1","2","344","3","3","0","3","2","1","4","6","1","4","5","2","1","3","2","0","3","3","275","0","3",
"바하마","무역수지[천불]","천불","1220","790","1271","1484","1054","625","1091","107287","905","1055","932","622","113267","1775","116826","1438","956","929","116358","405","1516","312","1951","1906","99442","286","219357","768","232889","130911","236012",
"우즈베크","수출금액[천불]","천불","141818","149347","133745","144055","146461","169266","141807","123211","141075","151599","143197","134280","110091","144964","130199","142419","122760","134090","131457","142990","190937","138120","203170","195681","148465","151871","166950","181029","158862","149854","182239",
"우즈베크","수입금액[천불]","천불","1749","621","1016","542","1255","1661","1236","1676","1449","1639","1899","878","1166","2297","666","2676","1049","1487","3086","1296","1935","2264","1565","2710","1412","1511","2098","2695","1884","2205","7060",
"우즈베크","무역수지[천불]","천불","140069","148727","132729","143513","145206","167606","140571","121535","139627","149960","141298","133402","108925","142667","129533","139743","121711","132603","128371","141694","189002","135856","201605","192970","147053","150360","164852","178334","156978","147649","175179",
"나이지리아","수출금액[천불]","천불","65258","50248","58391","54891","40694","32615","59047","56724","52671","52206","60049","66136","41086","46713","41624","44672","41614","39519","44302","47844","61071","43303","34292","45800","36194","36093","54720","42445","53315","57751","56105",
"나이지리아","수입금액[천불]","천불","65162","81459","58245","41477","144853","167521","189201","196637","202254","226468","96600","142009","79948","69543","6509","40070","47410","38446","48207","79857","9409","74770","3595","67712","108994","47219","36660","199764","110638","185083","192062",
"나이지리아","무역수지[천불]","천불","96","-31211","146","13413","-104159","-134906","-130155","-139913","-149583","-174262","-36551","-75873","-38862","-22830","35114","4602","-5796","1073","-3905","-32013","51662","-31467","30697","-21913","-72800","-11126","18060","-157319","-57323","-127331","-135956",
"이스라엘","수출금액[천불]","천불","110913","109878","137781","131532","124317","147343","139225","161394","168301","180141","209558","200704","175268","218570","211388","193196","140594","151189","100571","127709","144817","168537","145745","153889","157248","121938","157823","141175","146860","174166","164077",
"이스라엘","수입금액[천불]","천불","120357","110476","89920","108918","102777","95799","89241","118846","96931","81758","130282","121441","136296","102612","155700","147817","149157","83455","119386","130909","99355","93178","132396","178435","122865","126832","123868","215929","132789","161465","171752",
"이스라엘","무역수지[천불]","천불","-9444","-598","47861","22614","21539","51543","49984","42549","71370","98383","79276","79263","38973","115957","55689","45379","-8563","67734","-18815","-3199","45462","75359","13349","-24546","34383","-4894","33955","-74754","14071","12701","-7675",
"몰타","수출금액[천불]","천불","83565","606943","81941","11971","324585","11978","74349","267485","200890","169854","18012","460634","181194","9096","543500","416240","138300","184032","7292","9876","184911","226998","186809","423234","13220","404753","188073","277716","250627","699668","15927",
"몰타","수입금액[천불]","천불","32245","45490","6818","27942","13512","22657","36570","37801","5186","33305","32116","30379","16984","14678","25417","8043","8119","7881","19178","24716","50853","30641","13441","48165","35392","18273","3738","4200","1619","3582","2896",
"몰타","무역수지[천불]","천불","51320","561453","75123","-15972","311073","-10679","37779","229684","195704","136549","-14104","430256","164211","-5582","518082","408197","130182","176151","-11886","-14841","134058","196358","173368","375069","-22172","386479","184335","273517","249009","696086","13031",
"방글라데시","수출금액[천불]","천불","156358","140816","83335","78287","79372","104279","101782","84051","120904","104845","116775","129784","99100","156177","180433","121140","143311","126377","120557","131916","128369","218691","173648","158303","112214","146672","381029","343220","264602","197364","81240",
"방글라데시","수입금액[천불]","천불","67111","66973","71696","58937","32837","39760","41976","42810","94825","62930","58130","44917","52092","64353","63977","53012","30324","37705","34852","59871","66666","53612","46966","49803","45432","58400","66430","41077","35661","30660","38440",
"방글라데시","무역수지[천불]","천불","89246","73843","11638","19350","46535","64519","59805","41241","26079","41915","58645","84867","47008","91825","116456","68128","112988","88672","85704","72045","61702","165080","126682","108500","66783","88272","314599","302143","228941","166705","42801",
"뉴질랜드","수출금액[천불]","천불","196537","298715","323087","251921","271123","327906","348618","334948","244055","314771","179468","159224","139315","215911","271802","237257","253753","284637","280638","226689","240676","336888","259383","285334","323280","267382","501644","294131","369372","358427","414740",
"뉴질랜드","수입금액[천불]","천불","152919","138858","103375","202314","145054","165735","152541","140594","103446","127449","94439","93983","102112","125459","115401","203678","191358","123306","179111","184061","157502","112840","98243","129679","151324","116194","129870","198554","161081","190289","163490",
"뉴질랜드","무역수지[천불]","천불","43618","159857","219712","49607","126069","162170","196078","194353","140609","187322","85029","65241","37203","90452","156400","33578","62395","161331","101526","42629","83175","224047","161140","155655","171956","151188","371774","95577","208291","168138","251250",
"버뮤다","수출금액[천불]","천불","47823","224","701","207918","209902","207863","208764","206166","209808","211566","211930","209241","785","208775","1349","211356","539","212796","212097","212890","417156","211232","205439","212789","211245","642","997","211544","211446","211278","215799",
"버뮤다","수입금액[천불]","천불","2","13","0","16","1","1","1","1","0","1","1","1","1","0","1","1","2","1","0","0","0","0","0","0","2","1","0","0","1","0","1",
"버뮤다","무역수지[천불]","천불","47821","211","701","207902","209901","207862","208763","206165","209808","211565","211929","209240","784","208775","1348","211355","537","212795","212097","212890","417156","211232","205439","212789","211243","642","997","211544","211445","211278","215798",
"이라크","수출금액[천불]","천불","132069","122128","111260","115682","94251","109536","109924","91353","81165","93109","83182","105141","99545","125244","120878","99916","97966","126616","119784","86824","93055","178326","101512","129106","105248","90539","42724","54641","66203","86311","94218",
"이라크","수입금액[천불]","천불","615718","699083","839448","576986","870389","923107","695860","834025","643141","692115","698062","940531","792000","929492","741159","918052","802670","469173","703712","833480","894860","746043","557804","718773","623728","605816","503535","611867","158805","297082","98048",
"이라크","무역수지[천불]","천불","-483650","-576955","-728188","-461304","-776138","-813572","-585936","-742673","-561976","-599006","-614880","-835390","-692455","-804249","-620281","-818136","-704704","-342557","-583928","-746656","-801805","-567717","-456292","-589666","-518480","-515276","-460811","-557225","-92602","-210771","-3830",
"콜롬비아","수출금액[천불]","천불","61646","83384","75743","73085","80377","62486","69355","74751","81496","91389","86516","97276","66486","81119","108278","109546","127519","143499","128276","94544","168606","102650","116272","137853","105169","113302","136282","157410","158015","139706","133374",
"콜롬비아","수입금액[천불]","천불","74031","49137","68503","75768","197196","107639","200160","207092","158001","115395","147300","70214","95564","158313","37482","39817","95433","152989","93237","83134","55597","102418","99394","179247","114087","67937","52071","105509","72251","53835","155428",
"콜롬비아","무역수지[천불]","천불","-12385","34248","7240","-2683","-116820","-45153","-130805","-132341","-76506","-24006","-60784","27062","-29079","-77194","70796","69729","32086","-9490","35039","11411","113008","232","16878","-41394","-8917","45366","84211","51901","85764","85870","-22054",
"쿠웨이트","수출금액[천불]","천불","26705","32348","26725","29141","36106","55271","45744","26998","25045","38771","43277","45065","35753","62742","41046","57077","48410","85661","33005","28363","72350","30337","39307","126665","43307","29596","10957","7691","20374","58061","24115",
"쿠웨이트","수입금액[천불]","천불","800381","890079","687220","672284","751548","685241","638363","1020457","661761","781849","660130","600404","802322","575332","678960","578341","799690","526735","594345","795121","528389","827498","422947","794390","655214","658840","396680","15293","2","254887","435048",
"쿠웨이트","무역수지[천불]","천불","-773676","-857731","-660495","-643143","-715443","-629970","-592619","-993459","-636716","-743078","-616853","-555339","-766569","-512590","-637914","-521264","-751279","-441075","-561339","-766758","-456039","-797161","-383640","-667726","-611907","-629244","-385723","-7602","20372","-196826","-410933",
"슬로베니아","수출금액[천불]","천불","102645","116433","104569","91590","79457","80874","99389","88651","71031","71303","63546","81634","63883","74105","60517","102630","88291","103375","92124","84885","100055","63241","60373","67598","95854","65731","86671","74833","90221","70492","77016",
"슬로베니아","수입금액[천불]","천불","4970","8018","12494","11440","8434","7859","10614","8610","7054","11266","9570","12710","6459","11772","15754","13189","12133","15698","9510","17187","10993","13480","10157","12466","18015","12758","9861","18521","10592","18026","7777",
"슬로베니아","무역수지[천불]","천불","97675","108415","92075","80149","71023","73014","88775","80041","63977","60037","53976","68924","57424","62333","44763","89441","76158","87677","82614","67698","89062","49761","50216","55133","77839","52973","76811","56312","79629","52466","69240",
"핀란드","수출금액[천불]","천불","26734","15367","32291","22774","20774","26478","49918","38357","53658","53210","42589","85711","45116","33203","40570","27825","40946","35047","33216","27550","41683","28834","33523","66605","30335","26525","42722","52232","33723","35337","34549",
"핀란드","수입금액[천불]","천불","80949","54825","65450","79391","56372","65519","74983","68964","71319","100682","65680","78629","74099","82861","92122","96895","113143","105573","123011","82614","68977","90811","63400","106902","75426","59019","66741","81364","64029","76249","64394",
"핀란드","무역수지[천불]","천불","-54215","-39457","-33159","-56616","-35598","-39041","-25065","-30607","-17661","-47473","-23091","7082","-28984","-49658","-51552","-69069","-72197","-70526","-89795","-55063","-27294","-61977","-29877","-40297","-45091","-32494","-24019","-29132","-30306","-40911","-29845",
"스웨덴","수출금액[천불]","천불","120495","117937","138799","122100","123932","118031","110335","145788","92741","77522","98168","100288","96083","94041","99067","134104","100411","101042","184513","98549","127382","92642","129295","140078","146299","109543","141272","139953","141425","117228","142664",
"스웨덴","수입금액[천불]","천불","126773","149402","198419","131976","174537","182977","165846","144192","182694","145040","134795","205646","155454","152858","196969","141673","168821","154113","208217","140771","209766","158673","173583","252907","289298","182222","191436","149872","163229","258577","151208",
"스웨덴","무역수지[천불]","천불","-6278","-31465","-59621","-9877","-50605","-64946","-55511","1596","-89952","-67518","-36626","-105358","-59371","-58817","-97903","-7569","-68410","-53071","-23704","-42222","-82384","-66031","-44288","-112829","-143000","-72679","-50164","-9920","-21804","-141349","-8544",
"알제리","수출금액[천불]","천불","21279","20224","41740","30760","16563","29418","17839","17046","22866","18840","24566","30331","20216","33669","29263","54755","23792","38286","37282","20043","36015","22887","37422","30040","36659","29298","33091","42503","35376","40320","52237",
"알제리","수입금액[천불]","천불","365381","277730","383483","227551","338967","251735","205358","364059","237065","226449","467572","287916","455392","295860","285843","229343","452098","117468","441214","184598","380844","212930","388716","238394","250363","403490","204012","324075","936942","475540","247578",
"알제리","무역수지[천불]","천불","-344101","-257507","-341743","-196790","-322404","-222317","-187519","-347013","-214198","-207609","-443006","-257585","-435177","-262191","-256580","-174588","-428307","-79182","-403932","-164555","-344829","-190043","-351294","-208354","-213704","-374192","-170922","-281572","-901566","-435220","-195341",
"오스트리아","수출금액[천불]","천불","80705","92178","91252","99873","125404","100665","115546","138816","130696","189095","184254","71327","62082","80399","97353","110208","90307","94039","98144","102678","118950","107532","87947","73046","90828","94732","110239","84556","87263","119869","171927",
"오스트리아","수입금액[천불]","천불","77798","77505","145371","144326","152970","153161","97879","140375","124857","153450","187896","173667","112986","116531","133220","131048","150361","161403","157872","136401","129691","121581","106829","146276","95985","141696","114917","158283","141997","155981","150884",
"오스트리아","무역수지[천불]","천불","2907","14673","-54118","-44452","-27566","-52496","17667","-1559","5839","35645","-3642","-102340","-50904","-36132","-35867","-20840","-60054","-67365","-59728","-33723","-10741","-14048","-18882","-73230","-5156","-46964","-4678","-73727","-54733","-36112","21043",
"페루","수출금액[천불]","천불","48306","51989","56907","56607","54348","46441","48274","48496","47794","49768","45031","51700","40438","52078","45850","61355","49138","49164","61463","71150","58776","42047","46189","51354","46670","53286","55256","67714","57588","73754","77389",
"페루","수입금액[천불]","천불","173245","334270","354658","242154","207906","195641","261437","119632","219787","212059","129141","151620","257596","228380","393420","346018","178407","214777","232842","244248","88811","114960","93202","167880","244782","280057","316050","193868","164883","425563","327255",
"페루","무역수지[천불]","천불","-124939","-282281","-297752","-185547","-153559","-149200","-213162","-71137","-171993","-162291","-84110","-99920","-217158","-176302","-347570","-284663","-129268","-165612","-171378","-173098","-30035","-72913","-47013","-116526","-198112","-226771","-260795","-126154","-107295","-351809","-249867",
"파키스탄","수출금액[천불]","천불","135220","94943","84916","90319","80246","65817","64548","63292","82413","77552","64130","80478","107101","95917","116426","115633","93441","92755","121414","105628","168707","102288","93049","106639","88914","72731","108744","99231","86515","92131","111533",
"파키스탄","수입금액[천불]","천불","28205","29547","19349","43341","23454","23341","19338","15910","29529","18314","31485","15849","38186","20904","13572","27316","12919","23489","14664","16531","15710","22741","19707","29300","19673","16174","19192","29681","14413","16040","19131",
"파키스탄","무역수지[천불]","천불","107015","65396","65566","46979","56791","42476","45210","47382","52884","59239","32645","64629","68915","75012","102853","88317","80523","69266","106750","89098","152997","79547","73342","77339","69241","56557","89552","69550","72103","76091","92402",
"요르단","수출금액[천불]","천불","52110","47459","39069","46292","36620","46592","48630","41238","46969","47524","40801","53541","55723","60293","47877","71251","43232","42921","53857","46869","39486","22992","33679","43432","55069","39072","28605","41515","51711","59593","50192",
"요르단","수입금액[천불]","천불","3175","1130","8356","6786","9474","10014","6817","8123","5253","5780","8890","4132","4693","2114","2673","1974","7752","3808","5184","5051","7405","8121","4763","3749","5851","3980","3587","5356","7783","3554","3194",
"요르단","무역수지[천불]","천불","48936","46329","30713","39506","27146","36578","41814","33115","41716","41743","31912","49409","51030","58179","45204","69277","35480","39113","48674","41818","32081","14871","28915","39683","49218","35092","25019","36159","43928","56040","46998",
"덴마크","수출금액[천불]","천불","224568","33995","219571","42638","233440","35952","220494","45825","237243","231299","45523","230394","253413","254830","251957","63140","252896","241419","261895","249680","276612","243299","59199","250347","65915","56170","76314","46884","46296","58840","202123",
"덴마크","수입금액[천불]","천불","78664","75832","86050","83156","107775","91447","109151","103158","156261","101847","106210","110195","137875","118444","79184","132351","99364","146350","162794","176590","226834","93495","159972","102739","105586","94206","121116","136829","109551","140696","170998",
"덴마크","무역수지[천불]","천불","145904","-41837","133521","-40518","125665","-55495","111343","-57333","80982","129452","-60687","120199","115537","136386","172773","-69211","153532","95069","99101","73090","49777","149804","-100773","147608","-39670","-38036","-44802","-89945","-63256","-81856","31124",
"앙골라","수출금액[천불]","천불","158336","5896","12505","78294","104882","99970","87840","8186","76150","67107","5762","4629","78320","3354","67259","69071","62442","69568","70659","78036","68150","29425","2627","4723","64617","68723","4150","11121","10720","3584","109589",
"앙골라","수입금액[천불]","천불","4","0","0","0","11","38","3","1","5","0","2","0","31","0","14","0","0","2","82","0","3","0","0","0","0","0","0","8","49964","68","1",
"앙골라","무역수지[천불]","천불","158332","5896","12505","78294","104871","99932","87837","8185","76145","67107","5760","4629","78289","3354","67245","69071","62442","69565","70577","78036","68148","29425","2627","4723","64617","68723","4150","11113","-39244","3515","109589",
"카자흐스탄","수출금액[천불]","천불","162570","169480","171875","174702","152758","153585","187847","196865","220602","229928","261341","263553","194104","247641","273992","255954","273139","259895","274641","259853","305954","242638","239835","163857","110300","115233","156468","176108","159673","170915","157738",
"카자흐스탄","수입금액[천불]","천불","274905","19241","195258","108499","251713","16499","43838","240772","64470","15459","15013","14356","12325","15414","13811","99846","319592","215268","21999","16709","16011","317725","86338","230182","18547","5468","9607","134403","230667","125249","141837",
"카자흐스탄","무역수지[천불]","천불","-112335","150239","-23383","66203","-98955","137086","144009","-43907","156132","214468","246328","249197","181779","232227","260181","156108","-46452","44627","252642","243144","289943","-75088","153496","-66325","91753","109765","146860","41706","-70994","45666","15901",
"사이프러스","수출금액[천불]","천불","5213","3879","3276","5381","5458","4027","3743","3074","4052","4589","5219","8163","2700","7556","5745","7123","4090","7077","6661","4368","5510","3915","4593","11242","5812","2007","5450","5002","3035","6647","4870",
"사이프러스","수입금액[천불]","천불","685","1613","1056","1005","866","1272","1506","373","345","394","103","230","1234","335","654","313","258","540","620","142","935","365","407","211","815","769","240","389","1006","231","590",
"사이프러스","무역수지[천불]","천불","4527","2265","2221","4377","4593","2754","2238","2701","3707","4195","5116","7934","1466","7221","5091","6810","3833","6537","6041","4225","4575","3550","4186","11032","4997","1238","5210","4613","2029","6417","4280",
"카타르","수출금액[천불]","천불","56742","48832","47247","79119","50303","72724","795980","51448","80226","71881","64510","71919","73034","77863","70529","66111","28107","119947","48097","37536","105326","53451","83502","69181","66169","34609","5038","9301","8091","17750","37459",
"카타르","수입금액[천불]","천불","1195179","1147373","1081927","1495169","1153925","1255927","1174616","1213079","1039281","1288562","974279","1189031","1414195","827630","950365","940102","855805","733490","738587","725970","889013","611752","626924","609640","831805","737733","480703","27513","174510","68019","367402",
"카타르","무역수지[천불]","천불","-1138437","-1098542","-1034680","-1416050","-1103622","-1183203","-378635","-1161631","-959056","-1216681","-909769","-1117112","-1341161","-749767","-879836","-873991","-827699","-613544","-690491","-688434","-783686","-558301","-543422","-540459","-765636","-703123","-475664","-18212","-166419","-50269","-329943",
"스위스","수출금액[천불]","천불","108253","88397","108940","124505","121433","104033","81337","82561","55192","77824","92188","116078","101421","137333","139716","110611","164444","232491","116251","215651","235401","144776","239475","232300","263183","98388","178356","177058","293980","274765","218547",
"스위스","수입금액[천불]","천불","281680","261372","287511","354205","290406","272641","327354","264143","270847","300242","313521","283458","280292","350840","403506","286047","340040","309164","347714","273453","343061","362833","301400","317617","296184","321937","324436","306815","280390","397965","380611",
"스위스","무역수지[천불]","천불","-173427","-172975","-178571","-229700","-168973","-168608","-246017","-181582","-215655","-222418","-221333","-167380","-178872","-213507","-263790","-175437","-175597","-76673","-231463","-57803","-107660","-218057","-61925","-85317","-33001","-223549","-146080","-129757","13590","-123200","-162064",
"우크라이나","수출금액[천불]","천불","25583","29850","34422","28662","31849","35842","32855","36094","35214","21063","35156","27622","33060","44990","44417","48766","56256","48224","43126","32215","45571","30820","42103","51047","29476","29448","52923","60257","48157","68739","83574",
"우크라이나","수입금액[천불]","천불","41027","49544","64540","40985","86410","41335","37136","35487","23096","14015","22128","36682","31661","8527","48254","49679","14173","18277","17747","13480","24877","13271","10004","37351","21791","17637","30479","15948","24080","26842","27250",
"우크라이나","무역수지[천불]","천불","-15444","-19694","-30118","-12324","-54562","-5493","-4281","608","12117","7047","13028","-9059","1399","36463","-3838","-912","42083","29947","25379","18734","20694","17549","32099","13696","7685","11811","22444","44309","24077","41897","56323",
"오만","수출금액[천불]","천불","53361","31077","113664","67369","30387","26389","22017","20528","80066","76562","21572","88168","65013","21100","75519","33993","50621","63096","37808","50748","101451","48770","53316","58642","41838","26677","10051","30356","37303","38591","87896",
"오만","수입금액[천불]","천불","472469","518814","392124","604562","506990","373641","362362","506465","511692","437907","522308","449793","499520","199234","350984","359525","102160","202583","144284","232701","232093","104689","128061","233144","218716","205963","221759","116377","540553","845455","688744",
"오만","무역수지[천불]","천불","-419109","-487737","-278461","-537192","-476603","-347251","-340345","-485936","-431626","-361345","-500736","-361624","-434507","-178134","-275465","-325531","-51539","-139487","-106476","-181954","-130641","-55919","-74745","-174502","-176878","-179285","-211708","-86021","-503250","-806864","-600847",
"아르헨티나","수출금액[천불]","천불","18193","20133","31736","36874","38669","26488","32805","35465","24486","44067","41516","34452","27035","33455","44208","33540","45410","49357","39334","97899","63122","34690","70128","32443","60109","62382","26154","38732","28394","44588","37964",
"아르헨티나","수입금액[천불]","천불","80481","79324","53839","117663","85559","151295","192340","147554","129648","129056","91611","126551","121718","77922","69002","63448","39652","78611","54548","79851","64184","102396","70250","47030","44344","20497","90467","29038","59214","67498","73132",
"아르헨티나","무역수지[천불]","천불","-62288","-59192","-22103","-80789","-46890","-124807","-159535","-112089","-105162","-84989","-50095","-92099","-94683","-44467","-24793","-29908","5758","-29254","-15214","18048","-1063","-67706","-122","-14587","15764","41885","-64313","9693","-30820","-22910","-35168",
"리비아","수출금액[천불]","천불","30199","22171","26678","37845","35550","39352","43080","44981","40170","48436","41325","40626","31689","42469","40606","39849","40636","28913","39275","33066","47294","36676","38489","35901","25591","25250","27304","36687","30336","40139","48204",
"리비아","수입금액[천불]","천불","1204","1041","3384","2518","2068","1975","2834","2615","3332","1935","1002","2657","1662","1627","18023","19578","1773","4447","2133","29186","18280","36499","1788","3162","1572","3661","60819","68643","212253","56731","184054",
"리비아","무역수지[천불]","천불","28994","21130","23295","35328","33482","37376","40246","42366","36839","46502","40322","37970","30027","40842","22583","20272","38863","24466","37141","3880","29015","176","36701","32738","24019","21589","-33515","-31956","-181917","-16592","-135850",
"아일랜드","수출금액[천불]","천불","71239","48359","75658","81184","92509","94276","58565","61687","66643","102980","80116","152995","76336","88660","113498","121003","86904","50927","45103","152666","206098","44209","63991","92870","85476","81523","108114","194575","212965","269594","215097",
"아일랜드","수입금액[천불]","천불","100763","109556","168747","97905","155087","88074","115531","157851","123986","149256","84251","90149","106542","123581","101820","155548","140578","83876","96992","123221","101923","113799","109688","154795","101149","92360","120636","102095","122845","125092","172281",
"아일랜드","무역수지[천불]","천불","-29524","-61196","-93090","-16721","-62578","6202","-56966","-96164","-57343","-46276","-4135","62846","-30206","-34921","11678","-34545","-53675","-32948","-51889","29445","104175","-69590","-45697","-61924","-15674","-10837","-12522","92480","90120","144501","42815",
"에쿠아도르","수출금액[천불]","천불","53468","89908","92608","46779","47889","29455","29025","25807","30530","24142","18200","28750","20630","32767","28437","32935","25397","29372","68376","42467","47115","33649","47592","44223","32164","34401","42489","23934","22831","54281","49779",
"에쿠아도르","수입금액[천불]","천불","4880","91637","8103","8855","12020","13765","13758","97854","8349","5981","9547","10214","11810","6755","7570","57396","8261","9737","12656","13221","15620","16404","7101","12951","13111","7112","167680","15187","144999","14669","44926",
"에쿠아도르","무역수지[천불]","천불","48588","-1729","84506","37923","35869","15691","15267","-72047","22181","18161","8654","18536","8820","26011","20867","-24461","17136","19635","55720","29246","31496","17244","40491","31271","19053","27290","-125191","8747","-122167","39613","4853",
"미얀마","수출금액[천불]","천불","21948","25588","23559","30040","32503","27266","30537","27083","26885","25715","27104","26981","23366","23402","24278","28022","28779","31779","28838","16816","26215","24363","21047","30611","25354","22116","29435","33697","23553","31951","39141",
"미얀마","수입금액[천불]","천불","53654","53929","45084","40611","24487","29653","38424","41284","92448","68075","42150","30351","41919","58361","60286","45942","18771","22392","46312","53355","94632","64827","32274","37613","36739","53605","53213","46433","16192","30166","39992",
"미얀마","무역수지[천불]","천불","-31706","-28341","-21524","-10571","8016","-2387","-7887","-14202","-65564","-42360","-15045","-3370","-18553","-34959","-36008","-17921","10008","9388","-17474","-36539","-68417","-40464","-11227","-7003","-11384","-31489","-23779","-12735","7361","1785","-852",
"포루투갈","수출금액[천불]","천불","230313","80765","75743","84767","79324","76000","66144","197368","202811","71560","78174","58801","56928","95112","82963","75884","61925","67731","93839","74695","66749","77002","90771","73129","83948","86408","88885","83107","60821","74852","75665",
"포루투갈","수입금액[천불]","천불","57381","35416","85596","37646","50534","36549","39442","50612","37965","38732","20396","28371","37262","41019","42755","28547","26783","33177","41968","29484","36199","21725","25073","46411","32122","34054","49941","39229","26427","23242","29832",
"포루투갈","무역수지[천불]","천불","172932","45349","-9852","47121","28791","39451","26702","146756","164845","32828","57778","30430","19665","54093","40207","47337","35142","34555","51871","45211","30550","55277","65698","26718","51827","52355","38943","43878","34393","51610","45833",
"루마니아","수출금액[천불]","천불","61915","62447","52553","47604","62021","41293","46043","83060","39229","41653","44940","44287","41323","48663","60535","71398","52840","42929","54536","65947","50168","35839","38788","43987","50601","61097","54189","63544","43440","76949","147894",
"루마니아","수입금액[천불]","천불","86225","99213","70219","66933","42356","46952","56000","53977","45750","48471","43538","49775","47514","36618","37922","37620","37395","38135","48952","60758","74642","50487","50507","54377","35170","45112","44971","43241","36025","51405","43847",
"루마니아","무역수지[천불]","천불","-24310","-36766","-17666","-19329","19665","-5659","-9957","29083","-6521","-6818","1401","-5487","-6191","12045","22613","33778","15445","4794","5584","5189","-24474","-14648","-11719","-10390","15431","15986","9218","20303","7416","25545","104047",
"시리아","수출금액[천불]","천불","684","1261","850","469","984","1644","1234","710","1569","2314","2206","631","2043","8966","17010","16688","18568","25752","28501","15871","17956","14066","18805","22749","27114","19949","37249","50252","25624","22447","16231",
"시리아","수입금액[천불]","천불","12","227","8","0","22","40","6","6","25","38","0","3","6","5","36","12","0","11","19","46","46","3","31","3","24","0","10","15","2","29","17",
"시리아","무역수지[천불]","천불","672","1035","842","469","962","1604","1228","704","1544","2276","2206","629","2037","8961","16975","16675","18568","25741","28482","15825","17910","14063","18774","22746","27090","19949","37240","50236","25623","22419","16214",
"베네주엘라","수출금액[천불]","천불","3747","4377","3566","3551","2988","3154","4441","3649","2688","3785","3149","3288","2638","3502","2999","3377","2495","4007","3550","4635","4450","5381","3793","5318","3859","5896","4142","6099","2903","8308","5596",
"베네주엘라","수입금액[천불]","천불","256","856","469","579","386","1675","547","260","193","460","617","167","439","231","1167","89","487","1945","505","446","993","200","621","189","896","469","371","256","12510","1243","563",
"베네주엘라","무역수지[천불]","천불","3491","3521","3097","2971","2603","1479","3895","3389","2495","3325","2532","3121","2199","3271","1831","3288","2007","2062","3046","4189","3457","5182","3172","5128","2962","5427","3771","5843","-9607","7065","5033",
"캄보디아","수출금액[천불]","천불","55342","47338","55403","54844","56510","54880","63980","52264","48472","54714","57409","55734","49599","53393","53315","58666","49816","56339","58000","51238","70777","56025","61833","59906","54132","58434","78296","66979","55713","62269","59064",
"캄보디아","수입금액[천불]","천불","49339","49024","41552","37044","38213","34702","51120","51309","44487","36705","31622","40920","41984","40013","45414","40659","32400","36068","46221","49838","50511","38584","44335","52713","59832","50862","56081","51840","46951","63399","58043",
"캄보디아","무역수지[천불]","천불","6003","-1687","13851","17800","18297","20177","12859","955","3986","18009","25787","14815","7615","13380","7900","18007","17415","20271","11779","1400","20266","17441","17498","7193","-5700","7572","22215","15140","8762","-1130","1021",
"과테말라","수출금액[천불]","천불","27723","25973","35313","29134","25999","21435","22463","23070","14162","22133","20521","19540","18324","18940","27087","27477","17543","23793","22402","36883","23369","22692","25509","24732","22612","23837","28804","26398","26875","25456","23265",
"과테말라","수입금액[천불]","천불","7521","4685","5840","32126","8052","11177","9789","13983","10859","10613","9684","6745","7332","5758","7786","11032","15937","10150","8743","11396","8578","7083","4437","4004","5240","5812","6633","13838","9063","17286","9966",
"과테말라","무역수지[천불]","천불","20202","21288","29473","-2991","17947","10258","12674","9087","3304","11519","10837","12796","10992","13182","19301","16444","1605","13643","13659","25486","14791","15609","21072","20728","17373","18025","22171","12560","17812","8170","13299",
"영령 캐이맨 군도","수출금액[천불]","천불","539","440","474","1173","393","678","76","894","539","425","592","249","241","719","617","290","549","1007","1009","1376","637","481","1075","369","866","487","497","712","824","96","1448",
"영령 캐이맨 군도","수입금액[천불]","천불","0","0","30","3","4","0","0","0","0","0","0","0","0","2","4","2","1","7","0","2","1","0","1","0","0","0","0","0","7","0","0",
"영령 캐이맨 군도","무역수지[천불]","천불","538","440","443","1170","390","678","76","893","539","425","592","248","241","717","613","288","548","1001","1009","1374","636","481","1074","368","866","487","497","712","817","96","1448",
"스리랑카","수출금액[천불]","천불","17201","11159","12892","21751","12764","13272","17728","12899","13748","22781","16099","14105","16796","16926","14945","18557","14180","14263","21251","14000","21915","19065","46606","15486","19724","16317","19375","23374","18864","19537","29336",
"스리랑카","수입금액[천불]","천불","9216","24078","10384","11536","9965","7669","10201","11025","8251","7454","8194","8136","9979","10224","9842","10253","8336","6797","10515","9781","8877","7638","8111","9004","9835","7684","11191","9257","9299","10898","9355",
"스리랑카","무역수지[천불]","천불","7984","-12919","2508","10215","2799","5603","7527","1874","5496","15327","7905","5969","6817","6702","5102","8305","5844","7466","10736","4219","13038","11427","38495","6482","9889","8633","8185","14117","9565","8639","19981",
"모로코","수출금액[천불]","천불","28175","25693","31972","35527","29435","25929","31765","28332","23951","42253","32913","29847","20647","32212","31897","34495","36887","39439","34534","29060","46618","36040","35667","36414","29543","40135","39919","31006","31514","72756","30243",
"모로코","수입금액[천불]","천불","25034","16454","19760","10714","19146","12829","13244","10298","20139","12480","9241","21338","13057","23832","19070","24358","21523","18189","22398","17208","22329","26789","14217","36485","20514","52412","28990","24877","18314","34958","27635",
"모로코","무역수지[천불]","천불","3142","9240","12213","24813","10289","13100","18521","18034","3812","29773","23672","8509","7590","8380","12827","10137","15364","21250","12136","11852","24289","9251","21451","-70","9029","-12277","10929","6128","13200","37799","2608",
"영령 버진군도","수출금액[천불]","천불","1109","231","233","256","280","403","268","0","194","271","31","216","162","426","223","311","296","387","49","226","470","593","151","344","88","87","104","347","271","40","187",
"영령 버진군도","수입금액[천불]","천불","0","0","0","7","0","0","2","0","0","0","0","0","0","0","0","0","0","0","0","0","0","0","0","0","0","0","0","0","1","0","0",
"영령 버진군도","무역수지[천불]","천불","1109","231","233","249","280","403","266","0","194","271","31","216","162","426","223","311","296","387","49","226","470","593","151","344","88","87","104","347","269","40","187",
"토고","수출금액[천불]","천불","77228","75331","2276","3553","2163","1926","1612","1952","1860","3586","1814","2641","1736","2545","2237","1128","2787","1204","2432","2474","3933","2832","2586","4204","2505","2152","1861","1899","3159","4833","4509",
"토고","수입금액[천불]","천불","841","2187","2477","3409","1172","3389","10994","1001","3860","1126","2446","1196","850","547","279","144","419","567","945","913","540","460","9","471","966","311","824","347","784","288","345",
"토고","무역수지[천불]","천불","76388","73144","-201","143","990","-1463","-9381","951","-2000","2460","-632","1446","885","1997","1958","984","2368","636","1487","1561","3393","2372","2578","3734","1539","1841","1037","1552","2375","4545","4164",
"바레인","수출금액[천불]","천불","6683","11788","7685","7650","31320","28251","9953","16139","8914","20220","19213","27769","5242","14305","4274","14744","3455","15775","9352","10485","6618","6569","12196","37805","11177","5665","230","1181","2392","4572","3424",
"바레인","수입금액[천불]","천불","13001","20539","18120","56410","10632","46038","59210","23914","45046","26446","22434","56582","73455","66153","16072","25321","100783","44174","75110","52722","72703","54326","62001","26822","161055","47544","43863","1877","306","7347","2051",
"바레인","무역수지[천불]","천불","-6318","-8751","-10435","-48761","20687","-17788","-49257","-7775","-36132","-6226","-3221","-28812","-68213","-51848","-11797","-10577","-97328","-28399","-65758","-42237","-66085","-47757","-49804","10983","-149879","-41879","-43633","-695","2087","-2775","1373",
"몽골","수출금액[천불]","천불","36994","37761","45123","50288","60516","53956","48151","53992","51944","50989","47111","45012","31639","48647","54671","54890","144208","56641","39102","41539","60067","42255","45304","41498","39239","35538","57613","55852","50569","66151","56832",
"몽골","수입금액[천불]","천불","2444","1653","3164","3078","3125","3102","4102","2661","3436","4003","2359","2245","2671","1234","926","1313","1157","1614","2472","7928","3045","2670","4255","3136","1883","1232","1420","1372","3492","2596","1728",
"몽골","무역수지[천불]","천불","34550","36108","41959","47211","57391","50854","44049","51331","48508","46986","44753","42767","28968","47413","53745","53578","143051","55027","36630","33611","57022","39585","41049","38363","37356","34306","56193","54479","47077","63555","55104",
"푸에르토리코","수출금액[천불]","천불","69518","82821","44543","41938","33026","51286","46609","49884","47984","40689","47283","94221","34894","37396","42124","34906","32915","28181","40744","29204","27906","31839","37474","42407","21039","54816","32929","26104","30877","21402","34731",
"푸에르토리코","수입금액[천불]","천불","22940","29050","35373","30770","25687","30461","26956","37445","31727","28031","33252","26585","11880","29101","27924","24441","28051","24550","38773","25606","37576","52273","28684","29894","23238","19759","40363","26045","34970","33263","37655",
"푸에르토리코","무역수지[천불]","천불","46578","53771","9170","11167","7339","20825","19653","12439","16257","12657","14031","67636","23014","8295","14201","10465","4864","3631","1972","3597","-9670","-20434","8790","12512","-2198","35057","-7434","59","-4093","-11861","-2924",
"코스타리카","수출금액[천불]","천불","17852","19093","24506","27958","24208","26851","22131","27791","13453","16585","13868","17002","13470","29745","17717","26587","23225","17791","17136","11581","12414","14645","16621","12616","13221","14388","18464","17217","14148","16809","18604",
"코스타리카","수입금액[천불]","천불","14662","12928","14045","15361","13715","12917","16785","15015","13280","14265","21544","25498","9121","22657","15802","14285","20862","18818","20594","19180","20773","20999","20410","16424","18520","15029","20134","14551","18624","19699","21306",
"코스타리카","무역수지[천불]","천불","3190","6164","10461","12596","10493","13934","5346","12776","173","2320","-7676","-8496","4348","7088","1915","12302","2363","-1027","-3458","-7599","-8358","-6354","-3789","-3808","-5299","-641","-1670","2666","-4476","-2890","-2702",
"레바논","수출금액[천불]","천불","5844","7232","8144","8208","7096","8596","9144","8022","6675","4562","4458","6451","6332","8184","8155","10737","9105","11095","7607","9382","16567","9498","9610","8888","7761","11393","6719","6456","8299","11612","10739",
"레바논","수입금액[천불]","천불","1690","1542","1655","2139","1516","2870","3277","2378","1829","4799","2269","4295","1191","1749","2438","2110","1708","1459","1755","1653","1456","2221","2515","1673","1497","1948","1006","3341","490","3128","4057",
"레바논","무역수지[천불]","천불","4154","5690","6489","6069","5580","5726","5867","5644","4847","-236","2189","2155","5141","6435","5718","8627","7396","9636","5852","7729","15111","7278","7095","7216","6264","9444","5713","3115","7809","8483","6682",
"기타국","수출금액[천불]","천불","8434","3359","5861","5546","2312","2654","8274","4994","5010","5799","6742","11794","8412","5725","13665","3874","7466","12158","5335","7287","35320","11014","56741","8687","13364","7458","3807","4635","76005","11462","7468",
"기타국","수입금액[천불]","천불","24039","27789","44770","76578","45923","39829","72534","35340","31073","38533","6473","6834","28380","12761","13656","17392","5820","4116","5566","5906","8037","6189","5289","5038","3709","4777","9182","8987","8250","5039","7167",
"기타국","무역수지[천불]","천불","-15605","-24430","-38909","-71032","-43611","-37175","-64261","-30346","-26063","-32734","268","4960","-19968","-7037","9","-13518","1646","8042","-231","1381","27283","4825","51452","3649","9655","2681","-5375","-4352","67756","6423","301",
"가나","수출금액[천불]","천불","15413","17445","12351","16306","13404","13143","12673","13755","13132","18882","18999","23582","17113","30086","23199","28315","13751","17430","24078","19808","31014","21044","17147","31124","20492","23267","20311","24274","22868","33533","32236",
"가나","수입금액[천불]","천불","864","1691","2894","3459","5249","3075","5032","11206","4043","5324","5967","6676","6487","14214","10004","17837","10619","11894","11402","5119","4015","5195","3959","3882","4658","4541","7570","4330","11078","6902","3423",
"가나","무역수지[천불]","천불","14548","15754","9457","12846","8154","10067","7641","2549","9089","13558","13032","16906","10626","15873","13195","10478","3132","5535","12675","14689","26999","15849","13188","27242","15834","18726","12740","19944","11790","26631","28813",
"도미니카 공화국","수출금액[천불]","천불","30232","26411","29968","36357","25774","23334","24929","25978","26576","25654","19652","30213","18160","16311","20637","34416","16359","23798","20555","17003","23416","15168","20734","23417","18413","17673","26669","27693","23074","23656","24737",
"도미니카 공화국","수입금액[천불]","천불","12811","6844","6693","8382","6777","10521","7380","9375","7162","6046","8460","7256","8737","5307","7999","7241","8425","8314","11859","6376","7293","5356","4723","9099","5348","8085","10822","7596","9616","9806","8572",
"도미니카 공화국","무역수지[천불]","천불","17421","19567","23276","27975","18997","12812","17549","16602","19414","19609","11193","22957","9423","11005","12638","27176","7934","15483","8696","10627","16123","9812","16010","14318","13065","9588","15847","20096","13458","13850","16166",
"케냐","수출금액[천불]","천불","24247","13933","13616","19859","15360","11714","9059","15731","12146","9791","9579","18107","10638","23598","15065","15350","21977","11602","20562","13043","16799","10617","9117","16370","12518","15480","16167","17422","19273","16555","19814",
"케냐","수입금액[천불]","천불","1549","2480","2613","3822","4460","1804","6045","2701","4225","2495","4449","3263","3423","3075","5097","5207","4333","3936","3617","2708","3067","1701","2341","2715","1010","1055","3004","3458","2285","4105","1980",
"케냐","무역수지[천불]","천불","22698","11454","11003","16037","10900","9910","3014","13030","7921","7296","5130","14844","7216","20523","9968","10144","17644","7665","16945","10335","13732","8916","6776","13655","11508","14425","13163","13964","16988","12450","17834",
"괌","수출금액[천불]","천불","12855","21869","15944","47506","7373","39956","15627","33972","5364","34063","18115","8486","43488","7383","33005","95760","13076","70959","14470","11480","33522","32893","38865","64292","33847","72085","54605","115903","97984","110566","121952",
"괌","수입금액[천불]","천불","574","521","594","507","623","479","601","492","589","597","686","390","480","721","609","643","363","561","419","1162","552","602","580","723","262","416","276","878","325","1136","428",
"괌","무역수지[천불]","천불","12280","21348","15350","46998","6750","39477","15026","33480","4775","33465","17430","8095","43009","6662","32396","95117","12713","70398","14051","10317","32969","32291","38285","63569","33585","71669","54329","115025","97659","109430","121524",
"리투아니아","수출금액[천불]","천불","55732","33810","37877","34296","45486","32325","65160","27594","52319","38916","31378","55733","29687","39425","30300","39619","31587","23644","49205","16629","34789","36121","20639","33287","30471","31006","39193","48201","38256","35435","31451",
"리투아니아","수입금액[천불]","천불","6180","5775","9580","8079","7763","11896","9307","9501","14353","12427","7297","13077","6615","7665","11851","8046","7976","13033","11640","14174","11126","8337","8262","11642","9209","5530","13010","8402","7862","9137","15834",
"리투아니아","무역수지[천불]","천불","49552","28035","28296","26217","37723","20429","55853","18093","37966","26489","24081","42656","23072","31761","18449","31573","23611","10611","37565","2455","23663","27784","12377","21645","21262","25477","26183","39799","30394","26298","15617",
"튀니지","수출금액[천불]","천불","8441","8140","10915","7347","17753","21765","8860","5991","9240","12525","9471","18519","9342","15960","10080","10530","16087","16929","25797","14608","16761","18224","18894","11769","15657","13947","12950","13436","15573","17642","13441",
"튀니지","수입금액[천불]","천불","11172","8902","11303","10203","7329","8997","10773","11213","10637","10769","9740","9946","7355","8729","9004","8409","6547","6599","8777","7705","11432","10228","21803","23501","22429","9945","13160","8822","7136","10843","9215",
"튀니지","무역수지[천불]","천불","-2731","-761","-388","-2856","10424","12769","-1914","-5222","-1397","1756","-269","8573","1987","7232","1076","2120","9540","10330","17020","6903","5329","7996","-2909","-11733","-6771","4002","-210","4614","8437","6800","4226",
"수단","수출금액[천불]","천불","3888","556","1593","2908","8822","1057","1642","2936","6320","6042","9791","2808","5434","2697","3616","4031","7772","9826","6203","7444","8592","3073","6286","6183","12399","3095","2581","6673","4712","5600","7465",
"수단","수입금액[천불]","천불","470","515","631","737","0","219","89","0","92","231","0","0","0","0","0","0","0","114","36","110","0","0","1","0","0","0","0","0","114","0","0",
"수단","무역수지[천불]","천불","3419","42","963","2171","8822","838","1553","2936","6228","5811","9791","2808","5434","2697","3616","4031","7772","9712","6167","7334","8592","3073","6285","6183","12399","3095","2581","6673","4598","5600","7465",
"크로아티아","수출금액[천불]","천불","6708","6065","7882","5458","5431","7974","8822","6595","6346","7930","8845","12097","8313","9280","10476","10500","13737","16629","12956","13725","11495","5324","5823","11087","8456","7530","7935","9895","18365","25260","13234",
"크로아티아","수입금액[천불]","천불","5360","5564","2203","2188","2044","2337","1981","2237","5666","1889","1193","3953","1496","1264","906","2062","1573","1312","1349","1847","2659","1472","2348","2040","2110","2701","1534","3066","3442","4077","1487",
"크로아티아","무역수지[천불]","천불","1348","501","5678","3269","3388","5637","6841","4359","680","6041","7651","8144","6817","8016","9570","8438","12164","15317","11607","11878","8836","3852","3474","9047","6346","4828","6401","6829","14923","21183","11747",
"콩고","수출금액[천불]","천불","1967","1459","1824","1529","1309","880","2007","1677","1582","1268","1393","2948","3367","5543","867","1129","4200","1384","1077","10242","2384","1850","810","7119","1959","5071","1759","1666","1963","2340","5949",
"콩고","수입금액[천불]","천불","94","27","22","303","13","441","214","238","115","104","170","2","614","301","646","25","375","340","290","41577","611","1078","0","313","349","230","131","0","730","9","411",
"콩고","무역수지[천불]","천불","1873","1432","1802","1226","1296","439","1793","1439","1467","1164","1223","2945","2754","5242","221","1104","3825","1044","788","-31335","1774","771","810","6805","1610","4841","1628","1666","1232","2331","5538",
"니카라과","수출금액[천불]","천불","6856","4295","6648","6960","6467","8299","9750","7829","7216","9138","6478","7224","4109","5029","5119","6954","5826","7749","9623","15148","6520","4761","5804","4114","3617","2250","6503","8048","2594","7571","6559",
"니카라과","수입금액[천불]","천불","868","1021","1176","9597","18020","15486","1324","1813","1258","2766","1459","1393","1231","6028","31663","3373","20053","7237","12159","1097","1203","2346","1056","1685","1255","1864","1822","15535","6755","1693","997",
"니카라과","무역수지[천불]","천불","5987","3274","5472","-2638","-11553","-7188","8426","6016","5958","6371","5019","5831","2878","-999","-26543","3581","-14227","513","-2535","14052","5316","2414","4748","2430","2362","386","4680","-7487","-4161","5878","5561",
"불가리아","수출금액[천불]","천불","18486","14385","25313","45956","19304","15040","16844","12968","14163","20882","16465","17385","12898","14142","16349","17985","20557","21567","22720","20367","20209","18681","18622","23091","22253","16115","21089","29505","24153","24759","22882",
"불가리아","수입금액[천불]","천불","18713","27014","18625","18526","22906","21125","21358","26781","32065","17636","15517","14181","25741","9640","20474","16256","18632","15245","9789","38825","41580","33928","30235","31290","22094","17693","22676","9634","41306","15222","33911",
"불가리아","무역수지[천불]","천불","-227","-12629","6688","27430","-3601","-6086","-4514","-13813","-17901","3246","948","3204","-12843","4502","-4125","1729","1925","6322","12931","-18459","-21371","-15247","-11613","-8199","159","-1577","-1588","19871","-17153","9537","-11029",
"예맨","수출금액[천불]","천불","1766","2675","5374","6367","10074","4027","4017","5268","10971","4416","3814","5748","3125","5210","4892","3740","3572","4997","3344","2799","14947","4152","7360","6221","3246","2909","2049","4250","7984","4535","3506",
"예맨","수입금액[천불]","천불","1982","4157","1678","2008","6270","3013","3516","3524","5075","2936","765","2078","6429","8810","2193","2907","2109","675","475","1170","330","299","2703","1733","1666","2530","3037","1677","67","614","627",
"예맨","무역수지[천불]","천불","-215","-1483","3696","4359","3805","1014","501","1744","5896","1480","3050","3670","-3304","-3600","2700","833","1464","4322","2868","1628","14618","3854","4657","4487","1580","379","-988","2573","7917","3921","2879",
"온두라스","수출금액[천불]","천불","20446","14695","28126","15471","14166","15649","12062","13126","13934","12609","12311","13103","11512","9707","9482","13689","11789","12219","13269","12396","12877","10977","13765","13676","16771","11196","16491","13489","11139","14723","13946",
"온두라스","수입금액[천불]","천불","2640","24194","2968","15442","7079","7188","5145","3380","3602","2416","1495","1553","1740","4468","5786","16954","9395","9475","7533","5417","6104","24259","529","1701","1779","3208","4704","8846","16640","5589","6384",
"온두라스","무역수지[천불]","천불","17805","-9498","25158","28","7087","8460","6917","9746","10332","10194","10816","11550","9772","5238","3695","-3265","2393","2744","5736","6979","6773","-13281","13236","11974","14992","7988","11788","4643","-5502","9133","7562",
"우루과이","수출금액[천불]","천불","11261","9923","10806","11263","15399","13632","18399","17707","17134","12487","11119","14806","10208","11740","10581","12262","12222","11791","18630","8699","13169","16547","11289","13047","11401","11985","14056","14439","14034","17311","20038",
"우루과이","수입금액[천불]","천불","8580","14042","29296","7224","17028","26691","15971","18231","16465","13054","10427","8759","20243","4824","11123","14574","12471","10998","42758","10513","8176","4998","10314","12107","10812","12461","32711","39580","56328","15198","29850",
"우루과이","무역수지[천불]","천불","2681","-4119","-18490","4039","-1629","-13058","2427","-524","669","-567","691","6047","-10034","6915","-541","-2311","-249","793","-24128","-1814","4992","11548","975","940","588","-476","-18655","-25141","-42295","2113","-9812",
"맨섬","수출금액[천불]","천불","0","0","0","0","0","0","0","0","0","0","0","0","0","0","0","0","0","0","0","0","0","0","0","0","0","0","0","0","0","0","0",
"맨섬","수입금액[천불]","천불","4","13","2","231","0","0","0","0","0","0","33","0","0","0","0","42","0","20","4","0","1","11","0","0","1","0","0","0","0","0","0",
"맨섬","무역수지[천불]","천불","-4","-13","-2","-231","0","0","0","0","0","0","-33","0","0","0","0","-42","0","-20","-4","0","-1","-11","0","0","-1","0","0","0","0","0","0",
"아제르바이잔","수출금액[천불]","천불","14809","21536","23838","18795","19111","12983","15913","16163","16263","15087","13956","14291","11040","14456","18367","17776","15469","9484","8963","7762","12900","8459","9685","11001","12655","12666","19271","13760","15583","19949","14543",
"아제르바이잔","수입금액[천불]","천불","65","442","27","645","44","20","26","117","19","13","248","6","394","27","3","140","152","9","26","102","2731","17","16","1761","2","36","6","46","289","210","145",
"아제르바이잔","무역수지[천불]","천불","14744","21094","23811","18150","19067","12963","15887","16046","16244","15073","13708","14285","10646","14429","18364","17636","15317","9475","8937","7660","10169","8441","9669","9240","12653","12630","19265","13714","15294","19739","14398",
"파라과이","수출금액[천불]","천불","10392","5740","9780","8745","8477","10928","13124","13009","11765","9526","8797","14655","58354","9869","50746","9794","8187","8765","51000","7574","13577","10126","11148","15300","11470","10729","18220","17467","11992","17879","21767",
"파라과이","수입금액[천불]","천불","19662","25243","7826","27001","2246","593","286","517","706","305","690","302","544","1571","245","451","1507","838","1686","1670","626","6744","3591","330","985","281","408","638","950","1684","1074",
"파라과이","무역수지[천불]","천불","-9269","-19503","1954","-18256","6230","10335","12837","12492","11059","9221","8107","14353","57811","8298","50500","9343","6680","7927","49314","5905","12951","3383","7557","14970","10486","10448","17813","16829","11041","16195","20693",
"탄자니아","수출금액[천불]","천불","11386","60262","16098","14285","93806","9541","67055","11448","12964","49664","10720","49940","11466","16584","17218","13088","15812","37738","17848","13555","16249","15122","14508","12453","16138","22698","14148","17417","16450","14334","11773",
"탄자니아","수입금액[천불]","천불","12262","6664","6977","4671","2067","1464","341","1070","844","801","3726","2589","8240","4728","3594","7610","3240","38","313","1841","3307","2278","4433","13792","5823","4115","2655","13411","9736","1879","1587",
"탄자니아","무역수지[천불]","천불","-876","53597","9121","9614","91739","8077","66713","10378","12120","48863","6995","47351","3226","11855","13624","5478","12571","37699","17535","11714","12942","12844","10076","-1339","10315","18583","11492","4006","6714","12455","10186",
"엘살바도르","수출금액[천불]","천불","20642","14239","21855","15290","21615","14929","19603","13025","17045","21269","22538","22199","21023","17895","20122","21358","21146","14380","20945","23269","26206","21217","25785","29743","28979","24257","28271","24399","23512","25768","33294",
"엘살바도르","수입금액[천불]","천불","2433","1582","1758","1658","9724","24424","2047","2968","3321","4084","3190","3296","3380","2939","5630","10046","4841","4391","3815","3264","3393","3065","3905","2949","2697","1995","2837","2882","2778","3367","3518",
"엘살바도르","무역수지[천불]","천불","18209","12657","20097","13632","11891","-9495","17556","10058","13724","17185","19348","18903","17643","14956","14492","11312","16305","9989","17130","20006","22813","18153","21880","26794","26282","22261","25435","21516","20734","22400","29776",
"브루나이","수출금액[천불]","천불","7227","3267","5730","3481","1431","3060","6366","2305","2734","3015","6232","15481","7582","4905","7604","4611","3742","6321","3400","6166","3703","2913","6113","2580","2202","1375","1360","2334","1088","3297","4580",
"브루나이","수입금액[천불]","천불","95862","52124","103","35709","2124","3730","22","107733","76862","2041","53382","82409","2360","20","78331","14","114961","36782","42244","85350","74444","29433","35241","57357","35491","36128","60505","24536","33037","2658","402",
"브루나이","무역수지[천불]","천불","-88636","-48857","5628","-32228","-692","-670","6344","-105428","-74128","974","-47151","-66928","5222","4885","-70727","4597","-111220","-30460","-38844","-79184","-70741","-26519","-29128","-54777","-33289","-34753","-59144","-22202","-31950","639","4178",
"피지","수출금액[천불]","천불","27134","2446","25806","2510","2480","32877","24910","3581","31972","23279","4715","28917","2997","29799","28904","2905","24521","18925","30722","31344","3524","18704","20858","4081","20542","19343","61363","42223","40497","43823","25908",
"피지","수입금액[천불]","천불","598","86","152","82","194","415","412","232","443","17951","2655","14895","160","332","430","238","305","429","310","155","96","365","369","225","558","232","378","16","736","386","317",
"피지","무역수지[천불]","천불","26536","2361","25654","2428","2286","32462","24498","3349","31529","5327","2060","14022","2837","29467","28474","2667","24216","18496","30412","31189","3428","18339","20489","3856","19984","19112","60986","42208","39761","43437","25590",
"키르기스스탄","수출금액[천불]","천불","71096","119715","98893","123571","144763","150404","199203","220237","174526","187378","169206","126824","114484","211146","253937","286238","264348","254724","318108","292165","467477","461542","388365","164195","126957","184402","183794","208745","203340","253154","214259",
"키르기스스탄","수입금액[천불]","천불","669","12","7","18","29","1100","26","105","85","153","30","1189","1226","35","28","56","78","138","946","230","67","46","128","242","285","69","72","60","24","3","22",
"키르기스스탄","무역수지[천불]","천불","70427","119703","98886","123552","144734","149304","199177","220131","174440","187224","169176","125635","113258","211110","253909","286182","264270","254586","317162","291935","467409","461496","388237","163953","126673","184333","183722","208685","203316","253151","214237",
"투르크멘","수출금액[천불]","천불","572","4154","7785","1713","17351","3091","2276","1054","2995","1736","880","13216","8049","4220","4583","3803","2522","1419","1885","5472","2963","1155","7959","1168","2397","804","585","2551","1550","4427","14255",
"투르크멘","수입금액[천불]","천불","0","1","3","0","2","2","0","0","0","1","29","0","0","0","1","0","0","0","0","4","0","1","0","28","128","19","26","0","0","0","0",
"투르크멘","무역수지[천불]","천불","572","4154","7782","1713","17349","3089","2276","1054","2995","1736","852","13216","8049","4220","4582","3803","2522","1419","1885","5468","2963","1154","7959","1141","2270","784","559","2551","1550","4427","14255",
"코트디부아르","수출금액[천불]","천불","13669","15285","15396","12527","14686","10085","12229","13759","15008","15716","13020","16024","10507","17717","15900","13638","16961","15027","20778","14830","12190","21473","13700","24397","18285","21062","18741","15174","12162","16142","18131",
"코트디부아르","수입금액[천불]","천불","391","584","274","43","335","218","4299","15004","15822","17030","15646","19687","17355","14984","17295","17166","26187","14449","6546","5343","14187","15114","10894","21606","20819","8731","11954","21212","12534","9020","6713",
"코트디부아르","무역수지[천불]","천불","13279","14701","15122","12484","14351","9866","7929","-1245","-813","-1314","-2627","-3663","-6848","2733","-1395","-3528","-9226","578","14233","9487","-1997","6358","2806","2791","-2535","12331","6786","-6038","-371","7122","11418",
"아프카니스탄","수출금액[천불]","천불","1309","2159","3020","4040","4155","1843","1894","2392","3102","3220","4558","3980","2427","1533","4936","4129","4099","4917","4253","2403","3923","3535","3220","3261","3510","4166","4187","3687","3024","2334","2926",
"아프카니스탄","수입금액[천불]","천불","178","3","70","42","6","5","6","115","23","192","97","3802","98","96","98","229","143","31","190","3","130","126","2","268","257","4","223","13","4","27","3",
"아프카니스탄","무역수지[천불]","천불","1131","2155","2950","3998","4149","1838","1887","2277","3079","3028","4461","178","2329","1437","4838","3900","3955","4886","4063","2400","3793","3408","3218","2993","3253","4162","3964","3675","3020","2307","2922",
"라트비아","수출금액[천불]","천불","4298","4588","5110","4488","5267","6007","3725","5715","5056","6757","4407","3635","4146","5051","4770","6318","4091","6552","5699","7116","4942","4627","4121","8059","4472","3371","5760","5165","4527","7445","13351",
"라트비아","수입금액[천불]","천불","6213","4031","17498","6476","8300","9097","8957","7400","7985","10339","9594","9467","9367","8700","8911","6745","9502","8754","11775","11293","9077","8628","7690","8667","7349","8174","7536","8582","9956","8333","9751",
"라트비아","무역수지[천불]","천불","-1915","557","-12388","-1989","-3033","-3089","-5232","-1685","-2929","-3582","-5187","-5832","-5221","-3649","-4141","-428","-5411","-2202","-6076","-4177","-4136","-4001","-3569","-608","-2877","-4803","-1776","-3417","-5429","-888","3600",
"쿠바","수출금액[천불]","천불","765","538","2559","247","530","8859","1319","634","1202","500","997","2027","229","232","1781","2253","866","737","1295","748","9788","666","814","1316","847","508","307","411","362","240","531",
"쿠바","수입금액[천불]","천불","1774","367","117","349","810","801","323","514","582","452","1209","610","928","225","870","193","965","939","795","533","1197","10","229","182","771","535","972","910","114","89","110",
"쿠바","무역수지[천불]","천불","-1009","172","2442","-101","-280","8058","996","120","620","48","-211","1417","-699","7","911","2060","-99","-202","500","215","8591","656","585","1134","75","-27","-665","-499","248","152","421",
"라오스","수출금액[천불]","천불","9843","6122","8392","6791","7875","8586","7971","9713","8135","8190","11926","11741","29885","10722","9894","10221","9229","8411","8013","9047","9803","8006","6578","7341","7675","6796","11432","13129","9344","9513","12203",
"라오스","수입금액[천불]","천불","12660","12156","5599","8749","6535","8217","5141","11822","5338","5960","4493","8748","25016","8336","6596","6242","7643","7500","7292","5093","4447","5830","4268","7124","5309","10158","7070","6634","10047","11314","7466",
"라오스","무역수지[천불]","천불","-2817","-6035","2793","-1958","1340","369","2829","-2109","2797","2230","7433","2993","4869","2386","3299","3979","1586","911","721","3954","5356","2176","2310","217","2366","-3363","4362","6495","-703","-1801","4737",
"불령 폴리네시아","수출금액[천불]","천불","7925","1975","8935","2016","2490","1405","1965","2353","1793","8116","1781","5872","1098","2011","2253","1351","792","11784","1794","10518","962","10595","10142","3013","10309","11541","2895","19810","1647","9927","15761",
"불령 폴리네시아","수입금액[천불]","천불","8","63","4","12","6","0","16","166","58","170","7","3","160","0","153","15","185","112","0","0","11","195","4","155","11","132","19","6","184","6","182",
"불령 폴리네시아","무역수지[천불]","천불","7918","1912","8931","2004","2484","1405","1949","2187","1736","7946","1774","5869","938","2011","2100","1337","607","11672","1794","10518","951","10400","10138","2857","10298","11409","2876","19804","1463","9921","15579",
"룩셈부르그","수출금액[천불]","천불","3281","3827","3775","3705","3890","3238","3895","3772","3055","3650","3680","3537","3798","3232","4443","4997","5249","5409","4985","4261","5519","6166","6490","7881","6372","4923","7027","5652","7775","3899","5461",
"룩셈부르그","수입금액[천불]","천불","4021","8589","4756","5722","5461","5900","8568","7867","4473","6317","6151","8860","10126","9056","10025","11484","10828","8413","9579","5501","10150","13310","20909","14856","13314","10487","13741","10802","11838","10641","12205",
"룩셈부르그","무역수지[천불]","천불","-740","-4762","-981","-2017","-1570","-2661","-4672","-4095","-1417","-2667","-2471","-5323","-6328","-5824","-5581","-6487","-5579","-3005","-4594","-1240","-4631","-7145","-14419","-6974","-6942","-5565","-6714","-5150","-4063","-6742","-6744",
"이디오피아","수출금액[천불]","천불","1602","11715","35672","22249","8280","2302","14021","8635","6094","11819","14925","10418","8577","8676","9960","13883","8330","13292","22947","14819","18267","17251","21936","19372","9606","20431","32208","15484","22407","14630","5775",
"이디오피아","수입금액[천불]","천불","6567","4917","6400","9010","6775","11065","17257","16789","9285","17237","6424","14176","7518","8811","5787","14210","12237","15083","20946","19044","24242","17525","12784","12956","11812","7918","11669","12211","13423","14715","27572",
"이디오피아","무역수지[천불]","천불","-4965","6798","29272","13238","1506","-8763","-3236","-8154","-3191","-5417","8501","-3758","1059","-135","4173","-327","-3908","-1790","2001","-4225","-5974","-274","9153","6415","-2206","12513","20539","3274","8984","-86","-21796",
"에스토니아","수출금액[천불]","천불","3835","6704","5756","8073","6711","19324","8983","10601","10142","7358","7843","5944","7673","7526","9676","10506","12515","16758","16525","9342","31419","10759","9731","15595","16885","16869","18483","18438","29702","28552","28929",
"에스토니아","수입금액[천불]","천불","6036","5550","14283","19967","9339","13495","6678","6469","5632","7711","3687","7091","7483","8931","5876","7455","7435","11733","9085","8462","9236","6904","5612","7387","8958","4308","5548","9518","5996","10426","7402",
"에스토니아","무역수지[천불]","천불","-2201","1154","-8528","-11894","-2628","5830","2305","4132","4511","-353","4156","-1147","189","-1406","3800","3051","5079","5025","7440","879","22183","3855","4119","8208","7927","12561","12935","8920","23706","18127","21528",
"트리니다드 토바고","수출금액[천불]","천불","8033","3285","9329","3497","7356","5958","5931","5894","4451","14911","6458","2963","4261","3202","4958","5218","6769","10321","6677","9923","6571","4038","4089","5432","7142","8865","3521","5959","5741","2836","5367",
"트리니다드 토바고","수입금액[천불]","천불","6768","13089","4804","22196","21243","23204","19551","17107","9640","13888","9368","8991","13540","36615","49943","33777","30320","27028","36039","57112","59455","26976","53504","47699","1362","3516","10688","64157","36284","46054","10737",
"트리니다드 토바고","무역수지[천불]","천불","1265","-9804","4525","-18699","-13887","-17246","-13619","-11213","-5188","1023","-2910","-6028","-9279","-33413","-44986","-28559","-23552","-16708","-29363","-47190","-52884","-22938","-49415","-42267","5780","5350","-7166","-58198","-30543","-43218","-5370",
"뉴 칼레도니아","수출금액[천불]","천불","1236","1026","874","1219","240","1186","1294","852","688","1070","494","818","182","603","542","974","1204","722","1857","11203","1064","972","342","1190","782","883","978","1210","9405","791","2547",
"뉴 칼레도니아","수입금액[천불]","천불","25238","19460","16353","19443","22679","4556","19213","14128","17249","19518","36675","13480","20047","4581","16743","7993","17117","35763","18213","12510","16888","26656","28100","12767","17298","4418","26482","18266","13937","16140","25527",
"뉴 칼레도니아","무역수지[천불]","천불","-24002","-18434","-15479","-18224","-22440","-3370","-17919","-13276","-16561","-18448","-36181","-12662","-19866","-3977","-16202","-7020","-15913","-35041","-16356","-1308","-15824","-25684","-27758","-11576","-16516","-3535","-25504","-17056","-4532","-15349","-22981",
"세네갈","수출금액[천불]","천불","9425","7935","8115","13555","54430","5484","14932","7037","10856","9482","9548","12205","6058","11312","6539","14933","13033","10340","7858","9096","8422","6281","10907","12802","10409","8330","15073","17826","12960","12143","16335",
"세네갈","수입금액[천불]","천불","2606","1280","3005","2819","2500","2561","2515","7547","6030","3942","2722","2108","3024","2212","3015","2090","1740","2567","5562","3165","3840","1455","1494","3572","2361","1292","1130","2683","1924","3253","2631",
"세네갈","무역수지[천불]","천불","6819","6654","5111","10736","51930","2924","12417","-510","4826","5540","6826","10097","3034","9100","3524","12843","11293","7773","2295","5931","4582","4827","9413","9230","8048","7038","13943","15143","11036","8890","13704",
"파푸아 뉴기니","수출금액[천불]","천불","4262","2632","3149","37185","3599","5613","5148","2429","9884","4768","4413","5004","6290","6203","3975","5299","3904","4126","6349","29722","33989","5943","38421","31558","7467","4359","61410","4346","3950","65184","45503",
"파푸아 뉴기니","수입금액[천불]","천불","78480","13651","40426","62961","52039","70463","60738","90617","121386","151699","82696","176485","151530","25360","38033","220951","117440","117061","177692","147167","147866","157629","62729","162033","72873","132957","37842","153987","82061","187704","118056",
"파푸아 뉴기니","무역수지[천불]","천불","-74218","-11019","-37277","-25776","-48440","-64850","-55590","-88188","-111502","-146930","-78283","-171481","-145240","-19158","-34058","-215652","-113537","-112935","-171344","-117445","-113877","-151686","-24307","-130474","-65406","-128598","23569","-149640","-78111","-122520","-72553",
"조지아","수출금액[천불]","천불","9864","13821","15269","12504","12686","13308","12040","12176","8982","12328","11055","9694","9883","13380","11170","11826","11096","11595","14223","9990","11107","9183","7337","12606","8213","11575","21247","14378","14868","13085","15296",
"조지아","수입금액[천불]","천불","2119","2190","2595","1155","2959","653","1062","1818","315","566","779","1309","615","524","1038","977","506","1012","1655","319","2096","393","2180","1110","467","2548","1336","2064","16994","7513","26102",
"조지아","무역수지[천불]","천불","7746","11631","12674","11350","9727","12655","10978","10357","8667","11763","10275","8384","9268","12856","10131","10848","10590","10583","12568","9671","9011","8790","5157","11496","7746","9027","19910","12314","-2126","5572","-10806",
"아이슬란드","수출금액[천불]","천불","2154","3517","3706","4487","741","1953","1678","1857","1952","1939","1203","3750","4080","8051","8823","4380","1158","2945","4162","9300","3598","1011","3776","6321","6731","4695","6258","14632","4072","2489","2649",
"아이슬란드","수입금액[천불]","천불","1621","2069","1226","988","1398","3490","1252","1841","1579","1843","1446","1301","832","765","1335","1277","1539","4164","2018","1644","2109","1225","3437","2007","1538","3901","3133","889","1256","2688","2187",
"아이슬란드","무역수지[천불]","천불","533","1448","2480","3499","-657","-1538","427","15","373","96","-244","2448","3248","7285","7488","3103","-381","-1219","2145","7656","1489","-213","339","4314","5193","794","3125","13742","2817","-199","462",
"세르비아","수출금액[천불]","천불","24265","16697","24560","26700","19907","18746","19400","10789","23087","11094","12404","12051","10498","18433","13051","16224","14977","11735","16703","17914","18078","11230","13983","13970","11257","15925","17644","14647","14775","20189","22315",
"세르비아","수입금액[천불]","천불","16932","30653","42815","27969","10572","12753","14007","23060","22809","20313","41966","9045","8121","9965","6512","5376","9396","10666","10043","9868","6980","12448","9749","10513","6816","14008","8171","13760","7759","10762","9410",
"세르비아","무역수지[천불]","천불","7333","-13955","-18255","-1269","9335","5993","5393","-12271","278","-9220","-29562","3006","2377","8468","6539","10848","5581","1069","6660","8046","11098","-1217","4234","3457","4441","1917","9473","887","7016","9427","12905",
"마카오","수출금액[천불]","천불","1811","897","1706","673","928","557","1092","1054","1485","786","967","1342","867","776","599","1315","1603","651","1291","1489","1685","1060","571","1459","1763","1139","2430","1769","1338","1347","1476",
"마카오","수입금액[천불]","천불","515","304","368","188","262","197","311","191","137","260","171","424","93","93","236","175","125","304","156","222","140","179","66","327","275","177","595","194","216","276","454",
"마카오","무역수지[천불]","천불","1297","594","1339","485","666","359","781","863","1348","526","796","919","774","683","363","1140","1477","347","1135","1267","1545","882","505","1132","1488","962","1835","1575","1121","1071","1022",
"지부티","수출금액[천불]","천불","1357","1473","4030","3139","3335","3752","1817","2830","2283","5522","3696","6117","8239","2347","1327","3496","12402","10374","10700","14712","20564","13494","17842","20542","33469","17460","15415","25512","22191","20247","10502",
"지부티","수입금액[천불]","천불","7","0","0","5","0","0","248","0","4","0","0","0","41","0","697","684","707","3","181","3","5","3","2","255","4","323","7","0","4","196","0",
"지부티","무역수지[천불]","천불","1350","1473","4030","3133","3335","3752","1569","2830","2279","5522","3696","6117","8198","2347","630","2813","11695","10371","10520","14709","20559","13491","17840","20286","33466","17137","15408","25512","22188","20052","10502",
"모잠비크","수출금액[천불]","천불","6310","5682","6031","6030","4055","5061","8257","6733","5895","7490","8958","7406","5667","3293","7820","11481","6877","13961","7670","10961","9307","4456","7719","15621","9832","5621","7660","16892","8239","15120","23726",
"모잠비크","수입금액[천불]","천불","242944","64365","37231","125772","39782","16617","710","36107","45257","483","46034","77841","37753","52603","186348","73646","41515","53503","293","103463","83468","657","62260","86851","41981","4233","76668","55615","994","82691","70895",
"모잠비크","무역수지[천불]","천불","-236634","-58684","-31199","-119742","-35727","-11556","7546","-29374","-39362","7006","-37076","-70434","-32086","-49310","-178528","-62164","-34638","-39542","7377","-92502","-74161","3799","-54541","-71230","-32149","1388","-69008","-38723","7245","-67571","-47169",
"지브랄타","수출금액[천불]","천불","169","33","67","5","77350","77527","768","44541","39","436","390","430","16","33","230","2","179","734","443","286","278","202","345","313","73","7","302","219","76","7","293",
"지브랄타","수입금액[천불]","천불","1","0","0","0","1","108","0","1","301","1","1","0","0","0","0","0","0","0","0","0","55","0","1","0","0","1","1","2","4","0","0",
"지브랄타","무역수지[천불]","천불","168","33","67","5","77349","77419","767","44540","-262","435","390","430","16","33","230","2","179","734","443","286","223","202","344","313","73","6","301","216","72","7","293",
"북마리아나 군도","수출금액[천불]","천불","781","1623","1374","1114","3394","850","1210","1231","1048","1642","1091","1290","1145","1057","878","5303","866","1191","812","1058","1978","748","920","1211","1163","1229","2281","1258","1015","3514","1484",
"북마리아나 군도","수입금액[천불]","천불","230","107","123","180","105","232","123","63","158","105","4","85","26","183","58","117","80","76","122","617","209","0","108","10","264","63","144","181","157","15","100",
"북마리아나 군도","무역수지[천불]","천불","550","1515","1251","934","3289","618","1087","1168","890","1537","1086","1205","1119","874","820","5186","786","1115","690","441","1769","748","813","1201","899","1166","2137","1077","858","3498","1384",
"모리셔스","수출금액[천불]","천불","3699","3136","5978","4756","4429","4383","5045","3095","5868","6849","5058","4408","3237","3485","3510","5097","3296","4803","2959","2962","3668","2849","2651","3998","2126","1618","2730","3381","4913","2508","6031",
"모리셔스","수입금액[천불]","천불","437","642","644","369","281","362","600","672","478","226","348","458","188","326","371","431","98","189","262","264","203","255","134","323","149","185","357","234","556","104","135",
"모리셔스","무역수지[천불]","천불","3262","2494","5335","4387","4148","4020","4444","2423","5390","6623","4710","3950","3049","3159","3139","4666","3198","4614","2697","2698","3465","2594","2517","3675","1977","1433","2372","3147","4357","2404","5897",
"아이티","수출금액[천불]","천불","3954","2633","1158","143","600","1377","1740","2075","1322","194","1205","1362","1273","1309","1008","1219","1465","1258","3072","2093","1965","413","864","803","1364","2040","3122","2102","962","1400","1028",
"아이티","수입금액[천불]","천불","61","60","81","92","86","87","11","27","87","28","53","632","2","36","2","6","95","147","74","19","105","146","48","76","37","167","59","67","96","80","64",
"아이티","무역수지[천불]","천불","3892","2573","1077","51","514","1290","1729","2048","1235","166","1152","730","1271","1273","1006","1214","1370","1111","2998","2074","1860","267","816","726","1327","1873","3064","2035","866","1320","964",
"팔레스타인 해방기구","수출금액[천불]","천불","1553","2295","861","1823","2190","749","418","1254","1959","2750","2564","90","918","739","1226","4331","3442","1577","505","1256","1021","2209","916","4121","1041","5655","962","4622","4012","4917","824",
"팔레스타인 해방기구","수입금액[천불]","천불","30","170","267","0","22","176","170","0","262","95","87","113","0","101","247","388","91","137","0","103","3","178","13","0","21","125","146","355","0","283","452",
"팔레스타인 해방기구","무역수지[천불]","천불","1523","2124","594","1823","2168","573","248","1254","1697","2655","2477","-23","918","637","979","3942","3351","1440","505","1153","1019","2031","902","4121","1020","5530","816","4267","4012","4633","372",
"마다카스카르","수출금액[천불]","천불","3046","2680","2783","6738","3212","1869","4853","3077","2569","3407","2872","2308","1798","2519","2488","6220","2555","1870","4529","6494","3239","2953","4319","2730","3664","2186","2917","4022","3556","3894","5450",
"마다카스카르","수입금액[천불]","천불","1448","15244","14082","5877","10840","7922","18590","10678","5277","11674","11338","8713","6259","11441","5014","8002","7860","6572","10065","1514","6651","2677","10048","10736","2421","7133","7246","6849","7243","11963","9085",
"마다카스카르","무역수지[천불]","천불","1598","-12564","-11298","861","-7628","-6053","-13736","-7601","-2708","-8267","-8466","-6405","-4462","-8922","-2526","-1782","-5305","-4702","-5536","4979","-3413","276","-5729","-8006","1242","-4947","-4329","-2827","-3688","-8069","-3635",
"베라루스","수출금액[천불]","천불","6921","6897","5451","5926","7230","10907","11100","11703","5420","8788","7835","5190","4245","6725","5429","4592","6340","7750","6888","5229","6087","5900","5424","6237","6887","8785","7633","11195","7109","9403","8799",
"베라루스","수입금액[천불]","천불","303","589","914","598","618","264","767","851","462","458","697","4612","916","1395","950","2094","2728","1593","2524","1529","1814","1842","5756","1552","2039","1392","884","1841","1790","2345","2482",
"베라루스","무역수지[천불]","천불","6618","6308","4537","5327","6612","10643","10333","10852","4958","8330","7138","578","3330","5330","4478","2497","3612","6158","4364","3701","4273","4058","-333","4685","4848","7393","6749","9354","5319","7058","6317",
"중앙아프리카공화국","수출금액[천불]","천불","1","2","9","156","73","15","282","0","1","210","0","0","20","552","0","1","248","14","1","366","41","0","116","3","0","0","0","83","0","0","0",
"중앙아프리카공화국","수입금액[천불]","천불","0","0","0","3","0","0","0","0","15","2","1","0","28","0","0","0","1","0","0","0","0","0","0","0","0","0","0","0","0","64","0",
"중앙아프리카공화국","무역수지[천불]","천불","1","2","9","153","73","15","282","0","-14","208","-1","0","-8","552","0","1","247","14","1","366","41","0","116","3","0","0","0","83","0","-64","0",
"모나코","수출금액[천불]","천불","0","0","16","1","1","0","0","23","56","6","1","13","21","4","42","0","167","58","106","5","529","2","387","57","5","14","1040","43","1","46","194",
"모나코","수입금액[천불]","천불","273","213","431","264","150","199","542","268","229","255","110","887","215","362","446","51","295","195","317","498","285","260","173","486","43","445","730","208","606","630","806",
"모나코","무역수지[천불]","천불","-273","-213","-416","-264","-149","-199","-542","-244","-173","-249","-110","-874","-194","-358","-404","-51","-128","-137","-212","-493","244","-259","214","-429","-38","-432","310","-166","-605","-584","-612",
"볼리비아","수출금액[천불]","천불","3421","1890","1442","2939","2165","3937","2438","1924","1364","1887","2210","3536","2490","2920","2070","3878","3242","2241","2601","2129","3622","1677","2611","2952","2645","2616","7340","3826","2860","2579","3109",
"볼리비아","수입금액[천불]","천불","41139","61325","63052","14585","56127","49694","59632","20514","15952","94326","24023","91912","71834","99187","7083","61297","70365","29288","37667","88462","23745","19178","51567","15567","174644","1436","21140","48899","141929","25829","227879",
"볼리비아","무역수지[천불]","천불","-37718","-59435","-61611","-11646","-53962","-45757","-57194","-18590","-14588","-92439","-21814","-88376","-69344","-96267","-5013","-57420","-67123","-27046","-35065","-86333","-20123","-17501","-48956","-12615","-171999","1180","-13799","-45072","-139069","-23250","-224770",
"베닝","수출금액[천불]","천불","859","1102","1171","1747","2494","1027","2450","2590","1922","1320","4028","1608","1573","3765","2240","2865","3568","4612","4535","4369","3803","3851","2571","7156","4639","4541","3184","3117","3588","2304","3079",
"베닝","수입금액[천불]","천불","0","0","277","0","0","30","38","0","159","37","77","37","37","0","0","0","0","9","0","0","0","0","0","0","0","0","3","0","0","5","0",
"베닝","무역수지[천불]","천불","859","1102","895","1747","2494","997","2412","2590","1763","1283","3951","1571","1536","3765","2240","2865","3568","4603","4535","4369","3803","3851","2571","7156","4639","4541","3181","3117","3588","2299","3079",
"기니","수출금액[천불]","천불","1720","2482","1113","1668","1303","852","1341","2235","1423","2256","2003","866","2955","1452","4046","3532","13176","6521","7360","2458","2701","1769","3088","1780","2367","2430","4453","2439","3255","4048","3467",
"기니","수입금액[천불]","천불","2987","3760","7445","2809","3845","3112","2352","2934","1585","1186","791","2167","3972","4229","2786","2936","1688","2491","1235","1441","2477","702","22","812","4460","763","4723","3278","1781","1354","3121",
"기니","무역수지[천불]","천불","-1267","-1277","-6332","-1140","-2542","-2260","-1011","-699","-162","1070","1212","-1302","-1017","-2777","1260","596","11489","4030","6124","1017","225","1067","3067","968","-2093","1667","-270","-839","1473","2694","346",
"카메룬","수출금액[천불]","천불","3934","3356","2674","3199","2385","1429","3452","2334","2421","2419","2132","3766","1651","2352","2238","1538","712","1645","1913","1707","1929","1792","2714","1428","1524","2070","2641","1981","2048","1433","4596",
"카메룬","수입금액[천불]","천불","301","360","310","26451","32371","1530","2857","39518","538","53862","4586","2227","481","3491","108","3","124","35962","2246","589","2069","124","131","134","2","653","14","194","165","120","13",
"카메룬","무역수지[천불]","천불","3633","2996","2364","-23252","-29985","-100","595","-37184","1882","-51443","-2454","1539","1170","-1139","2129","1535","588","-34317","-333","1118","-139","1668","2582","1294","1523","1417","2627","1787","1884","1313","4582",
"바누아투","수출금액[천불]","천불","978","444","2003","648","858","821","979","616","401","1812","397","997","649","536","652","1082","622","471","1099","885","584","698","365","877","546","802","773","1100","442","2604","880",
"바누아투","수입금액[천불]","천불","261","12","422","549","1107","622","471","122","703","712","721","195","625","1209","1695","537","3556","3064","3444","3045","4438","2627","7037","2271","1819","1650","856","1427","2730","5778","1179",
"바누아투","무역수지[천불]","천불","717","432","1580","99","-249","198","508","495","-302","1100","-325","802","24","-673","-1043","544","-2933","-2594","-2346","-2160","-3854","-1929","-6672","-1394","-1274","-848","-83","-326","-2288","-3174","-300",
"네팔","수출금액[천불]","천불","2961","14856","3180","2274","1234","2248","2429","1642","3360","2405","1362","8160","1974","2325","3074","2282","2996","3583","2789","3051","3073","2838","1705","2839","2922","2396","3299","3122","1764","3655","3110",
"네팔","수입금액[천불]","천불","501","580","587","479","399","786","664","398","491","673","470","670","564","731","812","404","612","583","724","633","705","353","526","737","496","523","631","497","443","797","679",
"네팔","무역수지[천불]","천불","2460","14276","2593","1795","835","1462","1765","1244","2869","1732","892","7490","1410","1594","2262","1878","2384","3000","2065","2418","2367","2485","1179","2102","2426","1873","2668","2625","1321","2857","2431",
"불령 리유니온 코모도 제도","수출금액[천불]","천불","2068","1985","2856","791","2865","2486","4785","1922","1385","1837","2804","1773","2510","1863","2051","2468","3434","1456","1700","1925","4015","1677","2242","1852","6048","1223","3340","2540","1477","1561","4817",
"불령 리유니온 코모도 제도","수입금액[천불]","천불","0","0","0","1","3","7","1","0","0","1","0","156","0","18","0","0","0","2","0","0","0","118","0","2","0","0","2","0","1","1","0",
"불령 리유니온 코모도 제도","무역수지[천불]","천불","2068","1984","2855","790","2863","2479","4783","1922","1385","1836","2804","1618","2510","1845","2051","2468","3434","1454","1700","1925","4015","1560","2242","1850","6048","1223","3337","2540","1477","1559","4817",
"타지크","수출금액[천불]","천불","7341","13926","12036","12690","9993","11774","16734","19511","21216","24553","20278","18854","15873","26321","19602","22177","19845","21992","31166","29407","47593","48951","46030","24681","23901","20179","22025","28500","25891","29789","31561",
"타지크","수입금액[천불]","천불","2","1","2000","1894","2103","1","2","0","5","4","0","0","0","8","0","5","56","0","3","6","0","0","3","3","3080","15","0","1","0","0","0",
"타지크","무역수지[천불]","천불","7339","13925","10036","10796","7891","11773","16733","19511","21211","24549","20278","18854","15873","26313","19602","22172","19789","21992","31163","29401","47593","48951","46026","24678","20821","20164","22025","28500","25891","29789","31561",
"자마이카","수출금액[천불]","천불","3334","4804","2567","3158","3226","2769","3573","7726","2250","2322","2460","2585","2841","3055","3381","2311","2348","3337","3718","2608","2216","2012","1233","2158","1243","680","1709","2202","2118","1673","2105",
"자마이카","수입금액[천불]","천불","7","1","121","32","172","124","103","0","2","1","39803","1","77","448","238","117","1047","1042","1370","549","523","724","883","23","1959","1615","3","1023","986","660","580",
"자마이카","무역수지[천불]","천불","3328","4803","2446","3126","3053","2645","3470","7726","2248","2321","-37343","2585","2764","2607","3143","2194","1301","2295","2347","2059","1694","1289","350","2135","-716","-935","1706","1179","1132","1013","1525",
"아루바","수출금액[천불]","천불","2227","2280","3354","2053","3340","3444","3199","2763","4305","3768","4421","2305","2027","2554","1577","1514","1571","2356","2427","1673","1730","966","1989","1306","501","1533","1460","1894","1940","4498","1563",
"아루바","수입금액[천불]","천불","0","19","6","0","12","190","0","20","8","0","6","6","0","24","0","0","12","12","4","182","0","0","0","0","0","199","0","9","0","0","0",
"아루바","무역수지[천불]","천불","2227","2261","3348","2053","3328","3255","3199","2743","4298","3768","4415","2299","2027","2530","1577","1514","1558","2344","2423","1491","1730","966","1989","1306","501","1334","1460","1885","1939","4498","1563",
"가이아나","수출금액[천불]","천불","2054","2397","3708","1889","3332","4206","3819","3536","2962","3625","2160","2682","4547","1916","3422","3708","3511","3700","4109","3193","4202","2138","3988","4595","3786","3370","4191","4114","5715","3051","3726",
"가이아나","수입금액[천불]","천불","0","4","43","0","0","388","0","0","0","0","43","0","49","138","147","47","2","7","533","152","149","11","64","20542","166","259","841","693","46","2","744",
"가이아나","무역수지[천불]","천불","2054","2393","3665","1889","3332","3819","3819","3536","2962","3625","2117","2682","4499","1778","3276","3661","3509","3693","3576","3041","4053","2127","3924","-15946","3620","3111","3350","3420","5669","3048","2982",
"콩고민주공화국","수출금액[천불]","천불","3549","3843","4071","4887","2205","6386","1236","5324","1974","2019","4262","2208","1037","779","2760","855","1705","3774","2401","4026","1165","2856","1272","4720","1582","1317","2139","1674","2270","5662","4589",
"콩고민주공화국","수입금액[천불]","천불","64553","41603","56981","97795","86167","91141","147345","79806","61384","97679","55780","85738","87134","72143","165791","111812","112578","154359","130943","137861","147168","178652","119048","124585","160753","110134","205391","322487","324566","303905","173730",
"콩고민주공화국","무역수지[천불]","천불","-61004","-37760","-52910","-92908","-83963","-84755","-146109","-74482","-59410","-95661","-51519","-83529","-86097","-71364","-163031","-110958","-110874","-150585","-128542","-133835","-146003","-175797","-117776","-119865","-159171","-108817","-203253","-320813","-322296","-298243","-169141",
"말리","수출금액[천불]","천불","930","39","86","1001","647","128","878","922","33","2795","107","375","1047","76","917","1015","55","850","1269","599","354","58","2869","43","165","204","392","682","2140","833","417",
"말리","수입금액[천불]","천불","7","0","5","4746","0","0","8","126","106","0","4","9","104","1","0","126","127","0","123","332","269","573","0","0","6","0","1","0","444","52","4",
"말리","무역수지[천불]","천불","923","39","81","-3744","647","128","870","796","-72","2795","103","365","943","75","917","889","-72","850","1145","267","85","-514","2869","43","159","204","391","682","1696","780","413",
"짐바브웨","수출금액[천불]","천불","4311","2361","1460","1785","1653","1973","3201","1731","2721","2221","2385","2701","1056","1469","2276","2540","2283","1996","2049","2640","2601","2560","2217","4143","3756","4756","4204","2586","4166","4100","2827",
"짐바브웨","수입금액[천불]","천불","8559","347","2251","2955","677","675","1153","973","626","1256","734","57","673","3966","4512","3611","652","137","1916","1485","306","195","822","1022","1334","716","2483","492","2159","294","1160",
"짐바브웨","무역수지[천불]","천불","-4248","2014","-792","-1170","976","1298","2048","758","2094","965","1650","2644","383","-2496","-2236","-1071","1630","1858","132","1155","2295","2365","1395","3120","2421","4040","1721","2094","2007","3806","1668",
"안티가 바부다","수출금액[천불]","천불","643","557","389","800","105","426","1043","247","217","45","585","1035","275","513","492","556","102","567","23","19","13","222","83","1","23","47","53","133","578","71","276",
"안티가 바부다","수입금액[천불]","천불","202","11","0","0","11","0","218","0","0","0","0","0","0","0","0","0","44","0","0","0","0","0","0","1","0","0","1","0","0","0","1",
"안티가 바부다","무역수지[천불]","천불","442","546","389","800","95","426","826","247","217","45","585","1035","275","513","492","556","58","567","23","19","13","222","83","0","23","47","52","133","578","71","274",
"스와질랜드","수출금액[천불]","천불","125","240","420","2435","175","150","121","535","18","23","216","50","151","78","118","51","159","65","179","182","104","154","116","339","15","5","18","69","102","4","72",
"스와질랜드","수입금액[천불]","천불","11","163","44","78","6","7","21","6","34","45","51","41","52","29","61","190","3193","74","72","64","80","7","23","38","92","17","92","5","5","10","31",
"스와질랜드","무역수지[천불]","천불","114","77","377","2357","170","143","100","529","-16","-21","165","9","99","49","56","-139","-3033","-9","107","118","24","146","94","301","-78","-12","-74","64","97","-6","41",
"마이크로네시아","수출금액[천불]","천불","577","592","353","669","519","409","526","256","392","440","411","499","705","576","217","527","810","499","607","168","700","546","676","1188","393","669","642","903","409","715","635",
"마이크로네시아","수입금액[천불]","천불","2469","0","1","0","27","6","2","5","2","1","3","1","29","19","285","17","74","289","134","26","36","23","53","3","29","2","27","0","55","14","117",
"마이크로네시아","무역수지[천불]","천불","-1892","592","352","669","492","403","524","251","390","439","408","498","676","557","-67","510","737","210","473","142","664","523","622","1185","364","667","615","903","354","702","519",
"아메리칸 사모아","수출금액[천불]","천불","897","614","409","1277","2857","400","529","756","377","2712","1698","1192","395","1688","791","967","622","942","577","4169","806","1552","1321","743","1154","458","2694","5044","762","3537","1135",
"아메리칸 사모아","수입금액[천불]","천불","593","0","408","616","293","466","790","170","622","496","484","617","152","352","224","260","78","109","49","444","585","122","111","44","34","125","1","145","231","27","46",
"아메리칸 사모아","무역수지[천불]","천불","305","614","1","661","2564","-67","-260","586","-245","2217","1213","574","243","1336","567","707","544","832","527","3724","221","1430","1210","699","1120","333","2693","4899","531","3510","1089",
"잠비아","수출금액[천불]","천불","1932","1721","5644","2340","884","1177","1142","1428","2538","1581","1932","1946","1168","1711","1556","2076","1306","2190","2256","1279","8025","3760","2686","1970","1796","4811","2422","1057","1067","1273","4617",
"잠비아","수입금액[천불]","천불","4078","4083","2931","30","968","2401","103","1903","3144","2373","1627","4070","4441","6476","32642","6637","10533","3653","13406","5016","1605","3995","15570","16975","26766","21895","26339","15367","12724","13810","11814",
"잠비아","무역수지[천불]","천불","-2147","-2361","2713","2310","-83","-1224","1039","-475","-605","-792","304","-2124","-3273","-4764","-31086","-4561","-9227","-1463","-11149","-3737","6420","-235","-12884","-15005","-24971","-17084","-23917","-14310","-11657","-12538","-7197",
"부르키나 파소","수출금액[천불]","천불","3510","2920","3779","5272","2088","1146","2051","2590","1812","2779","2095","2629","1472","2640","3211","3982","2248","3205","2839","8825","2408","3820","3779","3389","1754","4299","9716","3597","7388","1582","2922",
"부르키나 파소","수입금액[천불]","천불","29","694","12","648","4673","3736","21","0","0","44","0","51","56","0","1571","9","1464","4231","0","0","0","0","3529","734","0","0","0","0","0","8","0",
"부르키나 파소","무역수지[천불]","천불","3481","2226","3767","4625","-2585","-2590","2030","2590","1812","2735","2095","2578","1416","2640","1640","3973","784","-1026","2839","8825","2408","3819","250","2655","1754","4299","9716","3597","7388","1573","2922",
"레소토","수출금액[천불]","천불","0","10","26","0","0","0","0","12","3","0","20","0","0","3","0","0","19","3","0","0","0","3","1","0","0","0","0","0","0","0","9",
"레소토","수입금액[천불]","천불","6","4","6","3","13","12","18","5","50","30","67","40","6","60","4","10","1","52","3","60","4","1","1","4","27","0","2","8","4","31","0",
"레소토","무역수지[천불]","천불","-5","6","20","-3","-13","-12","-18","7","-47","-30","-47","-40","-6","-57","-4","-10","18","-49","-3","-60","-4","2","0","-4","-27","0","-2","-8","-4","-31","9",
"사모아","수출금액[천불]","천불","4263","5982","4198","5213","4434","4072","4042","4245","4508","4452","4218","5529","3370","4853","3739","4526","4523","4763","4348","4642","5690","4084","3719","4719","4441","4793","5131","5377","5235","4600","4489",
"사모아","수입금액[천불]","천불","71","0","0","17","16","0","34","29","78","3","55","17","0","0","76","0","18","51","23","20","73","17","104","155","108","135","63","2","287","219","93",
"사모아","무역수지[천불]","천불","4192","5982","4198","5196","4418","4072","4009","4216","4431","4449","4162","5512","3370","4852","3662","4526","4506","4712","4326","4622","5617","4067","3616","4564","4334","4658","5068","5375","4949","4381","4396",
"마티니크","수출금액[천불]","천불","997","1272","1541","553","1287","417","366","445","571","288","2865","5962","1769","1026","575","865","1011","627","307","399","2278","2959","1222","1937","62","300","572","716","1196","1574","4726",
"마티니크","수입금액[천불]","천불","0","0","0","0","0","0","1","0","0","0","0","0","6","1","0","0","0","0","0","0","1","0","0","0","0","0","0","0","0","0","0",
"마티니크","무역수지[천불]","천불","997","1272","1541","553","1287","417","365","445","571","288","2865","5962","1764","1025","575","865","1011","627","307","399","2277","2959","1222","1937","62","300","572","716","1196","1574","4726",
"알바니아","수출금액[천불]","천불","11993","20858","13896","18590","19934","17837","16317","17041","21447","23182","19364","17528","14911","22216","21354","31176","31868","27452","31835","31412","37433","38479","34452","34950","34061","32810","40882","43476","34672","37691","41842",
"알바니아","수입금액[천불]","천불","632","663","1111","621","587","499","758","780","694","1346","903","581","866","583","518","1008","337","497","1242","654","670","858","800","769","740","551","1002","529","716","557","918",
"알바니아","무역수지[천불]","천불","11361","20194","12785","17969","19347","17338","15559","16261","20753","21837","18461","16947","14045","21633","20836","30169","31531","26955","30593","30758","36763","37621","33652","34181","33321","32260","39880","42948","33955","37134","40924",
"가봉","수출금액[천불]","천불","1712","1265","2340","1912","1597","1111","1202","1734","1571","2158","2443","2184","1382","1229","1951","1774","1602","1374","2715","2105","2054","2138","1487","1662","1515","1364","1892","1595","1477","2113","1713",
"가봉","수입금액[천불]","천불","94","10","2240","2513","200","1858","87","9000","60","4452","3050","0","79","6434","173","468","70122","5495","3030","33","125","2467","439","167","360","4222","159","89","254164","2963","124458",
"가봉","무역수지[천불]","천불","1618","1255","100","-600","1396","-748","1115","-7266","1510","-2295","-607","2184","1303","-5205","1778","1306","-68520","-4122","-316","2073","1929","-329","1048","1495","1155","-2858","1732","1507","-252687","-850","-122745",
"아르메니아","수출금액[천불]","천불","1631","1897","1445","2335","2619","2813","2819","3074","1732","2893","1987","1962","1310","1669","3240","2547","1997","2976","4193","1607","2127","2392","2768","3570","1954","3536","4186","2678","3497","1974","4688",
"아르메니아","수입금액[천불]","천불","1671","2200","6356","4460","6876","5370","6828","4527","5030","7531","4478","4614","4791","5229","3949","2822","5671","2882","4599","5570","6735","6915","5374","6474","2196","1811","1320","2046","1757","3755","5872",
"아르메니아","무역수지[천불]","천불","-40","-303","-4911","-2125","-4257","-2558","-4010","-1453","-3297","-4638","-2492","-2652","-3481","-3561","-709","-275","-3673","94","-406","-3963","-4608","-4523","-2606","-2904","-243","1724","2867","633","1740","-1781","-1184",
"우간다","수출금액[천불]","천불","1772","6015","1823","7300","1569","2294","3146","3058","2529","2370","3882","877","623","2064","1269","1769","3145","3428","2314","3838","3221","2573","1183","1578","930","1548","2733","1386","5211","1449","1179",
"우간다","수입금액[천불]","천불","1323","3793","1166","863","659","657","918","714","1230","2237","1322","88","763","3275","2606","703","578","1486","868","577","2125","554","4727","1712","393","3024","3650","2634","688","1664","3920",
"우간다","무역수지[천불]","천불","448","2222","657","6438","910","1637","2228","2344","1299","133","2559","789","-140","-1212","-1337","1066","2567","1942","1446","3261","1096","2019","-3543","-134","537","-1476","-917","-1247","4523","-215","-2741",
"세이쉘","수출금액[천불]","천불","211","712","1035","374","786","720","605","1272","1115","805","1936","1361","162","1274","1135","802","825","509","666","326","860","859","1301","556","3784","1335","527","939","352","1461","1150",
"세이쉘","수입금액[천불]","천불","218","135","29","133","181","53","230","437","150","209","301","159","203","15","78","267","288","251","1510","306","1069","419","540","101","39","286","212","242","449","272","219",
"세이쉘","무역수지[천불]","천불","-6","577","1006","241","605","666","375","835","965","596","1636","1203","-41","1259","1057","536","537","258","-844","20","-209","440","761","455","3744","1049","315","697","-98","1189","930",
"르완다","수출금액[천불]","천불","1234","1747","1497","2025","2041","1750","902","874","1851","1767","1385","68360","1560","2013","3180","2761","2212","1435","2196","1654","2808","1536","1916","1383","1046","1423","1766","1345","2000","2561","750",
"르완다","수입금액[천불]","천불","29","605","156","88","41","40","33","4","207","63","402","182","279","267","114","80","121","183","86","25","400","66","45","273","209","339","981","547","566","228","120",
"르완다","무역수지[천불]","천불","1206","1142","1341","1937","2000","1710","868","870","1644","1704","982","68178","1280","1746","3067","2682","2090","1253","2110","1629","2409","1469","1871","1110","837","1084","785","797","1434","2334","631",
"보스니아-헤르체고비나","수출금액[천불]","천불","642","624","420","1227","1116","2383","1656","960","354","2118","786","1099","461","1181","677","1058","1075","682","729","996","612","642","1446","867","349","2038","1175","1687","406","1054","495",
"보스니아-헤르체고비나","수입금액[천불]","천불","3496","1699","2374","3611","3157","2114","2575","2782","2325","4929","2320","2279","2823","1109","891","1041","3780","2035","1043","824","5969","2906","3104","5652","6821","4474","1307","744","1166","1218","1423",
"보스니아-헤르체고비나","무역수지[천불]","천불","-2854","-1075","-1954","-2384","-2041","269","-920","-1822","-1971","-2811","-1534","-1180","-2362","72","-213","17","-2705","-1353","-314","172","-5357","-2264","-1658","-4786","-6472","-2436","-132","943","-759","-164","-928",
"네덜란드 열도","수출금액[천불]","천불","48","1783","54","79","85","76","33","68","39","238","5","138","27","38","20","36","81","60","23","8","93","2","72","51","8","14","28","14","130","84","68",
"네덜란드 열도","수입금액[천불]","천불","0","33","4","17","0","0","0","2","0","1","0","182","0","0","20","0","0","0","0","0","184","0","1","197","0","3","1","222","0","238","1",
"네덜란드 열도","무역수지[천불]","천불","48","1750","50","62","85","76","33","66","39","237","5","-44","27","38","0","36","81","60","23","8","-91","2","71","-146","8","11","27","-209","130","-154","67",
"과델로프","수출금액[천불]","천불","639","415","487","50","974","546","232","594","1683","3209","1083","1543","1006","634","1576","1103","769","1111","56","3362","807","2360","665","2054","1045","873","465","979","394","797","2091",
"과델로프","수입금액[천불]","천불","0","0","36","0","56","0","1","0","0","0","1","0","0","0","0","0","0","0","0","0","4","0","0","1","0","3","0","0","0","0","0",
"과델로프","무역수지[천불]","천불","639","415","452","50","918","546","230","594","1683","3209","1082","1543","1006","634","1576","1103","769","1111","56","3362","802","2360","665","2053","1045","870","465","979","394","797","2091",
"바베이도스","수출금액[천불]","천불","1504","367","707","581","695","410","1282","1093","265","211","2257","794","424","528","1204","497","943","1247","1118","1162","783","738","917","787","358","597","770","1434","1369","782","1546",
"바베이도스","수입금액[천불]","천불","15","0","15","19","0","16","26","0","2","14","4","6","84","32","20","158","20","19","15","212","24","8","24","2","34","29","20","5","349","160","60",
"바베이도스","무역수지[천불]","천불","1489","367","692","562","695","394","1256","1093","264","197","2253","789","341","496","1184","339","923","1229","1102","950","759","731","893","785","324","567","749","1429","1020","622","1486",
"말라위","수출금액[천불]","천불","2003","149","2777","141","61","776","55","91","205","293","67","2787","69","9","34","280","97","246","282","560","726","111","190","598","167","1258","273","346","868","469","90",
"말라위","수입금액[천불]","천불","6433","3787","2465","2743","122","199","642","277","711","313","823","207","1550","7272","10322","1831","443","247","431","613","972","1889","2257","6671","2194","1721","1261","3789","1716","2126","1718",
"말라위","무역수지[천불]","천불","-4431","-3638","313","-2602","-62","576","-588","-187","-506","-19","-756","2580","-1481","-7263","-10288","-1551","-346","-1","-149","-53","-246","-1778","-2068","-6073","-2027","-463","-989","-3443","-848","-1657","-1627",
"적도 기니","수출금액[천불]","천불","276","12","601","71","249","418","569","632","879","929","781","1660","237","2020","136","749","778","134","872","768","382","223","1609","1322","720","894","386","519","165","731","496",
"적도 기니","수입금액[천불]","천불","77929","35118","0","0","0","0","0","38702","0","37232","0","0","82","0","46","95852","18","32542","78398","86783","0","36030","3","0","1","35763","35085","53205","69083","54039","124094",
"적도 기니","무역수지[천불]","천불","-77652","-35106","601","71","249","418","569","-38071","879","-36303","781","1660","155","2020","90","-95103","759","-32408","-77526","-86015","381","-35807","1607","1322","719","-34869","-34699","-52686","-68918","-53307","-123597",
"수리남","수출금액[천불]","천불","125","502","262","792","744","308","882","656","251","410","377","354","914","804","390","298","181","774","868","443","582","366","353","751","861","285","517","473","303","393","868",
"수리남","수입금액[천불]","천불","483","538","855","501","1254","620","654","311","600","554","1559","253","777","421","339","755","703","244","573","199","238","411","542","702","914","285","525","1188","298","373","465",
"수리남","무역수지[천불]","천불","-358","-36","-594","290","-510","-312","228","345","-349","-144","-1182","102","137","384","51","-457","-522","531","295","244","344","-45","-189","49","-53","0","-8","-715","5","20","403",
"솔로몬 군도","수출금액[천불]","천불","533","505","261","505","336","534","558","1573","2971","786","2144","631","605","804","286","1145","480","872","633","696","556","648","381","656","984","576","594","743","404","870","384",
"솔로몬 군도","수입금액[천불]","천불","2495","0","0","18","1984","234","0","66","21","1920","289","54","0","169","299","2367","146","213","175","66","59","80","243","81","146","45","64","2","305","116","139",
"솔로몬 군도","무역수지[천불]","천불","-1961","505","261","487","-1648","300","558","1507","2950","-1135","1855","577","605","634","-13","-1222","334","659","458","630","496","568","138","574","838","531","530","741","100","755","245",
"도미니카","수출금액[천불]","천불","310","179","275","175","230","377","68","214","125","113","209","63","124","166","78","37","183","212","173","20","1691","79","79","832","41","68","214","403","689","327","121",
"도미니카","수입금액[천불]","천불","2","1140","1313","37","35","18","1371","143","43","66","1","36","18","0","0","160","519","412","2","509","169","195","159","186","190","28","0","88","0","0","1",
"도미니카","무역수지[천불]","천불","308","-961","-1038","139","195","359","-1303","72","82","46","208","28","106","166","78","-123","-336","-200","171","-489","1522","-116","-80","646","-149","40","214","315","689","327","119",
"마세도니아","수출금액[천불]","천불","306","341","779","834","965","711","953","495","1020","953","574","539","242","721","807","811","867","1870","1436","945","1357","894","439","1307","822","799","954","897","724","1330","868",
"마세도니아","수입금액[천불]","천불","414","1001","571","646","265","126","483","234","3785","728","179","140","845","568","625","461","599","306","563","952","184","253","1093","635","813","230","181","396","248","173","1316",
"마세도니아","무역수지[천불]","천불","-108","-660","208","189","699","585","470","261","-2765","225","395","399","-603","152","182","350","268","1564","873","-7","1173","640","-654","672","9","569","773","501","476","1157","-448",
"시에라 리온","수출금액[천불]","천불","194","505","561","929","11629","631","211","527","340","898","480","1537","12106","707","626","1366","277","396","748","1133","525","1146","360","786","591","298","597","307","387","444","750",
"시에라 리온","수입금액[천불]","천불","819","1501","1845","1291","684","1438","1481","596","703","1084","365","958","1362","1116","1263","694","709","729","1324","757","988","613","478","994","1538","412","1138","1905","1091","894","1273",
"시에라 리온","무역수지[천불]","천불","-625","-996","-1284","-362","10945","-807","-1270","-69","-363","-185","116","579","10744","-409","-637","672","-431","-333","-576","376","-462","533","-118","-209","-948","-113","-541","-1598","-703","-450","-524",
"유고","수출금액[천불]","천불","0","0","0","0","0","0","0","0","0","0","0","0","0","0","0","0","0","0","0","0","0","0","0","0","0","0","0","0","0","0","0",
"유고","수입금액[천불]","천불","0","0","0","0","0","0","0","0","0","0","0","0","0","0","0","0","0","0","0","0","0","0","0","0","0","0","0","0","0","0","0",
"유고","무역수지[천불]","천불","0","0","0","0","0","0","0","0","0","0","0","0","0","0","0","0","0","0","0","0","0","0","0","0","0","0","0","0","0","0","0",
"보츠와나","수출금액[천불]","천불","91","103","224","653","848","64","259","54","48","138","5","264","503","64","49","161","12","46","69","167","34","22","86","6","23","134","9","87","157","75","26",
"보츠와나","수입금액[천불]","천불","12","0","22","395","24","14","99","105","12","15","10","82","51","20","114","29","52","184","257","150","57","101","239","54","186","141","27","328","56","707","399",
"보츠와나","무역수지[천불]","천불","79","103","203","258","824","50","160","-51","36","122","-5","181","452","44","-65","131","-40","-138","-188","17","-22","-80","-153","-48","-162","-7","-18","-241","101","-632","-373",
"모리타니","수출금액[천불]","천불","1120","603","1292","2996","1101","987","472","947","1062","694","2106","1259","462","737","527","5031","1113","1244","929","436","1274","410","825","1020","1041","700","630","902","2423","917","919",
"모리타니","수입금액[천불]","천불","1935","772","2595","3265","2734","1741","4188","2108","2631","3174","5985","3968","1503","1283","1383","1479","741","1268","1563","1347","1353","1468","1556","2515","1251","0","1466","2152","3333","753","2274",
"모리타니","무역수지[천불]","천불","-816","-169","-1303","-268","-1633","-754","-3716","-1161","-1569","-2480","-3879","-2709","-1041","-546","-855","3553","372","-24","-633","-912","-79","-1057","-731","-1495","-209","700","-836","-1250","-910","164","-1355",
"키리바티","수출금액[천불]","천불","440","1639","994","1091","583","596","516","362","710","542","437","467","538","554","985","1392","664","458","333","485","222","979","525","429","833","826","228","896","30","370","429",
"키리바티","수입금액[천불]","천불","424","1843","0","21","23","73","0","0","47","3","77","0","0","0","52","18","1","0","0","30","0","1113","697","54","37","40","799","612","62","46","1272",
"키리바티","무역수지[천불]","천불","16","-204","994","1069","560","523","516","362","663","540","360","467","538","554","932","1374","662","458","333","455","222","-134","-172","375","797","785","-571","284","-33","324","-843",
"몰도바","수출금액[천불]","천불","3438","6042","9040","6823","5164","4983","5712","7274","6330","6199","5549","6258","5796","6576","5573","5399","5039","6961","5653","4388","7618","5351","5009","4405","6493","5639","7994","5700","5894","6622","10234",
"몰도바","수입금액[천불]","천불","19024","7990","6206","10721","5295","3018","2635","5878","4094","4047","4031","4905","5203","4653","2217","3070","2750","4548","5230","4453","4555","4342","5526","4264","3999","2345","3194","2807","3401","3253","1984",
"몰도바","무역수지[천불]","천불","-15587","-1948","2834","-3898","-131","1965","3077","1396","2235","2152","1519","1353","592","1923","3356","2329","2288","2414","423","-65","3063","1009","-517","141","2494","3294","4800","2894","2494","3368","8250",
"벨리제","수출금액[천불]","천불","835","797","2014","2690","715","2219","2738","1469","2669","982","1053","1777","1763","1605","2304","2393","3977","5932","2158","2827","1062","731","786","818","461","164","1813","6741","3244","4051","8157",
"벨리제","수입금액[천불]","천불","0","28","24","37","0","0","107","0","2950","0","18","260","0","0","0","0","0","22","2604","5","5304","72","5305","3","1","0","4","8","0","0","23",
"벨리제","무역수지[천불]","천불","835","769","1990","2653","715","2219","2631","1469","-280","982","1034","1517","1763","1605","2304","2393","3976","5910","-447","2821","-4242","659","-4518","816","460","164","1809","6733","3243","4051","8134",
"나우루","수출금액[천불]","천불","12","37","0","0","0","105","0","0","0","9","0","0","0","11","0","20","0","0","31","0","0","0","0","6","0","0","0","0","0","0","8",
"나우루","수입금액[천불]","천불","0","0","1","4770","0","0","16","1","4048","0","0","0","4504","35","0","6047","0","4841","0","4839","1","1","0","0","1","0","2664","0","1","16","0",
"나우루","무역수지[천불]","천불","12","37","-1","-4770","0","105","-16","-1","-4048","9","0","0","-4504","-24","0","-6027","0","-4841","31","-4839","-1","-1","0","6","-1","0","-2664","0","-1","-16","8",
"팔라우","수출금액[천불]","천불","545","464","236","4869","186","262","378","4506","143","463","4544","331","597","137","331","3973","207","122","4329","18","364","248","197","2591","208","146","194","345","5506","284","273",
"팔라우","수입금액[천불]","천불","34","17","0","14","72","110","0","19","32","19","73","0","24","33","44","43","47","29","0","19","23","19","1","2","2","37","51","44","0","28","50",
"팔라우","무역수지[천불]","천불","511","447","236","4855","114","153","378","4487","111","444","4472","331","572","104","287","3930","160","93","4329","-1","340","230","195","2589","206","109","143","301","5506","256","223",
"세르비아 와 몬테네그로","수출금액[천불]","천불","0","0","0","0","0","0","0","0","0","0","0","0","0","0","0","0","0","0","0","0","0","0","0","0","0","0","0","0","0","0","0",
"세르비아 와 몬테네그로","수입금액[천불]","천불","0","0","0","0","0","0","0","0","0","0","0","0","0","0","0","0","0","0","0","0","0","0","0","0","0","0","0","0","0","0","0",
"세르비아 와 몬테네그로","무역수지[천불]","천불","0","0","0","0","0","0","0","0","0","0","0","0","0","0","0","0","0","0","0","0","0","0","0","0","0","0","0","0","0","0","0",
"소말리아","수출금액[천불]","천불","567","839","3502","1137","753","1023","857","1074","1653","1296","1273","628","1054","1382","334","1270","146","893","657","740","1034","956","2165","2085","585","556","876","828","1720","2492","944",
"소말리아","수입금액[천불]","천불","29","0","0","6","76","77","174","5","1464","51","621","153","374","397","221","254","302","0","318","433","0","568","246","194","739","244","61","93","445","156","76",
"소말리아","무역수지[천불]","천불","538","839","3502","1132","677","946","683","1069","189","1245","652","474","680","985","113","1016","-156","893","339","307","1034","389","1919","1890","-154","312","815","735","1274","2335","869",
"리히텐슈타인","수출금액[천불]","천불","633","703","742","1211","677","802","1183","793","940","617","686","931","528","665","738","960","643","731","954","629","954","664","532","647","1063","632","846","939","709","680","917",
"리히텐슈타인","수입금액[천불]","천불","1365","1283","1313","1711","2094","1894","2055","1514","1614","1867","1981","1507","962","1932","1893","1785","1899","2074","2240","1324","2375","1544","2053","2840","1927","2627","3353","2441","2456","2535","2960",
"리히텐슈타인","무역수지[천불]","천불","-733","-580","-571","-500","-1417","-1091","-872","-720","-674","-1250","-1294","-576","-435","-1267","-1155","-825","-1256","-1344","-1286","-696","-1421","-879","-1520","-2193","-864","-1995","-2507","-1503","-1746","-1855","-2043",
"에리트리아","수출금액[천불]","천불","10","0","28","0","57","707","157","260","175","124","0","503","1","0","0","30","64","6070","35","0","285","2","757","1629","0","25","0","6051","462","16","0",
"에리트리아","수입금액[천불]","천불","0","0","53","9751","0","0","1","11807","28097","21297","13871","12961","0","0","0","1","0","0","9959","4","0","0","1","0","0","0","0","0","0","0","0",
"에리트리아","무역수지[천불]","천불","10","0","-25","-9751","57","707","156","-11547","-27923","-21173","-13871","-12457","1","0","0","30","64","6070","-9924","-4","285","2","757","1629","0","25","0","6051","462","16","0",
"부탄","수출금액[천불]","천불","339","529","336","344","372","512","247","781","236","637","849","602","590","913","379","782","794","399","528","501","561","800","488","843","623","571","371","656","903","499","704",
"부탄","수입금액[천불]","천불","0","867","846","444","1117","733","1581","2410","2148","675","1446","711","1580","1615","292","580","598","947","355","322","1761","974","879","614","955","713","1249","543","797","888","224",
"부탄","무역수지[천불]","천불","339","-338","-510","-99","-745","-221","-1334","-1628","-1913","-38","-597","-109","-990","-702","87","202","196","-548","174","178","-1199","-174","-391","229","-332","-143","-878","113","106","-388","480",
"세인트 키츠 네비스","수출금액[천불]","천불","134","84","198","61","36","201","99","366","131","83","101","335","60","117","40","71","5","33","221","79","201","59","447","70","49","31","28","302","163","48","144",
"세인트 키츠 네비스","수입금액[천불]","천불","0","5","0","2","1","6","1","1","19","13","1","0","1","3","2","1","1","2","2","3","0","29","0","2","21","13","10","1","19","2","3",
"세인트 키츠 네비스","무역수지[천불]","천불","134","80","198","60","35","195","98","366","112","70","101","335","60","114","38","71","4","31","219","76","201","30","447","68","29","17","18","302","144","46","141",
"나미비아","수출금액[천불]","천불","667","842","276","4669","566","74","294","173","1307","1265","83","236","298","7766","114","5104","352","1440","267","167","5948","718","1378","245","250","204","484","408","311","691","905",
"나미비아","수입금액[천불]","천불","74","115","66412","11105","5925","6","44567","168","86","6","241","34","67","1","60","486","72","15077","16309","439","672","139","48","4283","62","34521","12521","5942","112","11","6063",
"나미비아","무역수지[천불]","천불","592","727","-66136","-6436","-5359","68","-44274","4","1221","1259","-158","201","232","7765","55","4619","279","-13638","-16042","-271","5276","579","1331","-4038","188","-34316","-12037","-5534","198","680","-5158",
"니제르","수출금액[천불]","천불","1345","154","0","7","32","423","753","43","677","2079","750","53","1513","161","0","786","59","18","1266","37","37","15","11","92","1444","1280","2315","1599","573","156","823",
"니제르","수입금액[천불]","천불","34","4","1","0","0","1398","222","4","0","0","7","7","6","0","53","86","3","5","0","43","1329","13","0","2","0","9","0","0","85","9","0",
"니제르","무역수지[천불]","천불","1311","149","-1","7","32","-975","531","40","677","2079","743","45","1508","161","-53","700","57","13","1266","-6","-1291","2","10","91","1444","1271","2315","1599","488","147","823",
"몰디브","수출금액[천불]","천불","930","938","571","711","541","673","684","600","1714","580","1629","1731","412","640","1242","642","759","383","1050","272","1508","914","1040","829","715","405","1342","1354","867","1109","1807",
"몰디브","수입금액[천불]","천불","0","1","5","3","1","5","0","3","84","0","1","4","2","1","0","1","0","0","26","3","1","1","1","0","4","0","5","14","4","6","2",
"몰디브","무역수지[천불]","천불","930","937","566","708","540","668","684","597","1630","580","1629","1727","410","639","1242","642","759","383","1024","269","1507","913","1039","829","711","405","1336","1340","862","1104","1805",
"티모르","수출금액[천불]","천불","42","32","548","330","406","9","13","199","325","422","405","195","28","554","128","193","228","1","396","255","773","337","444","267","261","101","203","177","205","251","0",
"티모르","수입금액[천불]","천불","3","38","2","1","0","17","3","1","3","6","125","93","2","0","3","17","0","3","5","0","1","61","117","118","173","3","2","2","1","1","0",
"티모르","무역수지[천불]","천불","39","-6","546","329","406","-7","10","198","322","416","280","103","25","554","125","176","228","-2","391","255","772","276","327","149","88","98","201","175","204","250","0",
"서사하라","수출금액[천불]","천불","0","0","0","0","0","0","0","0","0","0","0","0","0","0","0","0","0","0","0","0","0","0","0","0","0","0","0","0","0","0","0",
"서사하라","수입금액[천불]","천불","0","0","0","0","0","0","0","0","0","0","0","0","0","0","0","0","0","0","0","0","0","0","0","0","0","0","0","0","0","0","0",
"서사하라","무역수지[천불]","천불","0","0","0","0","0","0","0","0","0","0","0","0","0","0","0","0","0","0","0","0","0","0","0","0","0","0","0","0","0","0","0",
"세인트 빈센트 그레나딘","수출금액[천불]","천불","13","280","113","121","3","124","249","163","291","78","338","287","153","80","149","349","72","99","233","0","202","71","102","56","1","103","97","325","14","10","59",
"세인트 빈센트 그레나딘","수입금액[천불]","천불","0","0","0","74","5","12","0","0","0","0","0","0","0","0","1","0","0","0","0","0","0","0","0","0","1","0","9","0","0","0","0",
"세인트 빈센트 그레나딘","무역수지[천불]","천불","13","280","113","47","-2","111","249","163","291","78","338","287","153","80","148","349","72","99","233","0","202","71","102","56","1","103","88","325","14","10","59",
"불령 가이아나","수출금액[천불]","천불","418","414","69","48","906","52","327","602","1011","335","425","658","171","454","473","371","76","17","228","367","424","127","538","825","413","356","414","365","864","508","253",
"불령 가이아나","수입금액[천불]","천불","0","0","0","0","0","0","0","0","0","0","0","0","0","0","0","0","0","0","0","0","0","0","0","0","0","0","5579","0","0","0","0",
"불령 가이아나","무역수지[천불]","천불","418","414","69","48","906","52","327","602","1011","335","425","658","171","454","473","371","76","17","228","367","424","127","538","825","413","356","-5165","365","864","508","253",
"세인트 마틴","수출금액[천불]","천불","1682","1057","588","956","341","1913","2079","1278","1696","1859","2894","1328","1006","1586","1044","1051","568","1275","538","1253","716","289","1000","1572","894","332","215","460","94","5","34",
"세인트 마틴","수입금액[천불]","천불","0","0","0","0","0","0","0","0","1","0","0","0","0","0","0","0","0","0","0","0","0","0","0","0","0","0","0","1","0","0","0",
"세인트 마틴","무역수지[천불]","천불","1682","1057","588","956","341","1913","2079","1278","1695","1859","2894","1328","1006","1586","1044","1051","568","1275","538","1253","716","289","1000","1572","894","332","215","459","94","5","34",
"감비아","수출금액[천불]","천불","460","218","407","250","224","496","113","261","302","480","269","216","257","445","170","182","231","191","311","305","597","285","804","536","338","334","553","390","736","536","674",
"감비아","수입금액[천불]","천불","679","386","1358","678","656","550","936","405","715","436","457","456","877","714","360","924","1627","917","734","1080","299","199","434","1094","1293","994","1048","3052","1330","1001","1670",
"감비아","무역수지[천불]","천불","-219","-168","-951","-428","-432","-54","-823","-144","-412","45","-188","-240","-619","-269","-190","-743","-1397","-726","-423","-775","298","86","370","-558","-954","-660","-494","-2662","-594","-466","-996",
"세인트 루시아","수출금액[천불]","천불","356","348","623","290","460","528","284","445","300","576","180","336","275","330","317","148","223","334","789","398","818","165","374","413","212","234","419","350","335","199","369",
"세인트 루시아","수입금액[천불]","천불","0","0","0","3","6","18","0","0","0","0","0","4","0","0","0","0","0","22","0","0","30","0","18","31","0","36","16","0","40","32","17",
"세인트 루시아","무역수지[천불]","천불","356","348","623","288","454","511","284","445","300","576","180","332","275","330","317","148","223","312","789","398","789","165","356","381","212","198","403","350","296","166","352",
"영령 인도양","수출금액[천불]","천불","0","0","0","0","0","0","0","0","0","0","0","0","0","0","0","0","0","0","0","0","0","0","0","0","0","0","0","0","0","0","0",
"영령 인도양","수입금액[천불]","천불","0","2","0","2","0","0","0","0","0","0","0","0","0","1","0","0","0","0","0","0","0","0","0","0","0","0","0","0","0","0","0",
"영령 인도양","무역수지[천불]","천불","0","-2","0","-2","0","0","0","0","0","0","0","0","0","-1","0","0","0","0","0","0","0","0","0","0","0","0","0","0","0","0","0",
"그레나다","수출금액[천불]","천불","382","518","108","157","231","922","244","313","371","336","86","456","367","2033","309","83","175","419","37","171","516","187","270","854","1325","1076","3963","2912","1602","771","1030",
"그레나다","수입금액[천불]","천불","0","0","0","22","0","2","0","0","19","1","0","0","1","0","0","0","0","0","0","0","0","0","0","0","0","0","0","0","0","0","0",
"그레나다","무역수지[천불]","천불","382","518","108","135","231","920","244","312","352","335","86","456","366","2033","309","83","175","419","37","171","516","187","270","854","1325","1076","3963","2912","1602","771","1030",
"안도라","수출금액[천불]","천불","2","35","1","6","3","6","0","0","6","198","23","2","0","32","1","5","7","4","0","57","13","1","9","22","4","2","149","5","2","8","14",
"안도라","수입금액[천불]","천불","1","2","4","4","48","3","1","2","2","5","49","3","2","4","1","1","6","382","11","16","11","19","31","27","15","8","72","113","26","204","10",
"안도라","무역수지[천불]","천불","0","33","-3","2","-45","3","-1","-2","4","193","-26","-1","-2","27","0","4","1","-379","-11","41","2","-18","-22","-5","-11","-6","77","-107","-24","-196","4",
"챠드","수출금액[천불]","천불","316","45","0","893","71","92","164","164","265","860","0","496","18","41","5","397","1142","315","245","1941","1009","28","744","572","79","1321","56","631","623","1009","34",
"챠드","수입금액[천불]","천불","0","0","0","0","0","0","0","393","0","0","0","0","0","0","0","0","0","0","0","0","5","1","0","0","0","0","0","0","0","0","0",
"챠드","무역수지[천불]","천불","316","44","0","893","71","92","164","-229","265","860","0","496","18","41","5","397","1142","315","245","1941","1003","27","744","572","79","1321","55","631","623","1008","34",
"큐라소","수출금액[천불]","천불","825","1149","872","1455","718","1182","905","386","639","711","2195","864","1026","1511","1459","997","1038","853","756","672","883","1327","2009","500","137","203","1561","389","954","892","1404",
"큐라소","수입금액[천불]","천불","1","0","0","0","0","181","0","0","0","0","37","201","18","0","36","0","356","0","35","35","18","0","17","35","17","18","18","18","0","18","0",
"큐라소","무역수지[천불]","천불","824","1149","872","1455","718","1001","905","386","639","711","2158","663","1007","1511","1423","997","682","853","721","637","865","1327","1991","465","120","185","1543","372","954","874","1404",
"몬테네그로","수출금액[천불]","천불","1874","1203","3442","1075","38","111","315","39","727","281","638","608","480","743","1024","1888","1202","278","153","829","143","686","170","449","836","245","335","159","262","680","325",
"몬테네그로","수입금액[천불]","천불","44768","17219","0","1","16413","1","1242","0","11242","3875","19","41","2","10","206","10","1","1","2","5","0","20701","5","13","0","0","1","1","338","91","2",
"몬테네그로","무역수지[천불]","천불","-42894","-16016","3442","1074","-16375","110","-927","38","-10515","-3595","619","567","478","733","818","1878","1201","277","152","824","142","-20015","166","436","836","245","334","157","-76","589","323",
"안타티카","수출금액[천불]","천불","42","1","0","0","0","0","3559","92","798","1144","0","0","0","0","0","0","0","0","0","0","0","1503","0","0","89","0","0","0","0","0","0",
"안타티카","수입금액[천불]","천불","0","0","1","6","7","2","0","0","1","0","0","0","0","0","0","487","0","0","0","0","0","3","0","0","0","0","1","20","0","2","0",
"안타티카","무역수지[천불]","천불","42","1","-1","-6","-7","-2","3559","92","797","1144","0","0","0","0","0","-487","0","0","0","0","0","1500","0","0","89","0","-1","-20","0","-2","0",
"카보 베르데","수출금액[천불]","천불","146","173","553","22","256","112","392","42","73","422","483","383","317","83","72","741","184","405","193","78","696","387","206","123","166","17","68","175","62","210","384",
"카보 베르데","수입금액[천불]","천불","0","3","0","0","0","0","0","0","0","0","0","0","0","0","0","0","0","0","0","1","0","0","0","1","0","0","0","4","0","2","1",
"카보 베르데","무역수지[천불]","천불","146","170","553","22","256","112","392","42","73","422","483","383","317","83","72","741","184","405","193","77","696","387","206","122","166","17","68","171","62","209","384",
"부룬디","수출금액[천불]","천불","25","24","84","245","42","68","117","429","47","20","45","193","594","153","100","53","29","190","510","50","32","112","43","48","41","199","776","650","24","540","39",
"부룬디","수입금액[천불]","천불","0","0","0","0","128","34","108","82","3","0","0","0","0","2","0","5","1","0","42","8","2","120","0","0","0","140","0","0","2","0","0",
"부룬디","무역수지[천불]","천불","24","24","84","245","-86","34","9","347","45","20","45","193","594","151","100","49","29","190","468","42","30","-9","43","48","41","59","776","650","23","540","39",
"투발루","수출금액[천불]","천불","989","281","889","141","343","114","446","394","497","214","507","270","610","3","514","271","879","32","565","269","411","18","401","741","141","125","600","323","0","342","147",
"투발루","수입금액[천불]","천불","219","4","1187","7","4","0","4","4","0","0","0","2","2","0","0","0","2","2","1329","0","0","39","22","1","2","556","0","0","0","1649","0",
"투발루","무역수지[천불]","천불","770","277","-298","134","339","114","442","390","497","214","507","268","608","3","514","270","877","30","-764","269","411","-21","379","740","139","-431","600","323","0","-1307","147",
"통가","수출금액[천불]","천불","45","25","15","132","45","0","17","0","0","23","41","48","12","76","0","25","0","26","11","0","70","45","10","15","43","58","22","12","34","31","22",
"통가","수입금액[천불]","천불","152","0","0","19","13","0","6","0","15","15","1","16","15","1","0","15","15","15","0","0","15","0","0","15","15","0","16","15","44","14","14",
"통가","무역수지[천불]","천불","-107","25","15","114","32","0","11","0","-15","9","40","32","-3","75","0","11","-15","11","11","0","55","45","10","0","28","58","6","-3","-10","17","8",
"미령 버진군도","수출금액[천불]","천불","1","7","22","1","37","2","2","44","153","22","2","1","1","1","6","14","4","14","22","1","48","1","19","7","1","3","20","7","218","21","20",
"미령 버진군도","수입금액[천불]","천불","0","3","10","7","0","2","21","17","0","0","0","0","0","1","0","0","0","1","18","0","2","0","0","0","1","92","0","27637","0","0","113",
"미령 버진군도","무역수지[천불]","천불","1","4","13","-6","37","0","-20","27","153","22","2","1","1","0","6","13","4","14","5","1","45","1","19","6","0","-89","20","-27630","218","21","-93",
"투르크 & 카이코스 군도","수출금액[천불]","천불","52","71","76","1","49","426","188","200","98","140","137","326","108","175","94","138","369","95","44","226","178","313","57","269","343","62","116","309","101","102","168",
"투르크 & 카이코스 군도","수입금액[천불]","천불","1","1","0","0","0","0","0","0","0","0","0","0","0","0","0","0","0","0","0","0","0","0","0","0","0","0","0","0","0","0","0",
"투르크 & 카이코스 군도","무역수지[천불]","천불","52","70","76","0","49","426","188","200","98","140","137","326","108","174","94","138","369","95","44","226","178","313","57","269","343","62","116","309","101","102","168",
"상토메 프린스페","수출금액[천불]","천불","0","62","0","157","7","3","21","0","0","17","25","316","0","5","0","2","17","16","18","0","38","25","83","0","31","6","8","0","0","62","53",
"상토메 프린스페","수입금액[천불]","천불","0","1","0","0","0","0","0","0","0","0","0","0","0","0","0","0","0","1","2","304","0","0","0","0","0","0","0","0","2","0","0",
"상토메 프린스페","무역수지[천불]","천불","0","61","0","157","7","3","21","0","0","17","25","316","0","5","0","2","17","15","16","-304","38","24","83","0","31","6","8","0","-2","62","53",
"국제통화기금","수출금액[천불]","천불","0","0","0","0","0","0","0","0","0","0","0","0","0","0","0","0","0","0","0","0","0","0","0","0","69","1900","2401","0","0","0","0",
"국제통화기금","수입금액[천불]","천불","0","0","0","0","0","0","0","0","0","0","0","0","0","0","0","0","0","99","0","0","14","0","0","0","0","21","0","0","0","0","0",
"국제통화기금","무역수지[천불]","천불","0","0","0","0","0","0","0","0","0","0","0","0","0","0","0","0","0","-99","0","0","-14","0","0","0","69","1878","2401","0","0","0","0",
"불령 남부지역","수출금액[천불]","천불","0","0","0","0","0","0","0","0","0","0","0","0","0","0","0","0","0","0","0","0","0","0","0","0","0","0","0","0","0","0","0",
"불령 남부지역","수입금액[천불]","천불","0","0","0","0","1","1","0","1","0","0","1","1","0","0","1","3","0","1","1","1","6","0","2","1","0","3","0","0","0","0","0",
"불령 남부지역","무역수지[천불]","천불","0","0","0","0","-1","-1","0","-1","0","0","-1","-1","0","0","-1","-3","0","-1","-1","-1","-6","0","-2","-1","0","-3","0","0","0","0","0",
"기네비소","수출금액[천불]","천불","0","0","70","748","79","0","3","174","51","11","60","5","73","69","0","599","6","123","9","66","11","11","0","0","0","100","0","12","0","0","144",
"기네비소","수입금액[천불]","천불","79","66","46","113","164","102","102","0","0","83","649","0","149","127","0","50","44","0","239","69","4","0","0","0","0","0","0","0","89","66","0",
"기네비소","무역수지[천불]","천불","-79","-66","24","636","-85","-102","-99","174","51","-73","-589","5","-77","-58","0","549","-38","123","-230","-3","7","11","0","0","0","100","0","12","-89","-66","144",
"메요트","수출금액[천불]","천불","159","0","239","0","12","13","0","138","87","528","204","2","89","2","25","0","534","427","890","442","49","43","166","209","348","46","93","0","39","660","36",
"메요트","수입금액[천불]","천불","0","0","0","0","0","0","0","0","0","0","0","0","0","0","0","0","0","0","0","0","0","0","0","0","0","0","0","0","0","0","0",
"메요트","무역수지[천불]","천불","159","0","239","0","12","13","0","138","87","528","204","2","89","2","25","0","534","427","890","442","49","43","166","209","348","46","93","0","39","660","36",
"산마리노","수출금액[천불]","천불","35","82","0","25","3","44","18","29","12","25","10","23","0","45","17","29","23","0","0","37","39","5","22","11","27","0","30","21","27","13","13",
"산마리노","수입금액[천불]","천불","1031","151","98","117","326","339","166","457","475","280","536","909","210","618","42","421","418","334","158","105","96","243","253","125","115","121","64","57","128","220","38",
"산마리노","무역수지[천불]","천불","-996","-69","-98","-92","-323","-295","-148","-428","-464","-255","-526","-886","-210","-573","-25","-392","-394","-334","-158","-68","-57","-238","-231","-113","-89","-121","-34","-36","-102","-207","-25",
"앙귈라","수출금액[천불]","천불","0","0","1","4","1","3","7","4","12","0","0","0","1","7","25","235","2","0","0","0","3","938","0","7","37","1","47","3","5","9","6",
"앙귈라","수입금액[천불]","천불","0","4","0","0","0","0","0","3","0","0","0","0","0","0","0","0","0","0","0","0","0","0","0","0","0","0","1","0","0","0","0",
"앙귈라","무역수지[천불]","천불","0","-4","0","4","1","3","7","1","12","0","0","0","1","7","25","235","2","0","0","0","3","938","0","7","37","0","47","3","5","9","6",
"노폴크 아일랜드","수출금액[천불]","천불","0","0","0","0","51","0","0","0","0","0","0","0","0","0","0","0","0","0","0","0","0","0","0","0","0","0","0","0","0","0","0",
"노폴크 아일랜드","수입금액[천불]","천불","0","0","0","0","0","0","0","0","0","0","0","0","0","0","0","0","0","0","0","0","0","0","0","0","0","0","0","0","0","0","0",
"노폴크 아일랜드","무역수지[천불]","천불","0","0","0","0","51","0","0","0","0","0","0","0","0","0","0","0","0","0","0","0","0","0","0","0","0","0","0","0","0","0","0",
"쿡 아일랜드","수출금액[천불]","천불","0","1","0","0","15","0","0","0","0","0","0","0","0","0","0","0","0","0","0","0","0","0","0","27","0","0","0","0","20","0","0",
"쿡 아일랜드","수입금액[천불]","천불","1","0","0","0","6","0","0","0","0","0","0","0","1","0","0","0","0","0","0","0","1","0","2","3","5","1","1","1","9","0","1",
"쿡 아일랜드","무역수지[천불]","천불","-1","1","0","0","9","0","0","0","0","0","0","0","-1","0","0","0","0","0","0","0","-1","0","-2","24","-5","-1","-1","0","11","0","-1",
"토켈라우","수출금액[천불]","천불","0","0","0","0","0","47","0","0","0","0","0","0","0","0","0","0","22","24","2","24","0","0","0","7","0","0","0","0","0","0","0",
"토켈라우","수입금액[천불]","천불","1","0","1","0","4","1","0","49","0","0","1","1","129","1","15","14","0","0","1","1","6","2","0","0","0","0","82","5","127","3","96",
"토켈라우","무역수지[천불]","천불","-1","0","-1","0","-4","46","0","-49","0","0","-1","-1","-129","-1","-15","-14","22","24","1","22","-6","-2","0","6","0","0","-82","-5","-127","-3","-96",
"세인트 바르탤르미","수출금액[천불]","천불","0","16","0","8","2","0","528","4","7","7","3","8","6","4","7","0","14","0","10","55","3","3","2","13","7","7","4","3","3","103","3",
"세인트 바르탤르미","수입금액[천불]","천불","2","0","0","0","0","0","0","0","0","0","68","398","14","1","0","9","4","0","0","1","0","0","0","0","0","0","0","0","0","0","90",
"세인트 바르탤르미","무역수지[천불]","천불","-2","16","0","8","2","0","528","4","7","7","-65","-391","-8","3","7","-9","10","0","10","54","3","2","2","13","7","7","4","3","3","103","-87",
"파로에 군도","수출금액[천불]","천불","1","0","0","0","0","0","0","0","0","6","0","2","0","0","0","6","0","0","0","0","16","0","0","300","0","0","0","0","313","1","0",
"파로에 군도","수입금액[천불]","천불","0","0","0","246","0","0","0","0","0","0","229","0","0","0","1","0","0","391","0","41","229","73","35","1185","169","0","166","162","409","0","6",
"파로에 군도","무역수지[천불]","천불","1","0","0","-246","0","0","0","0","0","6","-229","2","0","0","-1","6","0","-391","0","-41","-213","-72","-35","-885","-169","0","-166","-161","-96","1","-6",
"남수단","수출금액[천불]","천불","234","507","177","16","1","110","30","322","2","340","47","4347","3219","2838","3122","326","513","2580","1093","1035","1108","22","0","0","371","0","18","681","9","809","17",
"남수단","수입금액[천불]","천불","0","1","12","0","0","0","0","0","0","0","0","0","0","18","14","0","68","0","0","0","0","14","0","0","0","0","0","0","0","0","0",
"남수단","무역수지[천불]","천불","234","506","165","16","1","110","30","322","2","340","47","4347","3218","2819","3108","326","445","2580","1093","1035","1108","7","0","0","371","0","18","681","9","809","17",
"코모로스","수출금액[천불]","천불","4","36","39","27","1439","0","85","17","12","5","22","0","2","129","5","6","9","1","19","83","10","0","60","19","40","0","18","2","14","32","0",
"코모로스","수입금액[천불]","천불","3","0","0","17","0","0","4","0","0","0","0","12","2","19","0","0","0","12","7","1","2","1","0","0","0","0","1","0","0","0","1",
"코모로스","무역수지[천불]","천불","1","36","39","10","1439","0","80","17","12","5","22","-12","0","111","5","6","9","-11","12","81","8","-1","60","19","40","0","17","2","14","32","-1",
"몬트세라트","수출금액[천불]","천불","0","0","0","1","0","0","1","1","0","0","0","0","1","0","0","0","0","3","0","1","269","0","0","0","0","0","0","0","0","0","0",
"몬트세라트","수입금액[천불]","천불","0","0","0","0","1","0","3","3","57","0","4","27","0","3","1","0","8","9","0","0","11","0","1","0","0","0","3","0","0","0","0",
"몬트세라트","무역수지[천불]","천불","0","0","0","1","-1","0","-2","-2","-57","0","-4","-27","1","-3","-1","0","-8","-6","0","1","259","0","-1","0","0","0","-3","0","0","0","0",
"남조지아 & 남샌드위치 군도","수출금액[천불]","천불","0","0","0","46","0","3","10","0","0","0","0","0","0","11","0","0","0","0","0","0","0","0","0","0","0","8","0","0","0","0","0",
"남조지아 & 남샌드위치 군도","수입금액[천불]","천불","0","1","1","0","0","5","0","1","0","2","0","0","0","0","0","0","2","1","0","0","0","0","0","0","0","0","0","5","1","0","0",
"남조지아 & 남샌드위치 군도","무역수지[천불]","천불","0","-1","-1","46","0","-2","9","-1","0","-2","0","0","0","11","0","0","-2","-1","0","0","0","0","0","0","0","8","0","-5","-1","0","0",
"마이너 아우틀링 합중국 군도","수출금액[천불]","천불","0","0","0","0","0","0","0","0","0","0","0","0","0","0","0","0","0","0","0","0","0","0","0","0","0","0","0","0","0","0","0",
"마이너 아우틀링 합중국 군도","수입금액[천불]","천불","0","0","0","0","0","0","5","0","0","0","1","0","0","10","0","10","0","1","0","0","0","0","0","1","2","0","9","0","2","0","0",
"마이너 아우틀링 합중국 군도","무역수지[천불]","천불","0","0","0","0","0","0","-5","0","0","0","-1","0","0","-10","0","-10","0","-1","0","0","0","0","0","-1","-2","0","-9","0","-2","0","0",
"중립지대","수출금액[천불]","천불","0","0","0","0","0","0","0","0","0","0","0","0","0","0","0","0","0","0","0","0","0","0","0","0","0","0","0","0","0","0","0",
"중립지대","수입금액[천불]","천불","0","0","0","0","0","0","0","0","0","0","0","0","0","0","0","0","0","0","0","0","0","0","0","0","0","0","0","0","0","0","0",
"중립지대","무역수지[천불]","천불","0","0","0","0","0","0","0","0","0","0","0","0","0","0","0","0","0","0","0","0","0","0","0","0","0","0","0","0","0","0","0",
"교황청","수출금액[천불]","천불","0","0","0","2","2","3","0","1","1","2","0","1","2","1","2","1","2","1","2","2","3","1","4","4","1","2","6","1","2","3","0",
"교황청","수입금액[천불]","천불","0","0","0","0","0","0","0","0","0","0","0","0","0","1","0","0","0","0","0","0","0","0","0","0","1","0","0","0","0","0","0",
"교황청","무역수지[천불]","천불","0","0","0","2","1","3","0","1","1","2","0","1","2","0","2","1","2","1","2","2","3","1","4","4","0","2","6","1","2","3","0",
"피트카이른","수출금액[천불]","천불","0","0","0","0","0","0","0","0","0","0","0","0","0","0","0","0","0","4","0","0","0","0","0","0","0","0","0","0","0","0","0",
"피트카이른","수입금액[천불]","천불","0","0","1","0","0","0","0","0","0","0","0","0","13","0","0","0","0","0","0","0","0","0","9","8","0","0","0","0","0","0","0",
"피트카이른","무역수지[천불]","천불","0","0","-1","0","0","0","0","0","0","0","0","0","-13","0","0","0","0","4","0","0","0","0","-9","-8","0","0","0","0","0","0","0",
"포클랜드 군도","수출금액[천불]","천불","12","0","26","9","0","0","0","0","4","0","0","0","0","0","0","0","0","0","0","0","176","0","0","9","2","0","2","5","0","0","0",
"포클랜드 군도","수입금액[천불]","천불","0","0","0","0","1","282","0","0","0","0","0","0","0","0","0","0","0","297","61","371","0","0","0","0","0","7","0","0","0","0","0",
"포클랜드 군도","무역수지[천불]","천불","12","0","26","9","-1","-282","0","0","4","0","0","0","0","0","0","0","0","-297","-61","-371","176","0","0","9","2","-7","2","5","0","0","0",
"코스 군도","수출금액[천불]","천불","0","0","0","0","0","3","0","0","0","0","43","70","0","0","23","0","0","0","0","0","0","0","0","0","0","0","0","0","0","0","2",
"코스 군도","수입금액[천불]","천불","0","0","0","0","0","0","0","0","0","1","0","0","0","0","1","3","1","2","28","0","1","0","0","0","0","0","0","0","0","1","0",
"코스 군도","무역수지[천불]","천불","0","0","0","0","0","3","0","0","0","-1","43","69","0","0","22","-3","-1","-2","-28","0","-1","0","0","0","0","0","0","0","0","-1","2",
"세인트 헬레나","수출금액[천불]","천불","0","0","0","0","0","0","0","0","0","0","0","0","0","0","0","0","0","0","0","0","0","0","0","0","0","0","1","0","0","0","0",
"세인트 헬레나","수입금액[천불]","천불","20","0","0","0","0","1","0","1","0","12","26","0","0","0","0","13","50","0","57","0","0","0","13","0","2","0","0","0","0","0","13",
"세인트 헬레나","무역수지[천불]","천불","-20","0","0","0","0","-1","0","-1","0","-12","-26","0","0","0","0","-13","-50","0","-57","0","0","0","-13","0","-2","0","1","0","0","0","-13",
"보빗군도","수출금액[천불]","천불","0","0","0","0","0","0","0","0","0","0","0","0","0","0","0","0","0","0","0","0","0","0","0","0","0","0","0","0","0","0","0",
"보빗군도","수입금액[천불]","천불","0","0","0","0","0","0","0","0","0","0","0","0","0","0","0","0","0","0","0","0","0","0","0","0","0","0","0","0","0","0","0",
"보빗군도","무역수지[천불]","천불","0","0","0","0","0","0","0","0","0","0","0","0","0","0","0","0","0","0","0","0","0","0","0","0","0","0","0","0","0","0","0",
"왈라스 & 퓨투나 군도","수출금액[천불]","천불","0","0","0","10","0","0","0","0","0","0","0","1","0","0","13","0","0","0","0","0","0","0","0","0","0","0","0","0","0","0","0",
"왈라스 & 퓨투나 군도","수입금액[천불]","천불","0","0","0","0","0","1","0","0","0","0","0","0","0","0","0","0","0","0","0","0","0","0","0","0","0","0","0","0","0","0","0",
"왈라스 & 퓨투나 군도","무역수지[천불]","천불","0","0","0","10","0","-1","0","0","0","0","0","1","0","0","13","0","0","0","0","0","0","0","0","0","0","0","0","0","0","0","0",
"허드 앤 맥도날드 군도","수출금액[천불]","천불","0","0","0","0","0","0","0","0","0","0","0","0","0","0","0","0","0","0","0","0","0","0","0","0","0","0","0","2","0","0","0",
"허드 앤 맥도날드 군도","수입금액[천불]","천불","0","0","0","0","0","0","0","0","0","0","0","0","0","0","0","0","0","0","0","0","0","0","0","0","0","0","0","0","0","0","0",
"허드 앤 맥도날드 군도","무역수지[천불]","천불","0","0","0","0","0","0","0","0","0","0","0","0","0","0","0","0","0","0","0","0","0","0","0","0","0","0","0","2","0","0","0",
"그린랜드","수출금액[천불]","천불","5","5","3","4","6","193","69","4","10","5","5","1","3","2","4","12","4","6","72","14","9","5","5","2","8","5","6","8","9","10","4",
"그린랜드","수입금액[천불]","천불","205","119","320","186","178","404","151","77","67","211","303","265","282","50","187","294","263","221","238","89","1","80","1","588","181","0","9","313","0","113","5",
"그린랜드","무역수지[천불]","천불","-200","-114","-318","-183","-173","-210","-81","-73","-57","-206","-298","-264","-280","-48","-182","-282","-259","-215","-166","-75","8","-75","4","-586","-173","4","-4","-304","9","-103","-1",
"프랑스 메트로폴리탄","수출금액[천불]","천불","0","0","0","0","0","0","0","0","0","0","0","0","0","0","0","0","0","0","0","0","0","0","0","0","0","0","0","0","0","0","0",
"프랑스 메트로폴리탄","수입금액[천불]","천불","0","0","0","0","0","0","0","0","0","0","0","0","0","0","0","0","0","0","0","0","0","0","0","0","0","0","0","0","0","0","0",
"프랑스 메트로폴리탄","무역수지[천불]","천불","0","0","0","0","0","0","0","0","0","0","0","0","0","0","0","0","0","0","0","0","0","0","0","0","0","0","0","0","0","0","0",
"파나마운하지역","수출금액[천불]","천불","0","0","0","0","0","0","0","0","0","0","0","0","0","0","0","0","0","0","0","0","0","0","0","0","0","0","0","0","0","0","0",
"파나마운하지역","수입금액[천불]","천불","0","0","0","0","0","0","0","0","0","0","0","0","0","0","0","0","0","0","0","0","0","0","0","0","0","0","0","0","0","0","0",
"파나마운하지역","무역수지[천불]","천불","0","0","0","0","0","0","0","0","0","0","0","0","0","0","0","0","0","0","0","0","0","0","0","0","0","0","0","0","0","0","0",
"크리스마스 아일랜드","수출금액[천불]","천불","0","0","0","0","0","0","0","0","0","0","0","0","0","0","0","0","0","0","0","0","0","0","0","0","0","0","0","0","0","0","0",
"크리스마스 아일랜드","수입금액[천불]","천불","0","0","0","0","0","0","1","1","0","1","1","0","1","0","0","0","64","0","0","0","0","0","2","0","0","1","10","0","5","0","0",
"크리스마스 아일랜드","무역수지[천불]","천불","0","0","0","0","0","0","-1","-1","0","-1","-1","0","-1","0","0","0","-64","0","0","0","0","0","-2","0","0","-1","-10","0","-5","0","0",
"세인트 피레 미켈론","수출금액[천불]","천불","0","0","0","0","0","0","0","0","0","0","0","0","0","0","0","0","0","0","0","0","0","0","0","0","0","0","0","0","0","1","0",
"세인트 피레 미켈론","수입금액[천불]","천불","0","0","0","0","0","0","0","0","0","0","0","0","0","0","0","0","0","0","0","0","0","0","0","0","1","0","0","0","0","0","0",
"세인트 피레 미켈론","무역수지[천불]","천불","0","0","0","0","0","0","0","0","0","0","0","0","0","0","0","0","0","0","0","0","0","0","0","0","-1","0","0","0","0","1","0",
"캔톤아일랜드","수출금액[천불]","천불","0","0","0","0","0","0","0","0","0","0","0","0","0","0","0","0","0","0","0","0","0","0","0","0","0","0","0","0","0","0","0",
"캔톤아일랜드","수입금액[천불]","천불","0","0","0","0","0","0","0","0","0","0","0","0","0","0","0","0","0","0","0","0","0","0","0","0","0","0","0","0","0","0","0",
"캔톤아일랜드","무역수지[천불]","천불","0","0","0","0","0","0","0","0","0","0","0","0","0","0","0","0","0","0","0","0","0","0","0","0","0","0","0","0","0","0","0",
"스발비드 군도","수출금액[천불]","천불","0","0","0","0","0","0","0","0","0","0","0","0","0","0","0","0","0","0","0","0","0","0","0","0","0","0","0","0","0","0","0",
"스발비드 군도","수입금액[천불]","천불","0","0","0","0","0","0","0","0","0","0","0","0","0","0","0","0","0","0","0","0","0","0","0","0","0","0","0","0","0","0","0",
"스발비드 군도","무역수지[천불]","천불","0","0","0","0","0","0","0","0","0","0","0","0","0","0","0","0","0","0","0","0","0","0","0","0","0","0","0","0","0","0","0",
"보네르 신트외스타티위스","수출금액[천불]","천불","1","0","0","0","0","0","0","0","0","0","0","0","0","0","0","0","0","15","0","39","2","0","40","0","0","129","43","43","0","8","0",
"보네르 신트외스타티위스","수입금액[천불]","천불","0","0","0","0","0","0","0","0","0","0","0","1","8","1","0","0","0","0","0","0","0","0","0","0","0","0","0","0","0","0","3",
"보네르 신트외스타티위스","무역수지[천불]","천불","1","0","0","0","0","0","0","0","0","0","0","-1","-8","-1","0","0","0","15","0","39","2","0","40","0","0","129","43","43","0","8","-3",
"세인트마틴(생마르탱)","수출금액[천불]","천불","77","1","11","29","80","33","70","21","0","1","16","74","8","9","7","13","21","26","370","2","1","368","11","6","311","38","157","2","230","131","1009",
"세인트마틴(생마르탱)","수입금액[천불]","천불","0","0","0","0","0","0","0","0","0","0","0","0","0","0","0","0","0","0","0","0","0","0","0","0","0","0","0","0","0","0","0",
"세인트마틴(생마르탱)","무역수지[천불]","천불","77","1","11","29","80","33","70","21","0","1","16","74","8","9","7","13","21","26","369","2","1","368","11","6","311","38","157","2","230","131","1009",
"건지","수출금액[천불]","천불","7","2","7","0","0","0","5","0","0","3","1","1","0","3","0","1","4","1","1","1","3","1","7","5","1","0","0","10","1","1","0",
"건지","수입금액[천불]","천불","2","2","9","0","5","3","2","2","0","0","0","0","0","1","0","0","0","2","0","0","0","42","0","6","0","0","0","0","0","0","0",
"건지","무역수지[천불]","천불","5","0","-2","0","-5","-3","2","-2","0","3","1","0","0","1","0","1","4","-1","1","1","3","-41","7","-1","1","0","0","10","0","1","0",
"웨이크 아일랜드","수출금액[천불]","천불","0","0","0","0","0","0","0","0","0","0","0","0","0","0","0","0","0","0","0","0","0","0","0","0","0","0","0","0","0","0","0",
"웨이크 아일랜드","수입금액[천불]","천불","0","0","0","0","0","0","0","0","0","0","0","0","0","0","0","0","0","0","0","0","0","0","0","0","0","0","0","0","0","0","0",
"웨이크 아일랜드","무역수지[천불]","천불","0","0","0","0","0","0","0","0","0","0","0","0","0","0","0","0","0","0","0","0","0","0","0","0","0","0","0","0","0","0","0",
"존스톤 아일랜드","수출금액[천불]","천불","0","0","0","0","0","0","0","0","0","0","0","0","0","0","0","0","0","0","0","0","0","0","0","0","0","0","0","0","0","0","0",
"존스톤 아일랜드","수입금액[천불]","천불","0","0","0","0","0","0","0","0","0","0","0","0","0","0","0","0","0","0","0","0","0","0","0","0","0","0","0","0","0","0","0",
"존스톤 아일랜드","무역수지[천불]","천불","0","0","0","0","0","0","0","0","0","0","0","0","0","0","0","0","0","0","0","0","0","0","0","0","0","0","0","0","0","0","0",
"저어지","수출금액[천불]","천불","0","1","0","0","42","1","0","0","0","0","0","1","0","0","0","0","0","0","1","0","0","0","0","0","0","0","0","0","0","0","1",
"저어지","수입금액[천불]","천불","0","0","0","0","2","0","0","0","0","0","0","1","0","0","0","0","0","0","2","0","0","0","1","0","0","0","2","1","0","0","4",
"저어지","무역수지[천불]","천불","0","1","0","0","40","0","0","0","0","0","0","0","0","0","0","0","0","0","0","0","0","0","-1","0","0","0","-1","-1","0","0","-3",
"니우에","수출금액[천불]","천불","0","0","0","0","0","0","0","0","0","0","0","0","0","0","0","0","0","0","0","0","0","0","0","0","0","0","0","0","0","0","0",
"니우에","수입금액[천불]","천불","32","0","0","0","3","20","10","1","7","58","0","3","0","0","101","21","7","6","62","10","3","2","6","13","11","42","12","117","9","3","54",
"니우에","무역수지[천불]","천불","-32","0","0","0","-3","-20","-10","-1","-7","-58","0","-3","0","0","-101","-21","-7","-6","-62","-10","-3","-2","-6","-13","-11","-42","-12","-117","-9","-3","-54",
"미드웨이 군도","수출금액[천불]","천불","0","0","0","0","0","0","0","0","0","0","0","0","0","0","0","0","0","0","0","0","0","0","0","0","0","0","0","0","0","0","0",
"미드웨이 군도","수입금액[천불]","천불","0","0","0","0","0","0","0","0","0","0","0","0","0","0","0","0","0","0","0","0","0","0","0","0","0","0","0","0","0","0","0",
"미드웨이 군도","무역수지[천불]","천불","0","0","0","0","0","0","0","0","0","0","0","0","0","0","0","0","0","0","0","0","0","0","0","0","0","0","0","0","0","0","0",
"알랜드 군도","수출금액[천불]","천불","0","0","0","0","0","0","0","0","0","0","0","4","0","0","0","0","0","0","0","0","0","0","0","0","0","0","0","0","0","0","0",
"알랜드 군도","수입금액[천불]","천불","0","0","0","0","0","5","0","0","0","0","0","0","0","0","0","0","0","0","0","0","0","0","0","0","0","0","0","0","0","0","0",
"알랜드 군도","무역수지[천불]","천불","0","0","0","0","0","-5","0","0","0","0","0","4","0","0","0","0","0","0","0","0","0","0","0","0","0","0","0","0","0","0","0",
"해외교포","수출금액[천불]","천불","0","0","0","0","0","0","0","0","0","0","0","0","0","0","0","0","0","0","0","0","0","0","0","0","0","0","0","0","0","0","0",
"해외교포","수입금액[천불]","천불","0","0","0","0","0","0","0","0","0","0","0","0","0","0","0","0","2","0","0","0","0","0","0","0","0","0","0","0","0","0","0",
"해외교포","무역수지[천불]","천불","0","0","0","0","0","0","0","0","0","0","0","0","0","0","0","0","-2","0","0","0","0","0","0","0","0","0","0","0","0","0","0",
"자이르","수출금액[천불]","천불","0","0","0","0","0","0","0","0","0","0","0","0","0","0","0","0","0","0","0","0","0","0","0","0","0","0","0","0","0","0","0",
"자이르","수입금액[천불]","천불","0","0","0","0","0","0","0","0","0","0","0","0","0","0","0","0","0","0","0","0","0","0","0","0","0","0","0","0","0","0","0",
"자이르","무역수지[천불]","천불","0","0","0","0","0","0","0","0","0","0","0","0","0","0","0","0","0","0","0","0","0","0","0","0","0","0","0","0","0","0","0",
